book,bookLabel,author,authorLabel,genreLabel,pubDate,publisherLabel
http://www.wikidata.org/entity/Q603705,...Яко помниши его,http://www.wikidata.org/entity/Q34981,Айзек Азимов,научная фантастика,1974-05-01T00:00:00Z,
http://www.wikidata.org/entity/Q427110,Пересадочная станция,http://www.wikidata.org/entity/Q294625,Клиффорд Дональд Саймак,научная фантастика,1963-06-01T00:00:00Z,Doubleday
http://www.wikidata.org/entity/Q1114499,Пасынки Вселенной,http://www.wikidata.org/entity/Q123078,Роберт Хайнлайн,научная фантастика,1963-01-01T00:00:00Z,Victor Gollancz
http://www.wikidata.org/entity/Q617357,Убик,http://www.wikidata.org/entity/Q171091,Филип Дик,научная фантастика,1969-01-01T00:00:00Z,Doubleday
http://www.wikidata.org/entity/Q388200,The Bloody Sun,http://www.wikidata.org/entity/Q465179,Мэрион Зиммер Брэдли,научная фантастика,1964-01-01T00:00:00Z,Ace Books
http://www.wikidata.org/entity/Q194619,Плоть,http://www.wikidata.org/entity/Q296256,Филип Хосе Фармер,научная фантастика,1960-01-01T00:00:00Z,
http://www.wikidata.org/entity/Q117431,Ада,http://www.wikidata.org/entity/Q36591,Владимир Владимирович Набоков,научная фантастика,1969-01-01T00:00:00Z,McGraw Hill Book Company
http://www.wikidata.org/entity/Q1138582,Трансмиграция Тимоти Арчера,http://www.wikidata.org/entity/Q171091,Филип Дик,научная фантастика,1982-03-01T00:00:00Z,Timescape Books
http://www.wikidata.org/entity/Q224965,Гримус,http://www.wikidata.org/entity/Q44306,Салман Рушди,научная фантастика,1975-01-01T00:00:00Z,Victor Gollancz
http://www.wikidata.org/entity/Q437383,Мессия Дюны,http://www.wikidata.org/entity/Q7934,Фрэнк Герберт,научная фантастика,1969-01-01T00:00:00Z,G. P. Putnam's Sons
http://www.wikidata.org/entity/Q537659,АРМ,http://www.wikidata.org/entity/Q316610,Ларри Нивен,научная фантастика,1975-11-01T00:00:00Z,
http://www.wikidata.org/entity/Q282814,Капитул Дюны,http://www.wikidata.org/entity/Q7934,Фрэнк Герберт,научная фантастика,1985-03-01T00:00:00Z,
http://www.wikidata.org/entity/Q372894,Час Быка,http://www.wikidata.org/entity/Q54828,Иван Антонович Ефремов,научная фантастика,1970-01-01T00:00:00Z,Молодая гвардия
http://www.wikidata.org/entity/Q1928866,Схизматрица,http://www.wikidata.org/entity/Q312995,Брюс Стерлинг,научная фантастика,1985-06-01T00:00:00Z,Arbor House
http://www.wikidata.org/entity/Q1212160,Радуга тяготения,http://www.wikidata.org/entity/Q35155,Томас Пинчон,научная фантастика,1973-02-28T00:00:00Z,Penguin Books
http://www.wikidata.org/entity/Q389750,Сами боги,http://www.wikidata.org/entity/Q34981,Айзек Азимов,научная фантастика,1972-01-01T00:00:00Z,Doubleday
http://www.wikidata.org/entity/Q1760824,Повелительница ястреба,http://www.wikidata.org/entity/Q465179,Мэрион Зиммер Брэдли,научная фантастика,1982-09-01T00:00:00Z,DAW Books
http://www.wikidata.org/entity/Q538742,За синим горизонтом событий,http://www.wikidata.org/entity/Q312641,Фредерик Пол,научная фантастика,1980-02-01T00:00:00Z,Del Rey Books
http://www.wikidata.org/entity/Q1131423,Бегство Логана,http://www.wikidata.org/entity/Q325422,Джордж Клейтон Джонсон,научная фантастика,1967-01-01T00:00:00Z,Dial Press
http://www.wikidata.org/entity/Q1973586,Хозяева драконов,http://www.wikidata.org/entity/Q312632,Джек Вэнс,научная фантастика,1962-08-01T00:00:00Z,Ace Books
http://www.wikidata.org/entity/Q853427,The Belonging Kind,http://www.wikidata.org/entity/Q188987,Уильям Гибсон,научная фантастика,1981-01-01T00:00:00Z,
http://www.wikidata.org/entity/Q1083082,The Atrocity Exhibition,http://www.wikidata.org/entity/Q140201,Джеймс Баллард,научная фантастика,1970-01-01T00:00:00Z,Doubleday
http://www.wikidata.org/entity/Q1212160,Радуга тяготения,http://www.wikidata.org/entity/Q35155,Томас Пинчон,научная фантастика,1973-02-28T00:00:00Z,Bantam Books
http://www.wikidata.org/entity/Q651225,Лучший друг,http://www.wikidata.org/entity/Q34981,Айзек Азимов,научная фантастика,1975-01-01T00:00:00Z,
http://www.wikidata.org/entity/Q1760447,Thendara House,http://www.wikidata.org/entity/Q465179,Мэрион Зиммер Брэдли,научная фантастика,1983-09-01T00:00:00Z,DAW Books
http://www.wikidata.org/entity/Q190192,Дюна,http://www.wikidata.org/entity/Q7934,Фрэнк Герберт,научная фантастика,1965-01-01T00:00:00Z,Debolsillo
http://www.wikidata.org/entity/Q375206,Создатели богов,http://www.wikidata.org/entity/Q7934,Фрэнк Герберт,научная фантастика,1972-01-01T00:00:00Z,G. P. Putnam's Sons
http://www.wikidata.org/entity/Q296178,Ecotopia,http://www.wikidata.org/entity/Q1356272,Ernest Callenbach,научная фантастика,1975-01-01T00:00:00Z,
http://www.wikidata.org/entity/Q1138060,Страна смеха,http://www.wikidata.org/entity/Q727079,Джонатан Кэрролл,научная фантастика,1980-01-01T00:00:00Z,Viking Press
http://www.wikidata.org/entity/Q471741,Молот Люцифера,http://www.wikidata.org/entity/Q578031,Джерри Пурнель,научная фантастика,1977-01-01T00:00:00Z,
http://www.wikidata.org/entity/Q831493,Истинная любовь,http://www.wikidata.org/entity/Q34981,Айзек Азимов,научная фантастика,1977-01-01T00:00:00Z,
http://www.wikidata.org/entity/Q1059371,"Музыка, звучащая в крови",http://www.wikidata.org/entity/Q317491,Грег Бир,научная фантастика,1985-04-01T00:00:00Z,Arbor House
http://www.wikidata.org/entity/Q437353,Еретики Дюны,http://www.wikidata.org/entity/Q7934,Фрэнк Герберт,научная фантастика,1984-03-01T00:00:00Z,G. P. Putnam's Sons
http://www.wikidata.org/entity/Q1120699,Координаты чудес,http://www.wikidata.org/entity/Q333246,Роберт Шекли,научная фантастика,1968-01-01T00:00:00Z,
http://www.wikidata.org/entity/Q896997,Реставратор Галактики,http://www.wikidata.org/entity/Q171091,Филип Дик,научная фантастика,1969-01-01T00:00:00Z,Berkley Books
http://www.wikidata.org/entity/Q1042294,"Всего хорошего, и спасибо за рыбу!",http://www.wikidata.org/entity/Q42,Дуглас Адамс,научная фантастика,1984-01-01T00:00:00Z,
http://www.wikidata.org/entity/Q516848,Боги Мира Реки,http://www.wikidata.org/entity/Q296256,Филип Хосе Фармер,научная фантастика,1983-08-01T00:00:00Z,G. P. Putnam's Sons
http://www.wikidata.org/entity/Q1090238,"Время, назад",http://www.wikidata.org/entity/Q171091,Филип Дик,научная фантастика,1967-01-01T00:00:00Z,Berkley Books
http://www.wikidata.org/entity/Q190192,Дюна,http://www.wikidata.org/entity/Q7934,Фрэнк Герберт,научная фантастика,1965-01-01T00:00:00Z,Chilton Company
http://www.wikidata.org/entity/Q662029,Нейромант,http://www.wikidata.org/entity/Q188987,Уильям Гибсон,научная фантастика,1984-07-01T00:00:00Z,Ace Books
http://www.wikidata.org/entity/Q437365,Дети Дюны,http://www.wikidata.org/entity/Q7934,Фрэнк Герберт,научная фантастика,1976-04-01T00:00:00Z,G. P. Putnam's Sons
http://www.wikidata.org/entity/Q1083082,The Atrocity Exhibition,http://www.wikidata.org/entity/Q140201,Джеймс Баллард,научная фантастика,1970-01-01T00:00:00Z,Jonathan Cape
http://www.wikidata.org/entity/Q578895,Ресторан «У конца Вселенной»,http://www.wikidata.org/entity/Q42,Дуглас Адамс,научная фантастика,1980-01-01T00:00:00Z,
http://www.wikidata.org/entity/Q1723311,Поле боя — Земля,http://www.wikidata.org/entity/Q216896,Лафайет Рональд Хаббард,научная фантастика,1982-01-01T00:00:00Z,Bridge Publications
http://www.wikidata.org/entity/Q1131423,Бегство Логана,http://www.wikidata.org/entity/Q2578761,Уильям Ф. Нолан,научная фантастика,1967-01-01T00:00:00Z,Dial Press
http://www.wikidata.org/entity/Q1114487,Обман Инкорпорейтед,http://www.wikidata.org/entity/Q171091,Филип Дик,научная фантастика,1966-01-01T00:00:00Z,Ace Books
http://www.wikidata.org/entity/Q1083082,The Atrocity Exhibition,http://www.wikidata.org/entity/Q140201,Джеймс Баллард,научная фантастика,1970-01-01T00:00:00Z,Grove Press
http://www.wikidata.org/entity/Q1215430,Bedlam Planet,http://www.wikidata.org/entity/Q378807,Джон Браннер,научная фантастика,1968-04-01T00:00:00Z,
http://www.wikidata.org/entity/Q384160,Долгая прогулка,http://www.wikidata.org/entity/Q39829,Стивен Кинг,научная фантастика,1979-07-01T00:00:00Z,New American Library
http://www.wikidata.org/entity/Q780585,A Planet Called Treason,http://www.wikidata.org/entity/Q217110,Орсон Скотт Кард,научная фантастика,1979-07-01T00:00:00Z,St. Martin's Press
http://www.wikidata.org/entity/Q747087,Двенадцать румбов ветра,http://www.wikidata.org/entity/Q181659,Урсула Крёбер Ле Гуин,научная фантастика,1975-01-01T00:00:00Z,
http://www.wikidata.org/entity/Q1106283,Духовное ружье,http://www.wikidata.org/entity/Q171091,Филип Дик,научная фантастика,1967-01-01T00:00:00Z,Jove Books
http://www.wikidata.org/entity/Q438247,Континуум Гернсбека,http://www.wikidata.org/entity/Q188987,Уильям Гибсон,научная фантастика,1981-01-01T00:00:00Z,
http://www.wikidata.org/entity/Q438247,Континуум Гернсбека,http://www.wikidata.org/entity/Q188987,Уильям Гибсон,научная фантастика,1981-06-01T00:00:00Z,
http://www.wikidata.org/entity/Q547210,Последний защитник Камелота,http://www.wikidata.org/entity/Q295406,Роджер Желязны,научная фантастика,1980-01-01T00:00:00Z,Pocket Books
http://www.wikidata.org/entity/Q1059912,Симулякры,http://www.wikidata.org/entity/Q171091,Филип Дик,научная фантастика,1964-01-01T00:00:00Z,Ace Books
http://www.wikidata.org/entity/Q1723311,Поле боя — Земля,http://www.wikidata.org/entity/Q216896,Лафайет Рональд Хаббард,научная фантастика,1982-01-01T00:00:00Z,St. Martin's Press
http://www.wikidata.org/entity/Q286725,Симулакрон-3,http://www.wikidata.org/entity/Q1160619,Дэниэл Ф. Галуйе,научная фантастика,1964-07-01T00:00:00Z,Bantam Books
http://www.wikidata.org/entity/Q1083082,The Atrocity Exhibition,http://www.wikidata.org/entity/Q140201,Джеймс Баллард,научная фантастика,1970-01-01T00:00:00Z,RE/Search
http://www.wikidata.org/entity/Q664034,Двери в песке,http://www.wikidata.org/entity/Q295406,Роджер Желязны,научная фантастика,1976-03-01T00:00:00Z,
http://www.wikidata.org/entity/Q749783,Человек в высоком замке,http://www.wikidata.org/entity/Q171091,Филип Дик,научная фантастика,1962-10-01T00:00:00Z,
http://www.wikidata.org/entity/Q135165,Умирающий свет,http://www.wikidata.org/entity/Q181677,Джордж Р. Р. Мартин,научная фантастика,1977-04-01T00:00:00Z,
http://www.wikidata.org/entity/Q471741,Молот Люцифера,http://www.wikidata.org/entity/Q316610,Ларри Нивен,научная фантастика,1977-01-01T00:00:00Z,
http://www.wikidata.org/entity/Q1032182,Что может быть проще времени?,http://www.wikidata.org/entity/Q294625,Клиффорд Дональд Саймак,научная фантастика,1961-01-01T00:00:00Z,Doubleday
http://www.wikidata.org/entity/Q591997,Предпоследняя правда,http://www.wikidata.org/entity/Q171091,Филип Дик,научная фантастика,1964-01-01T00:00:00Z,Belmont Books
http://www.wikidata.org/entity/Q835341,2001: Космическая одиссея,http://www.wikidata.org/entity/Q47087,Артур Чарльз Кларк,научная фантастика,1968-01-01T00:00:00Z,
http://www.wikidata.org/entity/Q832020,Точка зрения,http://www.wikidata.org/entity/Q34981,Айзек Азимов,научная фантастика,1975-01-01T00:00:00Z,
http://www.wikidata.org/entity/Q923895,Совершенный робот,http://www.wikidata.org/entity/Q34981,Айзек Азимов,научная фантастика,1982-01-01T00:00:00Z,Doubleday
http://www.wikidata.org/entity/Q831807,Заминка на праздновании Трехсотлетия,http://www.wikidata.org/entity/Q34981,Айзек Азимов,научная фантастика,1976-01-01T00:00:00Z,
http://www.wikidata.org/entity/Q786025,Фонтаны рая,http://www.wikidata.org/entity/Q47087,Артур Чарльз Кларк,научная фантастика,1979-01-01T00:00:00Z,Victor Gollancz
http://www.wikidata.org/entity/Q371975,Барьер Сантароги,http://www.wikidata.org/entity/Q7934,Фрэнк Герберт,научная фантастика,1968-01-01T00:00:00Z,Berkley Books
http://www.wikidata.org/entity/Q467720,Обделённые,http://www.wikidata.org/entity/Q181659,Урсула Крёбер Ле Гуин,научная фантастика,1974-05-01T00:00:00Z,
http://www.wikidata.org/entity/Q1704114,Глазам дано не только видеть,http://www.wikidata.org/entity/Q34981,Айзек Азимов,научная фантастика,1965-04-01T00:00:00Z,
http://www.wikidata.org/entity/Q605249,Мечтают ли андроиды об электроовцах?,http://www.wikidata.org/entity/Q171091,Филип Дик,научная фантастика,1968-01-01T00:00:00Z,
http://www.wikidata.org/entity/Q598315,Змея сновидений,http://www.wikidata.org/entity/Q242162,Вонда Макинтайр,научная фантастика,1978-03-01T00:00:00Z,Houghton Mifflin Harcourt
http://www.wikidata.org/entity/Q1125771,Конго,http://www.wikidata.org/entity/Q172140,Майкл Крайтон,научная фантастика,1980-11-12T00:00:00Z,Alfred A. Knopf
http://www.wikidata.org/entity/Q1751584,Последняя база,http://www.wikidata.org/entity/Q234030,Кэролайн Черри,научная фантастика,1981-02-01T00:00:00Z,DAW Books
http://www.wikidata.org/entity/Q831520,Странник в раю,http://www.wikidata.org/entity/Q34981,Айзек Азимов,научная фантастика,1974-01-01T00:00:00Z,
http://www.wikidata.org/entity/Q353231,На волне шока,http://www.wikidata.org/entity/Q378807,Джон Браннер,научная фантастика,1975-03-01T00:00:00Z,Harper
http://www.wikidata.org/entity/Q440784,Роботы зари,http://www.wikidata.org/entity/Q34981,Айзек Азимов,научная фантастика,1983-01-01T00:00:00Z,
http://www.wikidata.org/entity/Q721,"Жизнь, Вселенная и всё остальное",http://www.wikidata.org/entity/Q42,Дуглас Адамс,научная фантастика,1982-08-01T00:00:00Z,Pan Books
http://www.wikidata.org/entity/Q831586,Женская интуиция,http://www.wikidata.org/entity/Q34981,Айзек Азимов,научная фантастика,1969-10-01T00:00:00Z,
http://www.wikidata.org/entity/Q1958175,Вист: Аластор 1716,http://www.wikidata.org/entity/Q312632,Джек Вэнс,научная фантастика,1978-01-01T00:00:00Z,DAW Books
http://www.wikidata.org/entity/Q401619,Бог-император Дюны,http://www.wikidata.org/entity/Q7934,Фрэнк Герберт,научная фантастика,1981-05-01T00:00:00Z,G. P. Putnam's Sons
http://www.wikidata.org/entity/Q437793,Друг моего врага,http://www.wikidata.org/entity/Q171091,Филип Дик,научная фантастика,1970-01-01T00:00:00Z,
http://www.wikidata.org/entity/Q1148208,Чоки,http://www.wikidata.org/entity/Q313673,Джон Уиндем,научная фантастика,1968-01-01T00:00:00Z,Michael Joseph
http://www.wikidata.org/entity/Q721,"Жизнь, Вселенная и всё остальное",http://www.wikidata.org/entity/Q42,Дуглас Адамс,научная фантастика,1982-08-01T00:00:00Z,Harmony Books
http://www.wikidata.org/entity/Q1189364,Всевышнее вторжение,http://www.wikidata.org/entity/Q171091,Филип Дик,научная фантастика,1981-06-01T00:00:00Z,Simon & Schuster
http://www.wikidata.org/entity/Q149552,Противостояние,http://www.wikidata.org/entity/Q39829,Стивен Кинг,научная фантастика,1978-09-01T00:00:00Z,Doubleday
http://www.wikidata.org/entity/Q128506,Долгий джонт,http://www.wikidata.org/entity/Q39829,Стивен Кинг,научная фантастика,1981-01-01T00:00:00Z,
http://www.wikidata.org/entity/Q1056887,The War with the Fnools,http://www.wikidata.org/entity/Q171091,Филип Дик,научная фантастика,1964-01-01T00:00:00Z,
http://www.wikidata.org/entity/Q1134830,Меж двух времён,http://www.wikidata.org/entity/Q115674,Уолтер Брейден Финней,научная фантастика,1970-01-01T00:00:00Z,Simon & Schuster
http://www.wikidata.org/entity/Q1132953,Книга черепов,http://www.wikidata.org/entity/Q314553,Роберт Силверберг,научная фантастика,1971-12-01T00:00:00Z,Charles Scribner's Sons
http://www.wikidata.org/entity/Q738342,Hegira,http://www.wikidata.org/entity/Q317491,Грег Бир,научная фантастика,1979-01-01T00:00:00Z,
http://www.wikidata.org/entity/Q132062,Резец небесный,http://www.wikidata.org/entity/Q181659,Урсула Крёбер Ле Гуин,научная фантастика,1971-03-01T00:00:00Z,
http://www.wikidata.org/entity/Q429159,Венера плюс икс,http://www.wikidata.org/entity/Q240253,Теодор Старджон,научная фантастика,1960-09-01T00:00:00Z,Jove Books
http://www.wikidata.org/entity/Q576737,The Guardians,http://www.wikidata.org/entity/Q552025,Джон Кристофер,научная фантастика,1970-01-01T00:00:00Z,
http://www.wikidata.org/entity/Q600821,Книга грёз,http://www.wikidata.org/entity/Q312632,Джек Вэнс,научная фантастика,1981-01-01T00:00:00Z,
http://www.wikidata.org/entity/Q466790,Мёртвая зона,http://www.wikidata.org/entity/Q39829,Стивен Кинг,научная фантастика,1979-08-16T00:00:00Z,Viking Press
http://www.wikidata.org/entity/Q734976,Князь Света,http://www.wikidata.org/entity/Q295406,Роджер Желязны,научная фантастика,1967-01-01T00:00:00Z,Doubleday
http://www.wikidata.org/entity/Q674586,Джонни-мнемоник,http://www.wikidata.org/entity/Q188987,Уильям Гибсон,научная фантастика,1981-05-01T00:00:00Z,
http://www.wikidata.org/entity/Q462560,Игроки с Титана,http://www.wikidata.org/entity/Q171091,Филип Дик,научная фантастика,1963-01-01T00:00:00Z,Ace Books
http://www.wikidata.org/entity/Q41359,Колыбель для кошки,http://www.wikidata.org/entity/Q49074,Курт Воннегут,научная фантастика,1963-01-01T00:00:00Z,
http://www.wikidata.org/entity/Q265954,"Бойня номер пять, или Крестовый поход детей",http://www.wikidata.org/entity/Q49074,Курт Воннегут,научная фантастика,1969-03-01T00:00:00Z,Dell Publishing
http://www.wikidata.org/entity/Q1212739,Степфордские жёны,http://www.wikidata.org/entity/Q317631,Айра Левин,научная фантастика,1972-09-01T00:00:00Z,Random House
http://www.wikidata.org/entity/Q1217469,Transit,http://www.wikidata.org/entity/Q1286138,Эдмунд Купер,научная фантастика,1964-01-01T00:00:00Z,
http://www.wikidata.org/entity/Q832023,Думай!,http://www.wikidata.org/entity/Q34981,Айзек Азимов,научная фантастика,1977-01-01T00:00:00Z,
http://www.wikidata.org/entity/Q1748976,Зелёный мозг,http://www.wikidata.org/entity/Q7934,Фрэнк Герберт,научная фантастика,1966-01-01T00:00:00Z,Ace Books
http://www.wikidata.org/entity/Q751752,Встреча с Хичи,http://www.wikidata.org/entity/Q312641,Фредерик Пол,научная фантастика,1984-05-01T00:00:00Z,Del Rey Books
http://www.wikidata.org/entity/Q466253,Лабиринт смерти,http://www.wikidata.org/entity/Q171091,Филип Дик,научная фантастика,1970-01-01T00:00:00Z,
http://www.wikidata.org/entity/Q766404,Порог между мирами,http://www.wikidata.org/entity/Q171091,Филип Дик,научная фантастика,1966-01-01T00:00:00Z,Ace Books
http://www.wikidata.org/entity/Q1096044,The Incredible Tide,http://www.wikidata.org/entity/Q905100,Александр Ки,научная фантастика,1970-01-01T00:00:00Z,
http://www.wikidata.org/entity/Q816016,Игра Эндера,http://www.wikidata.org/entity/Q217110,Орсон Скотт Кард,научная фантастика,1985-01-01T00:00:00Z,Tor Books
http://www.wikidata.org/entity/Q785091,Мы вас построим,http://www.wikidata.org/entity/Q171091,Филип Дик,научная фантастика,1972-01-01T00:00:00Z,
http://www.wikidata.org/entity/Q377230,Роботы и Империя,http://www.wikidata.org/entity/Q34981,Айзек Азимов,научная фантастика,1985-09-01T00:00:00Z,
http://www.wikidata.org/entity/Q208461,1985,http://www.wikidata.org/entity/Q217619,Энтони Бёрджесс,научная фантастика,1978-01-01T00:00:00Z,Hutchinson
http://www.wikidata.org/entity/Q467225,Почтальон,http://www.wikidata.org/entity/Q315069,Дэвид Брин,научная фантастика,1985-11-01T00:00:00Z,
http://www.wikidata.org/entity/Q901356,Подвиньтесь! Подвиньтесь!,http://www.wikidata.org/entity/Q489193,Гарри Гаррисон,научная фантастика,1966-01-01T00:00:00Z,Doubleday
http://www.wikidata.org/entity/Q874492,"Пролейтесь, слёзы...",http://www.wikidata.org/entity/Q171091,Филип Дик,научная фантастика,1974-02-01T00:00:00Z,Doubleday
http://www.wikidata.org/entity/Q1138582,Трансмиграция Тимоти Арчера,http://www.wikidata.org/entity/Q171091,Филип Дик,научная фантастика,1982-03-01T00:00:00Z,Simon & Schuster
http://www.wikidata.org/entity/Q1150125,Пыточных дел мастер,http://www.wikidata.org/entity/Q361149,Джин Вулф,научная фантастика,1980-05-01T00:00:00Z,Simon & Schuster
http://www.wikidata.org/entity/Q741013,Контакт,http://www.wikidata.org/entity/Q410,Карл Эдвард Саган,научная фантастика,1985-09-01T00:00:00Z,
http://www.wikidata.org/entity/Q460759,Rautavaara's Case,http://www.wikidata.org/entity/Q171091,Филип Дик,научная фантастика,1980-10-01T00:00:00Z,
http://www.wikidata.org/entity/Q853427,The Belonging Kind,http://www.wikidata.org/entity/Q1346126,Джон Ширли,научная фантастика,1981-01-01T00:00:00Z,
http://www.wikidata.org/entity/Q788777,Завтрак для чемпионов,http://www.wikidata.org/entity/Q49074,Курт Воннегут,научная фантастика,1973-01-01T00:00:00Z,Dell Publishing
http://www.wikidata.org/entity/Q831556,Зеркальное отражение,http://www.wikidata.org/entity/Q34981,Айзек Азимов,научная фантастика,1972-01-01T00:00:00Z,
http://www.wikidata.org/entity/Q651682,Врата,http://www.wikidata.org/entity/Q312641,Фредерик Пол,научная фантастика,1976-11-01T00:00:00Z,St. Martin's Press
http://www.wikidata.org/entity/Q468132,Двухсотлетний человек,http://www.wikidata.org/entity/Q34981,Айзек Азимов,научная фантастика,1976-02-01T00:00:00Z,
http://www.wikidata.org/entity/Q128324,Врата Анубиса,http://www.wikidata.org/entity/Q363810,Тим Пауэрс,научная фантастика,1983-12-01T00:00:00Z,
http://www.wikidata.org/entity/Q588035,Планета изгнания,http://www.wikidata.org/entity/Q181659,Урсула Крёбер Ле Гуин,научная фантастика,1966-10-01T00:00:00Z,Ace Books
http://www.wikidata.org/entity/Q465801,Световирши,http://www.wikidata.org/entity/Q34981,Айзек Азимов,научная фантастика,1973-01-01T00:00:00Z,
http://www.wikidata.org/entity/Q1747536,Город кешей,http://www.wikidata.org/entity/Q312632,Джек Вэнс,научная фантастика,1968-01-01T00:00:00Z,Ace Books
http://www.wikidata.org/entity/Q1168810,House of Stairs,http://www.wikidata.org/entity/Q1515266,William Sleator,научная фантастика,1974-01-01T00:00:00Z,Dutton
http://www.wikidata.org/entity/Q828031,Воспламеняющая взглядом,http://www.wikidata.org/entity/Q39829,Стивен Кинг,научная фантастика,1980-09-29T00:00:00Z,Viking Press
http://www.wikidata.org/entity/Q653150,Поиск,http://www.wikidata.org/entity/Q220883,Пол Уильям Андерсон,научная фантастика,1983-01-01T00:00:00Z,Арес
http://www.wikidata.org/entity/Q513036,Штамм «Андромеда»,http://www.wikidata.org/entity/Q172140,Майкл Крайтон,научная фантастика,1969-05-12T00:00:00Z,
http://www.wikidata.org/entity/Q1163516,Сердце Змеи,http://www.wikidata.org/entity/Q54828,Иван Антонович Ефремов,научная фантастика,1962-01-01T00:00:00Z,Правда
http://www.wikidata.org/entity/Q782075,Снежная королева,http://www.wikidata.org/entity/Q268371,Джоан Виндж,научная фантастика,1980-04-01T00:00:00Z,Dial Press
http://www.wikidata.org/entity/Q1708598,Чтобы мы не помнили,http://www.wikidata.org/entity/Q34981,Айзек Азимов,научная фантастика,1982-01-01T00:00:00Z,
http://www.wikidata.org/entity/Q745250,Dangerous Visions,http://www.wikidata.org/entity/Q311253,Харлан Эллисон,научная фантастика,1967-01-01T00:00:00Z,
http://www.wikidata.org/entity/Q661438,Отсев,http://www.wikidata.org/entity/Q34981,Айзек Азимов,научная фантастика,1976-01-01T00:00:00Z,
http://www.wikidata.org/entity/Q25551,Бегущий человек,http://www.wikidata.org/entity/Q39829,Стивен Кинг,научная фантастика,1982-05-01T00:00:00Z,New American Library
http://www.wikidata.org/entity/Q1055813,Эон,http://www.wikidata.org/entity/Q317491,Грег Бир,научная фантастика,1985-08-01T00:00:00Z,
http://www.wikidata.org/entity/Q741222,Свидание с Рамой,http://www.wikidata.org/entity/Q47087,Артур Чарльз Кларк,научная фантастика,1973-06-01T00:00:00Z,
http://www.wikidata.org/entity/Q2356615,Вертикальный мир,http://www.wikidata.org/entity/Q314553,Роберт Силверберг,научная фантастика,1971-07-01T00:00:00Z,
http://www.wikidata.org/entity/Q2652159,Удар Ступнёй,http://www.wikidata.org/entity/Q578031,Джерри Пурнель,научная фантастика,1985-05-12T00:00:00Z,Del Rey Books
http://www.wikidata.org/entity/Q2419461,Остров,http://www.wikidata.org/entity/Q81447,Олдос Хаксли,научная фантастика,1962-01-01T00:00:00Z,
http://www.wikidata.org/entity/Q2996937,Знак Единорога,http://www.wikidata.org/entity/Q295406,Роджер Желязны,научная фантастика,1975-02-01T00:00:00Z,Doubleday
http://www.wikidata.org/entity/Q2188666,Этот идеальный день,http://www.wikidata.org/entity/Q317631,Айра Левин,научная фантастика,1970-01-01T00:00:00Z,Random House
http://www.wikidata.org/entity/Q1463723,Shikasta,http://www.wikidata.org/entity/Q40874,Дорис Лессинг,научная фантастика,1979-01-01T00:00:00Z,Alfred A. Knopf
http://www.wikidata.org/entity/Q2307397,"У меня нет рта, но я должен кричать",http://www.wikidata.org/entity/Q311253,Харлан Эллисон,научная фантастика,1967-03-01T00:00:00Z,
http://www.wikidata.org/entity/Q929608,Кланы Альфанской луны,http://www.wikidata.org/entity/Q171091,Филип Дик,научная фантастика,1964-01-01T00:00:00Z,Ace Books
http://www.wikidata.org/entity/Q2741407,Белая чума,http://www.wikidata.org/entity/Q7934,Фрэнк Герберт,научная фантастика,1982-09-01T00:00:00Z,
http://www.wikidata.org/entity/Q1199660,Стальная мечта,http://www.wikidata.org/entity/Q455951,Норман Спинрад,научная фантастика,1972-09-01T00:00:00Z,Avon Publications
http://www.wikidata.org/entity/Q3055501,Глубокое исследование,http://www.wikidata.org/entity/Q34981,Айзек Азимов,научная фантастика,1968-01-01T00:00:00Z,
http://www.wikidata.org/entity/Q2196893,Полёт дракона,http://www.wikidata.org/entity/Q233046,Энн Маккефри,научная фантастика,1968-07-01T00:00:00Z,Ballantine Books
http://www.wikidata.org/entity/Q1623320,Опрокинутый мир,http://www.wikidata.org/entity/Q707796,Кристофер Прист,научная фантастика,1974-05-01T00:00:00Z,
http://www.wikidata.org/entity/Q2268391,Излом времени,http://www.wikidata.org/entity/Q257261,Мадлен Л’Энгл,научная фантастика,1962-01-01T00:00:00Z,"Farrar, Straus and Giroux"
http://www.wikidata.org/entity/Q1463723,Shikasta,http://www.wikidata.org/entity/Q40874,Дорис Лессинг,научная фантастика,1979-01-01T00:00:00Z,Jonathan Cape
http://www.wikidata.org/entity/Q1190888,Мошка в зенице Господней,http://www.wikidata.org/entity/Q578031,Джерри Пурнель,научная фантастика,1974-11-01T00:00:00Z,Simon & Schuster
http://www.wikidata.org/entity/Q2996611,Ружья Авалона,http://www.wikidata.org/entity/Q295406,Роджер Желязны,научная фантастика,1972-01-01T00:00:00Z,Doubleday
http://www.wikidata.org/entity/Q2738255,Инженеры Кольца,http://www.wikidata.org/entity/Q316610,Ларри Нивен,научная фантастика,1979-12-01T00:00:00Z,
http://www.wikidata.org/entity/Q2249908,Высотка,http://www.wikidata.org/entity/Q140201,Джеймс Баллард,научная фантастика,1975-01-01T00:00:00Z,
http://www.wikidata.org/entity/Q1317921,Сдвиг времени по-марсиански,http://www.wikidata.org/entity/Q171091,Филип Дик,научная фантастика,1964-01-01T00:00:00Z,Ballantine Books
http://www.wikidata.org/entity/Q1317915,"Доктор Смерть, или Как мы жили после бомбы",http://www.wikidata.org/entity/Q171091,Филип Дик,научная фантастика,1965-01-01T00:00:00Z,Ace Books
http://www.wikidata.org/entity/Q2411714,Histoires de la fin des temps,http://www.wikidata.org/entity/Q181659,Урсула Крёбер Ле Гуин,научная фантастика,1983-01-01T00:00:00Z,
http://www.wikidata.org/entity/Q3012595,Хождение Джоэниса,http://www.wikidata.org/entity/Q333246,Роберт Шекли,научная фантастика,1962-01-01T00:00:00Z,Victor Gollancz
http://www.wikidata.org/entity/Q2411714,Histoires de la fin des temps,http://www.wikidata.org/entity/Q497454,Фред Саберхаген,научная фантастика,1983-01-01T00:00:00Z,
http://www.wikidata.org/entity/Q2257964,Человек-компьютер,http://www.wikidata.org/entity/Q172140,Майкл Крайтон,научная фантастика,1972-01-01T00:00:00Z,Alfred A. Knopf
http://www.wikidata.org/entity/Q2061455,Чужими глазами,http://www.wikidata.org/entity/Q39829,Стивен Кинг,научная фантастика,1971-01-01T00:00:00Z,
http://www.wikidata.org/entity/Q2453300,Планета Роканнона,http://www.wikidata.org/entity/Q181659,Урсула Крёбер Ле Гуин,научная фантастика,1966-01-01T00:00:00Z,Ace Books
http://www.wikidata.org/entity/Q2380503,Голубой мир,http://www.wikidata.org/entity/Q312632,Джек Вэнс,научная фантастика,1966-01-01T00:00:00Z,Ballantine Books
http://www.wikidata.org/entity/Q2267121,Господь Гнева,http://www.wikidata.org/entity/Q295406,Роджер Желязны,научная фантастика,1976-01-01T00:00:00Z,
http://www.wikidata.org/entity/Q2527160,Эксперимент Досади,http://www.wikidata.org/entity/Q7934,Фрэнк Герберт,научная фантастика,1977-09-01T00:00:00Z,G. P. Putnam's Sons
http://www.wikidata.org/entity/Q2703133,Число зверя,http://www.wikidata.org/entity/Q123078,Роберт Хайнлайн,научная фантастика,1980-07-12T00:00:00Z,Fawcett Publications
http://www.wikidata.org/entity/Q2976056,Странствия дракона,http://www.wikidata.org/entity/Q233046,Энн Маккефри,научная фантастика,1971-05-01T00:00:00Z,Ballantine Books
http://www.wikidata.org/entity/Q2007191,Приход ночи,http://www.wikidata.org/entity/Q34981,Айзек Азимов,научная фантастика,1969-01-01T00:00:00Z,
http://www.wikidata.org/entity/Q2492513,Заповедник гоблинов,http://www.wikidata.org/entity/Q294625,Клиффорд Дональд Саймак,научная фантастика,1968-06-01T00:00:00Z,
http://www.wikidata.org/entity/Q932592,Академия на краю гибели,http://www.wikidata.org/entity/Q34981,Айзек Азимов,научная фантастика,1982-06-01T00:00:00Z,
http://www.wikidata.org/entity/Q2411714,Histoires de la fin des temps,http://www.wikidata.org/entity/Q590532,Джером Биксби,научная фантастика,1983-01-01T00:00:00Z,
http://www.wikidata.org/entity/Q2127756,2BRO2B,http://www.wikidata.org/entity/Q49074,Курт Воннегут,научная фантастика,1962-01-01T00:00:00Z,
http://www.wikidata.org/entity/Q3138254,Power Stories,http://www.wikidata.org/entity/Q314553,Роберт Силверберг,научная фантастика,1975-01-01T00:00:00Z,
http://www.wikidata.org/entity/Q2077107,"Балаган, или Конец одиночеству!",http://www.wikidata.org/entity/Q49074,Курт Воннегут,научная фантастика,1976-01-01T00:00:00Z,Dell Publishing
http://www.wikidata.org/entity/Q1641639,Фрайди,http://www.wikidata.org/entity/Q123078,Роберт Хайнлайн,научная фантастика,1982-04-01T00:00:00Z,Henry Holt and Company
http://www.wikidata.org/entity/Q3011896,Дагон и другие жуткие рассказы,http://www.wikidata.org/entity/Q169566,Говард Филлипс Лавкрафт,научная фантастика,1965-01-01T00:00:00Z,Arkham House
http://www.wikidata.org/entity/Q2652159,Удар Ступнёй,http://www.wikidata.org/entity/Q316610,Ларри Нивен,научная фантастика,1985-05-12T00:00:00Z,Del Rey Books
http://www.wikidata.org/entity/Q2560269,Крестовый поход в небеса,http://www.wikidata.org/entity/Q220883,Пол Уильям Андерсон,научная фантастика,1960-07-01T00:00:00Z,Doubleday
http://www.wikidata.org/entity/Q3138252,Planet Stories,http://www.wikidata.org/entity/Q739385,Майкл Шаара,научная фантастика,1975-01-01T00:00:00Z,
http://www.wikidata.org/entity/Q2411714,Histoires de la fin des temps,http://www.wikidata.org/entity/Q220883,Пол Уильям Андерсон,научная фантастика,1983-01-01T00:00:00Z,
http://www.wikidata.org/entity/Q963537,Свирепый Пеллюсидар,http://www.wikidata.org/entity/Q148234,Эдгар Райс Берроуз,научная фантастика,1963-01-01T00:00:00Z,Canaveral Press
http://www.wikidata.org/entity/Q3072613,World's End,http://www.wikidata.org/entity/Q268371,Джоан Виндж,научная фантастика,1984-02-01T00:00:00Z,
http://www.wikidata.org/entity/Q945558,Королева бурь,http://www.wikidata.org/entity/Q465179,Мэрион Зиммер Брэдли,научная фантастика,1978-06-01T00:00:00Z,DAW Books
http://www.wikidata.org/entity/Q1986393,Лунная пыль,http://www.wikidata.org/entity/Q47087,Артур Чарльз Кларк,научная фантастика,1961-01-01T00:00:00Z,Victor Gollancz
http://www.wikidata.org/entity/Q2573255,И дольше века длится день,http://www.wikidata.org/entity/Q484292,Чингиз Торекулович Айтматов,научная фантастика,1983-09-01T00:00:00Z,Новый мир
http://www.wikidata.org/entity/Q2517080,Vermilion Sands,http://www.wikidata.org/entity/Q140201,Джеймс Баллард,научная фантастика,1971-01-01T00:00:00Z,Berkley Books
http://www.wikidata.org/entity/Q3138254,Power Stories,http://www.wikidata.org/entity/Q312641,Фредерик Пол,научная фантастика,1975-01-01T00:00:00Z,
http://www.wikidata.org/entity/Q2436223,True Names,http://www.wikidata.org/entity/Q312405,Вернор Виндж,научная фантастика,1981-02-01T00:00:00Z,
http://www.wikidata.org/entity/Q2398251,Двухсотлетний человек,http://www.wikidata.org/entity/Q34981,Айзек Азимов,научная фантастика,1976-01-01T00:00:00Z,Doubleday
http://www.wikidata.org/entity/Q3138254,Power Stories,http://www.wikidata.org/entity/Q220883,Пол Уильям Андерсон,научная фантастика,1975-01-01T00:00:00Z,
http://www.wikidata.org/entity/Q1769466,Экспедиция «Тяготение»,http://www.wikidata.org/entity/Q453329,Хол Клемент,научная фантастика,1971-01-01T00:00:00Z,Doubleday
http://www.wikidata.org/entity/Q2411714,Histoires de la fin des temps,http://www.wikidata.org/entity/Q376859,Сирил Корнблат,научная фантастика,1983-01-01T00:00:00Z,
http://www.wikidata.org/entity/Q1190888,Мошка в зенице Господней,http://www.wikidata.org/entity/Q316610,Ларри Нивен,научная фантастика,1974-11-01T00:00:00Z,Simon & Schuster
http://www.wikidata.org/entity/Q2413610,Покорение Хибера,http://www.wikidata.org/entity/Q315059,Альфред ван Вогт,научная фантастика,1985-04-10T00:00:00Z,J'ai Lu
http://www.wikidata.org/entity/Q2277195,Ранний Азимов,http://www.wikidata.org/entity/Q34981,Айзек Азимов,научная фантастика,1972-01-01T00:00:00Z,Doubleday
http://www.wikidata.org/entity/Q3063449,Тёмный замысел,http://www.wikidata.org/entity/Q296256,Филип Хосе Фармер,научная фантастика,1977-10-01T00:00:00Z,G. P. Putnam's Sons
http://www.wikidata.org/entity/Q1403962,Рецидивист,http://www.wikidata.org/entity/Q49074,Курт Воннегут,научная фантастика,1979-01-01T00:00:00Z,Dell Publishing
http://www.wikidata.org/entity/Q2411714,Histoires de la fin des temps,http://www.wikidata.org/entity/Q534599,Деймон Найт,научная фантастика,1983-01-01T00:00:00Z,
http://www.wikidata.org/entity/Q2190756,Киборг,http://www.wikidata.org/entity/Q1277983,Мартин Кейдин,научная фантастика,1972-04-01T00:00:00Z,Arbor House
http://www.wikidata.org/entity/Q1331756,Elleander Morning,http://www.wikidata.org/entity/Q1687888,Jerry Yulsman,научная фантастика,1984-02-01T00:00:00Z,
http://www.wikidata.org/entity/Q1518961,Night's Daughter,http://www.wikidata.org/entity/Q465179,Мэрион Зиммер Брэдли,научная фантастика,1985-01-01T00:00:00Z,
http://www.wikidata.org/entity/Q3063803,Магический лабиринт,http://www.wikidata.org/entity/Q296256,Филип Хосе Фармер,научная фантастика,1980-05-01T00:00:00Z,Berkley Books
http://www.wikidata.org/entity/Q2411714,Histoires de la fin des temps,http://www.wikidata.org/entity/Q489193,Гарри Гаррисон,научная фантастика,1983-01-01T00:00:00Z,
http://www.wikidata.org/entity/Q2527126,Галапагосы,http://www.wikidata.org/entity/Q49074,Курт Воннегут,научная фантастика,1985-01-01T00:00:00Z,Dell Publishing
http://www.wikidata.org/entity/Q3019177,Дэви,http://www.wikidata.org/entity/Q1284085,Edgar Pangborn,научная фантастика,1964-01-01T00:00:00Z,
http://www.wikidata.org/entity/Q2350912,Последний замок,http://www.wikidata.org/entity/Q312632,Джек Вэнс,научная фантастика,1966-04-01T00:00:00Z,
http://www.wikidata.org/entity/Q1198489,Помутнение,http://www.wikidata.org/entity/Q171091,Филип Дик,научная фантастика,1977-01-01T00:00:00Z,Doubleday
http://www.wikidata.org/entity/Q1010653,"Иов, или Осмеяние справедливости",http://www.wikidata.org/entity/Q123078,Роберт Хайнлайн,научная фантастика,1984-09-01T00:00:00Z,Del Rey Books
http://www.wikidata.org/entity/Q3138254,Power Stories,http://www.wikidata.org/entity/Q286116,Альфред Бестер,научная фантастика,1975-01-01T00:00:00Z,
http://www.wikidata.org/entity/Q1010653,"Иов, или Осмеяние справедливости",http://www.wikidata.org/entity/Q123078,Роберт Хайнлайн,научная фантастика,1984-09-01T00:00:00Z,Ballantine Books
http://www.wikidata.org/entity/Q1416458,Всем стоять на Занзибаре,http://www.wikidata.org/entity/Q378807,Джон Браннер,научная фантастика,1968-09-01T00:00:00Z,Doubleday
http://www.wikidata.org/entity/Q3015377,В океане ночи,http://www.wikidata.org/entity/Q358312,Грегори Бенфорд,научная фантастика,1977-10-01T00:00:00Z,Dial Press
http://www.wikidata.org/entity/Q2034534,Мастер сновидений,http://www.wikidata.org/entity/Q295406,Роджер Желязны,научная фантастика,1966-01-01T00:00:00Z,Ace Books
http://www.wikidata.org/entity/Q2707103,Мальчики из Бразилии,http://www.wikidata.org/entity/Q317631,Айра Левин,научная фантастика,1976-10-21T00:00:00Z,
http://www.wikidata.org/entity/Q931141,В ожидании прошлого,http://www.wikidata.org/entity/Q171091,Филип Дик,научная фантастика,1966-01-01T00:00:00Z,
http://www.wikidata.org/entity/Q2447776,Слово для леса и мира одно,http://www.wikidata.org/entity/Q181659,Урсула Крёбер Ле Гуин,научная фантастика,1972-03-17T00:00:00Z,
http://www.wikidata.org/entity/Q2621546,Buy Jupiter and Other Stories,http://www.wikidata.org/entity/Q34981,Айзек Азимов,научная фантастика,1975-01-01T00:00:00Z,
http://www.wikidata.org/entity/Q2252893,Другое про роботов,http://www.wikidata.org/entity/Q34981,Айзек Азимов,научная фантастика,1964-01-01T00:00:00Z,Doubleday
http://www.wikidata.org/entity/Q2531250,"Человек, упавший на Землю",http://www.wikidata.org/entity/Q740928,Уолтер Тевис,научная фантастика,1963-01-01T00:00:00Z,
http://www.wikidata.org/entity/Q2722309,Вавилон 17,http://www.wikidata.org/entity/Q438164,Сэмюэль Дилэни,научная фантастика,1966-05-01T00:00:00Z,Ace Books
http://www.wikidata.org/entity/Q2411714,Histoires de la fin des temps,http://www.wikidata.org/entity/Q312632,Джек Вэнс,научная фантастика,1983-01-01T00:00:00Z,
http://www.wikidata.org/entity/Q1193211,Стигматы Палмера Элдрича,http://www.wikidata.org/entity/Q171091,Филип Дик,научная фантастика,1965-01-01T00:00:00Z,
http://www.wikidata.org/entity/Q929821,Чужак в чужой стране,http://www.wikidata.org/entity/Q123078,Роберт Хайнлайн,научная фантастика,1961-06-01T00:00:00Z,G. P. Putnam's Sons
http://www.wikidata.org/entity/Q2391947,Защитник,http://www.wikidata.org/entity/Q316610,Ларри Нивен,научная фантастика,1973-09-01T00:00:00Z,Ballantine Books
http://www.wikidata.org/entity/Q2441281,Пересечение Эйнштейна,http://www.wikidata.org/entity/Q438164,Сэмюэль Дилэни,научная фантастика,1967-01-01T00:00:00Z,
http://www.wikidata.org/entity/Q1407706,Вынужденная посадка,http://www.wikidata.org/entity/Q465179,Мэрион Зиммер Брэдли,научная фантастика,1972-01-01T00:00:00Z,DAW Books
http://www.wikidata.org/entity/Q2113191,Доктор Аддер,http://www.wikidata.org/entity/Q1090406,K. W. Jeter,научная фантастика,1984-03-01T00:00:00Z,
http://www.wikidata.org/entity/Q2077422,Остров мёртвых,http://www.wikidata.org/entity/Q295406,Роджер Желязны,научная фантастика,1969-01-01T00:00:00Z,Ace Books
http://www.wikidata.org/entity/Q2267121,Господь Гнева,http://www.wikidata.org/entity/Q171091,Филип Дик,научная фантастика,1976-01-01T00:00:00Z,
http://www.wikidata.org/entity/Q1197126,Океан инволюции,http://www.wikidata.org/entity/Q312995,Брюс Стерлинг,научная фантастика,1977-01-01T00:00:00Z,
http://www.wikidata.org/entity/Q3061953,Ссылка в ад,http://www.wikidata.org/entity/Q34981,Айзек Азимов,научная фантастика,1968-01-01T00:00:00Z,
http://www.wikidata.org/entity/Q2519711,Затонувший мир,http://www.wikidata.org/entity/Q140201,Джеймс Баллард,научная фантастика,1962-01-01T00:00:00Z,Berkley Books
http://www.wikidata.org/entity/Q2292992,Добро пожаловать в обезьянник,http://www.wikidata.org/entity/Q49074,Курт Воннегут,научная фантастика,1968-08-01T00:00:00Z,
http://www.wikidata.org/entity/Q2502043,Восстаньте из праха,http://www.wikidata.org/entity/Q296256,Филип Хосе Фармер,научная фантастика,1971-06-01T00:00:00Z,G. P. Putnam's Sons
http://www.wikidata.org/entity/Q2051614,Машина-победитель,http://www.wikidata.org/entity/Q34981,Айзек Азимов,научная фантастика,1961-10-01T00:00:00Z,
http://www.wikidata.org/entity/Q2125184,Intruder,http://www.wikidata.org/entity/Q1871576,Луи Шарбоннэ,научная фантастика,1979-01-01T00:00:00Z,
http://www.wikidata.org/entity/Q966751,"Тварь, что кричала о любви в самом сердце мира",http://www.wikidata.org/entity/Q311253,Харлан Эллисон,научная фантастика,1968-01-01T00:00:00Z,
http://www.wikidata.org/entity/Q2411714,Histoires de la fin des temps,http://www.wikidata.org/entity/Q937000,Пол Смит,научная фантастика,1983-01-01T00:00:00Z,
http://www.wikidata.org/entity/Q2627586,Прыжок в Солнце,http://www.wikidata.org/entity/Q315069,Дэвид Брин,научная фантастика,1980-02-01T00:00:00Z,Bantam Books
http://www.wikidata.org/entity/Q1645751,Плавучие театры Большой планеты,http://www.wikidata.org/entity/Q312632,Джек Вэнс,научная фантастика,1975-03-01T00:00:00Z,Jove Books
http://www.wikidata.org/entity/Q2008211,Левая рука тьмы,http://www.wikidata.org/entity/Q181659,Урсула Крёбер Ле Гуин,научная фантастика,1969-03-01T00:00:00Z,
http://www.wikidata.org/entity/Q2732094,Человек в лабиринте,http://www.wikidata.org/entity/Q314553,Роберт Силверберг,научная фантастика,1969-01-01T00:00:00Z,Sidgwick & Jackson
http://www.wikidata.org/entity/Q2082630,Сага о Кугеле,http://www.wikidata.org/entity/Q312632,Джек Вэнс,научная фантастика,1983-11-01T00:00:00Z,Timescape Books
http://www.wikidata.org/entity/Q1303877,Паутина,http://www.wikidata.org/entity/Q313673,Джон Уиндем,научная фантастика,1979-04-01T00:00:00Z,Michael Joseph
http://www.wikidata.org/entity/Q964451,"Нет врага, кроме времени",http://www.wikidata.org/entity/Q953288,Майкл Бишоп,научная фантастика,1982-04-01T00:00:00Z,Simon & Schuster
http://www.wikidata.org/entity/Q2082630,Сага о Кугеле,http://www.wikidata.org/entity/Q312632,Джек Вэнс,научная фантастика,1983-11-01T00:00:00Z,Underwood–Miller
http://www.wikidata.org/entity/Q1845356,Глаза чужого мира,http://www.wikidata.org/entity/Q312632,Джек Вэнс,научная фантастика,1966-01-01T00:00:00Z,Ace Books
http://www.wikidata.org/entity/Q2274025,Достаточно времени для любви,http://www.wikidata.org/entity/Q123078,Роберт Хайнлайн,научная фантастика,1973-06-01T00:00:00Z,G. P. Putnam's Sons
http://www.wikidata.org/entity/Q948372,Город иллюзий,http://www.wikidata.org/entity/Q181659,Урсула Крёбер Ле Гуин,научная фантастика,1967-01-01T00:00:00Z,Ace Books
http://www.wikidata.org/entity/Q2377008,Человек плюс,http://www.wikidata.org/entity/Q312641,Фредерик Пол,научная фантастика,1976-04-01T00:00:00Z,Random House
http://www.wikidata.org/entity/Q2605107,Финальная программа,http://www.wikidata.org/entity/Q316138,Майкл Муркок,научная фантастика,1969-10-01T00:00:00Z,Allison & Busby
http://www.wikidata.org/entity/Q1239229,Огненная пора,http://www.wikidata.org/entity/Q220883,Пол Уильям Андерсон,научная фантастика,1974-11-01T00:00:00Z,Doubleday
http://www.wikidata.org/entity/Q1197686,Мозговик,http://www.wikidata.org/entity/Q363227,Фредерик Браун,научная фантастика,1961-01-01T00:00:00Z,
http://www.wikidata.org/entity/Q2411714,Histoires de la fin des temps,http://www.wikidata.org/entity/Q3376808,Питер Филлипс,научная фантастика,1983-01-01T00:00:00Z,
http://www.wikidata.org/entity/Q1320318,Валис,http://www.wikidata.org/entity/Q171091,Филип Дик,научная фантастика,1981-02-01T00:00:00Z,Bantam Books
http://www.wikidata.org/entity/Q2411714,Histoires de la fin des temps,http://www.wikidata.org/entity/Q1443787,Кэтрин Маклин,научная фантастика,1983-01-01T00:00:00Z,
http://www.wikidata.org/entity/Q971280,The Fabulous Riverboat,http://www.wikidata.org/entity/Q296256,Филип Хосе Фармер,научная фантастика,1971-01-01T00:00:00Z,G. P. Putnam's Sons
http://www.wikidata.org/entity/Q2268391,Излом времени,http://www.wikidata.org/entity/Q257261,Мадлен Л’Энгл,научная фантастика,1963-01-01T00:00:00Z,"Farrar, Straus and Giroux"
http://www.wikidata.org/entity/Q2262725,Осколок Кристалла Власти,http://www.wikidata.org/entity/Q575345,Алан Дин Фостер,научная фантастика,1978-03-01T00:00:00Z,Del Rey Books
http://www.wikidata.org/entity/Q2411714,Histoires de la fin des temps,http://www.wikidata.org/entity/Q1160619,Дэниэл Ф. Галуйе,научная фантастика,1983-01-01T00:00:00Z,
http://www.wikidata.org/entity/Q2344707,Выкрикивается лот 49,http://www.wikidata.org/entity/Q35155,Томас Пинчон,научная фантастика,1966-01-01T00:00:00Z,
http://www.wikidata.org/entity/Q2567510,Этот бессмертный,http://www.wikidata.org/entity/Q295406,Роджер Желязны,научная фантастика,1965-10-01T00:00:00Z,The Mercury Press
http://www.wikidata.org/entity/Q2262725,Осколок Кристалла Власти,http://www.wikidata.org/entity/Q575345,Алан Дин Фостер,научная фантастика,1978-04-01T00:00:00Z,Del Rey Books
http://www.wikidata.org/entity/Q3040928,Dogfight,http://www.wikidata.org/entity/Q188987,Уильям Гибсон,научная фантастика,1985-07-01T00:00:00Z,
http://www.wikidata.org/entity/Q1505793,Мир-Кольцо,http://www.wikidata.org/entity/Q316610,Ларри Нивен,научная фантастика,1970-10-01T00:00:00Z,
http://www.wikidata.org/entity/Q3138254,Power Stories,http://www.wikidata.org/entity/Q313185,Фриц Лейбер,научная фантастика,1975-01-01T00:00:00Z,
http://www.wikidata.org/entity/Q2255773,Ветры перемен,http://www.wikidata.org/entity/Q34981,Айзек Азимов,научная фантастика,1983-01-01T00:00:00Z,Doubleday
http://www.wikidata.org/entity/Q960273,Тёмная сторона Солнца,http://www.wikidata.org/entity/Q46248,Терри Пратчетт,научная фантастика,1976-01-01T00:00:00Z,
http://www.wikidata.org/entity/Q960842,Almuric,http://www.wikidata.org/entity/Q207640,Роберт Ирвин Говард,научная фантастика,1964-01-01T00:00:00Z,Ace Books
http://www.wikidata.org/entity/Q2538455,Дорога славы,http://www.wikidata.org/entity/Q123078,Роберт Хайнлайн,научная фантастика,1963-07-01T00:00:00Z,G. P. Putnam's Sons
http://www.wikidata.org/entity/Q3138252,Planet Stories,http://www.wikidata.org/entity/Q312632,Джек Вэнс,научная фантастика,1975-01-01T00:00:00Z,
http://www.wikidata.org/entity/Q964451,"Нет врага, кроме времени",http://www.wikidata.org/entity/Q953288,Майкл Бишоп,научная фантастика,1982-04-01T00:00:00Z,Timescape Books
http://www.wikidata.org/entity/Q1686494,Земная Империя,http://www.wikidata.org/entity/Q47087,Артур Чарльз Кларк,научная фантастика,1975-09-01T00:00:00Z,Victor Gollancz
http://www.wikidata.org/entity/Q2491758,Время перемен,http://www.wikidata.org/entity/Q314553,Роберт Силверберг,научная фантастика,1971-03-01T00:00:00Z,Doubleday
http://www.wikidata.org/entity/Q1410482,Луна — суровая хозяйка,http://www.wikidata.org/entity/Q123078,Роберт Хайнлайн,научная фантастика,1966-01-01T00:00:00Z,G. P. Putnam's Sons
http://www.wikidata.org/entity/Q1195862,Понедельник начинается в субботу,http://www.wikidata.org/entity/Q61699,Аркадий Натанович Стругацкий,научная фантастика,1965-01-01T00:00:00Z,Детская литература
http://www.wikidata.org/entity/Q2363504,Звёздный прилив,http://www.wikidata.org/entity/Q315069,Дэвид Брин,научная фантастика,1983-09-01T00:00:00Z,Bantam Books
http://www.wikidata.org/entity/Q1198643,Пятая голова Цербера,http://www.wikidata.org/entity/Q361149,Джин Вулф,научная фантастика,1972-01-01T00:00:00Z,Charles Scribner's Sons
http://www.wikidata.org/entity/Q3138254,Power Stories,http://www.wikidata.org/entity/Q240253,Теодор Старджон,научная фантастика,1975-01-01T00:00:00Z,
http://www.wikidata.org/entity/Q1195862,Понедельник начинается в субботу,http://www.wikidata.org/entity/Q59054,Борис Натанович Стругацкий,научная фантастика,1965-01-01T00:00:00Z,Детская литература
http://www.wikidata.org/entity/Q3040928,Dogfight,http://www.wikidata.org/entity/Q455510,Майкл Суэнвик,научная фантастика,1985-07-01T00:00:00Z,
http://www.wikidata.org/entity/Q1811390,Мы вам всё припомним,http://www.wikidata.org/entity/Q171091,Филип Дик,научная фантастика,1966-04-01T00:00:00Z,
http://www.wikidata.org/entity/Q1645333,Стеклянная башня,http://www.wikidata.org/entity/Q314553,Роберт Силверберг,научная фантастика,1970-04-01T00:00:00Z,Charles Scribner's Sons
http://www.wikidata.org/entity/Q3138256,Robot Stories,http://www.wikidata.org/entity/Q329999,Эрик Фрэнк Рассел,научная фантастика,1974-04-16T00:00:00Z,
http://www.wikidata.org/entity/Q3138216,Alien Stories,http://www.wikidata.org/entity/Q947986,Уорд Мур,научная фантастика,1974-04-17T00:00:00Z,
http://www.wikidata.org/entity/Q3138216,Alien Stories,http://www.wikidata.org/entity/Q333246,Роберт Шекли,научная фантастика,1974-04-17T00:00:00Z,
http://www.wikidata.org/entity/Q3138256,Robot Stories,http://www.wikidata.org/entity/Q314553,Роберт Силверберг,научная фантастика,1974-01-01T00:00:00Z,
http://www.wikidata.org/entity/Q3138216,Alien Stories,http://www.wikidata.org/entity/Q363227,Фредерик Браун,научная фантастика,1974-04-17T00:00:00Z,
http://www.wikidata.org/entity/Q3138256,Robot Stories,http://www.wikidata.org/entity/Q314553,Роберт Силверберг,научная фантастика,1974-04-16T00:00:00Z,
http://www.wikidata.org/entity/Q3138269,Divine Stories,http://www.wikidata.org/entity/Q238702,Брайан Олдис,научная фантастика,1983-01-01T00:00:00Z,
http://www.wikidata.org/entity/Q3138256,Robot Stories,http://www.wikidata.org/entity/Q1360721,Роберт Франклин Янг,научная фантастика,1974-01-01T00:00:00Z,
http://www.wikidata.org/entity/Q3138254,Power Stories,http://www.wikidata.org/entity/Q325130,Ричард Мэтисон,научная фантастика,1975-01-01T00:00:00Z,
http://www.wikidata.org/entity/Q3138256,Robot Stories,http://www.wikidata.org/entity/Q1360721,Роберт Франклин Янг,научная фантастика,1974-04-16T00:00:00Z,
http://www.wikidata.org/entity/Q3138267,Space Travel Stories,http://www.wikidata.org/entity/Q333246,Роберт Шекли,научная фантастика,1983-01-01T00:00:00Z,
http://www.wikidata.org/entity/Q3138269,Divine Stories,http://www.wikidata.org/entity/Q333246,Роберт Шекли,научная фантастика,1983-01-01T00:00:00Z,
http://www.wikidata.org/entity/Q3138254,Power Stories,http://www.wikidata.org/entity/Q553276,Стив Аллен,научная фантастика,1975-01-01T00:00:00Z,
http://www.wikidata.org/entity/Q3138303,Parapsychological Stories,http://www.wikidata.org/entity/Q313185,Фриц Лейбер,научная фантастика,1983-01-01T00:00:00Z,
http://www.wikidata.org/entity/Q3138263,Superhuman Stories,http://www.wikidata.org/entity/Q8022686,Wilmar H. Shiras,научная фантастика,1984-01-01T00:00:00Z,
http://www.wikidata.org/entity/Q3138216,Alien Stories,http://www.wikidata.org/entity/Q329999,Эрик Фрэнк Рассел,научная фантастика,1974-04-17T00:00:00Z,
http://www.wikidata.org/entity/Q3138237,Apocalyptic Stories,http://www.wikidata.org/entity/Q947986,Уорд Мур,научная фантастика,1974-10-25T00:00:00Z,
http://www.wikidata.org/entity/Q3138237,Apocalyptic Stories,http://www.wikidata.org/entity/Q333246,Роберт Шекли,научная фантастика,1974-10-25T00:00:00Z,
http://www.wikidata.org/entity/Q3138263,Superhuman Stories,http://www.wikidata.org/entity/Q357839,Уолтер Майкл Миллер,научная фантастика,1984-01-01T00:00:00Z,
http://www.wikidata.org/entity/Q3138268,Time Travel Stories,http://www.wikidata.org/entity/Q551710,Генри Каттнер,научная фантастика,1975-01-01T00:00:00Z,
http://www.wikidata.org/entity/Q3178499,Поиск будущего,http://www.wikidata.org/entity/Q315059,Альфред ван Вогт,научная фантастика,1970-01-01T00:00:00Z,Ace Books
http://www.wikidata.org/entity/Q3138269,Divine Stories,http://www.wikidata.org/entity/Q329999,Эрик Фрэнк Рассел,научная фантастика,1983-01-01T00:00:00Z,
http://www.wikidata.org/entity/Q3138256,Robot Stories,http://www.wikidata.org/entity/Q312641,Фредерик Пол,научная фантастика,1974-01-01T00:00:00Z,
http://www.wikidata.org/entity/Q3138256,Robot Stories,http://www.wikidata.org/entity/Q312641,Фредерик Пол,научная фантастика,1974-04-16T00:00:00Z,
http://www.wikidata.org/entity/Q3138269,Divine Stories,http://www.wikidata.org/entity/Q314553,Роберт Силверберг,научная фантастика,1983-01-01T00:00:00Z,
http://www.wikidata.org/entity/Q3163406,О теле электрическом я пою,http://www.wikidata.org/entity/Q40640,Рэй Брэдбери,научная фантастика,1969-01-01T00:00:00Z,Alfred A. Knopf
http://www.wikidata.org/entity/Q3157123,Bug Jack Barron,http://www.wikidata.org/entity/Q455951,Норман Спинрад,научная фантастика,1969-01-01T00:00:00Z,
http://www.wikidata.org/entity/Q3138268,Time Travel Stories,http://www.wikidata.org/entity/Q1849325,Мак Рейнольдс,научная фантастика,1975-01-01T00:00:00Z,
http://www.wikidata.org/entity/Q3202109,The Year of the Quiet Sun,http://www.wikidata.org/entity/Q637455,Уилсон Такер,научная фантастика,1970-01-01T00:00:00Z,Ace Books
http://www.wikidata.org/entity/Q3138261,Histoires de sociétés futures,http://www.wikidata.org/entity/Q312641,Фредерик Пол,научная фантастика,1984-01-01T00:00:00Z,
http://www.wikidata.org/entity/Q3138261,Histoires de sociétés futures,http://www.wikidata.org/entity/Q2741191,Сьюзет Хейден Элджин,научная фантастика,1984-01-01T00:00:00Z,
http://www.wikidata.org/entity/Q3138268,Time Travel Stories,http://www.wikidata.org/entity/Q123078,Роберт Хайнлайн,научная фантастика,1975-01-01T00:00:00Z,
http://www.wikidata.org/entity/Q3138256,Robot Stories,http://www.wikidata.org/entity/Q357839,Уолтер Майкл Миллер,научная фантастика,1974-01-01T00:00:00Z,
http://www.wikidata.org/entity/Q3138263,Superhuman Stories,http://www.wikidata.org/entity/Q726865,Чед Оливер,научная фантастика,1984-01-01T00:00:00Z,
http://www.wikidata.org/entity/Q3138256,Robot Stories,http://www.wikidata.org/entity/Q357839,Уолтер Майкл Миллер,научная фантастика,1974-04-16T00:00:00Z,
http://www.wikidata.org/entity/Q3138216,Alien Stories,http://www.wikidata.org/entity/Q711503,Артур Селлингс,научная фантастика,1974-04-17T00:00:00Z,
http://www.wikidata.org/entity/Q2975729,Звезда под бичом,http://www.wikidata.org/entity/Q7934,Фрэнк Герберт,научная фантастика,1970-01-01T00:00:00Z,G. P. Putnam's Sons
http://www.wikidata.org/entity/Q3138264,Survivor Stories,http://www.wikidata.org/entity/Q314553,Роберт Силверберг,научная фантастика,1983-01-01T00:00:00Z,
http://www.wikidata.org/entity/Q3138316,Reverse Stories,http://www.wikidata.org/entity/Q313185,Фриц Лейбер,научная фантастика,1976-01-01T00:00:00Z,
http://www.wikidata.org/entity/Q3138256,Robot Stories,http://www.wikidata.org/entity/Q286116,Альфред Бестер,научная фантастика,1974-01-01T00:00:00Z,
http://www.wikidata.org/entity/Q3138256,Robot Stories,http://www.wikidata.org/entity/Q286116,Альфред Бестер,научная фантастика,1974-04-16T00:00:00Z,
http://www.wikidata.org/entity/Q3202276,Колдовской мир,http://www.wikidata.org/entity/Q235899,Андре Нортон,научная фантастика,1963-01-01T00:00:00Z,Ace Books
http://www.wikidata.org/entity/Q3138254,Power Stories,http://www.wikidata.org/entity/Q547414,Альгис Будрис,научная фантастика,1975-01-01T00:00:00Z,
http://www.wikidata.org/entity/Q3138268,Time Travel Stories,http://www.wikidata.org/entity/Q316788,Джек Уильямсон,научная фантастика,1975-01-01T00:00:00Z,
http://www.wikidata.org/entity/Q3138256,Robot Stories,http://www.wikidata.org/entity/Q684748,Лестер дель Рей,научная фантастика,1974-01-01T00:00:00Z,
http://www.wikidata.org/entity/Q3138256,Robot Stories,http://www.wikidata.org/entity/Q684748,Лестер дель Рей,научная фантастика,1974-04-16T00:00:00Z,
http://www.wikidata.org/entity/Q3138256,Robot Stories,http://www.wikidata.org/entity/Q294625,Клиффорд Дональд Саймак,научная фантастика,1974-01-01T00:00:00Z,
http://www.wikidata.org/entity/Q3138256,Robot Stories,http://www.wikidata.org/entity/Q294625,Клиффорд Дональд Саймак,научная фантастика,1974-04-16T00:00:00Z,
http://www.wikidata.org/entity/Q3138269,Divine Stories,http://www.wikidata.org/entity/Q220883,Пол Уильям Андерсон,научная фантастика,1983-01-01T00:00:00Z,
http://www.wikidata.org/entity/Q3209114,Лотерея,http://www.wikidata.org/entity/Q707796,Кристофер Прист,научная фантастика,1981-05-01T00:00:00Z,Faber and Faber
http://www.wikidata.org/entity/Q3138237,Apocalyptic Stories,http://www.wikidata.org/entity/Q171091,Филип Дик,научная фантастика,1974-10-25T00:00:00Z,
http://www.wikidata.org/entity/Q3138254,Power Stories,http://www.wikidata.org/entity/Q590532,Джером Биксби,научная фантастика,1975-01-01T00:00:00Z,
http://www.wikidata.org/entity/Q3138216,Alien Stories,http://www.wikidata.org/entity/Q726865,Чед Оливер,научная фантастика,1974-04-17T00:00:00Z,
http://www.wikidata.org/entity/Q3138237,Apocalyptic Stories,http://www.wikidata.org/entity/Q968565,Уильям Тенн,научная фантастика,1974-10-25T00:00:00Z,
http://www.wikidata.org/entity/Q3138237,Apocalyptic Stories,http://www.wikidata.org/entity/Q357839,Уолтер Майкл Миллер,научная фантастика,1974-10-25T00:00:00Z,
http://www.wikidata.org/entity/Q3138237,Apocalyptic Stories,http://www.wikidata.org/entity/Q276304,Джудит Меррил,научная фантастика,1974-10-25T00:00:00Z,
http://www.wikidata.org/entity/Q3138216,Alien Stories,http://www.wikidata.org/entity/Q550449,Мюррей Лейнстер,научная фантастика,1974-04-17T00:00:00Z,
http://www.wikidata.org/entity/Q3138290,Mechanical Stories,http://www.wikidata.org/entity/Q3498557,Stephen Goldin,научная фантастика,1985-01-01T00:00:00Z,
http://www.wikidata.org/entity/Q3138254,Power Stories,http://www.wikidata.org/entity/Q1995154,Джеральд Керш,научная фантастика,1975-01-01T00:00:00Z,
http://www.wikidata.org/entity/Q3138216,Alien Stories,http://www.wikidata.org/entity/Q3568605,Уильям Ф. Темпл,научная фантастика,1974-04-17T00:00:00Z,
http://www.wikidata.org/entity/Q3209610,Коготь миротворца,http://www.wikidata.org/entity/Q361149,Джин Вулф,научная фантастика,1981-03-01T00:00:00Z,Simon & Schuster
http://www.wikidata.org/entity/Q3138263,Superhuman Stories,http://www.wikidata.org/entity/Q3110895,Gordon Eklund,научная фантастика,1984-01-01T00:00:00Z,
http://www.wikidata.org/entity/Q3138237,Apocalyptic Stories,http://www.wikidata.org/entity/Q286116,Альфред Бестер,научная фантастика,1974-10-25T00:00:00Z,
http://www.wikidata.org/entity/Q3138268,Time Travel Stories,http://www.wikidata.org/entity/Q242530,Кэтрин Люсиль Мур,научная фантастика,1975-01-01T00:00:00Z,
http://www.wikidata.org/entity/Q3138269,Divine Stories,http://www.wikidata.org/entity/Q296256,Филип Хосе Фармер,научная фантастика,1983-01-01T00:00:00Z,
http://www.wikidata.org/entity/Q3138237,Apocalyptic Stories,http://www.wikidata.org/entity/Q684748,Лестер дель Рей,научная фантастика,1974-10-25T00:00:00Z,
http://www.wikidata.org/entity/Q3138268,Time Travel Stories,http://www.wikidata.org/entity/Q325130,Ричард Мэтисон,научная фантастика,1975-01-01T00:00:00Z,
http://www.wikidata.org/entity/Q3138255,Rebel Stories,http://www.wikidata.org/entity/Q361149,Джин Вулф,научная фантастика,1984-01-01T00:00:00Z,
http://www.wikidata.org/entity/Q3138255,Rebel Stories,http://www.wikidata.org/entity/Q313185,Фриц Лейбер,научная фантастика,1984-01-01T00:00:00Z,
http://www.wikidata.org/entity/Q3138216,Alien Stories,http://www.wikidata.org/entity/Q89353841,Билл Браун,научная фантастика,1974-04-17T00:00:00Z,
http://www.wikidata.org/entity/Q3138254,Power Stories,http://www.wikidata.org/entity/Q376859,Сирил Корнблат,научная фантастика,1975-01-01T00:00:00Z,
http://www.wikidata.org/entity/Q3138233,Creature Stories,http://www.wikidata.org/entity/Q361149,Джин Вулф,научная фантастика,1984-01-01T00:00:00Z,
http://www.wikidata.org/entity/Q3138318,Ecological Stories,http://www.wikidata.org/entity/Q238702,Брайан Олдис,научная фантастика,1983-01-01T00:00:00Z,
http://www.wikidata.org/entity/Q3138233,Creature Stories,http://www.wikidata.org/entity/Q3197543,Kit Reed,научная фантастика,1984-01-01T00:00:00Z,
http://www.wikidata.org/entity/Q3138290,Mechanical Stories,http://www.wikidata.org/entity/Q551710,Генри Каттнер,научная фантастика,1985-01-01T00:00:00Z,
http://www.wikidata.org/entity/Q3138233,Creature Stories,http://www.wikidata.org/entity/Q1284085,Edgar Pangborn,научная фантастика,1984-01-01T00:00:00Z,
http://www.wikidata.org/entity/Q3138268,Time Travel Stories,http://www.wikidata.org/entity/Q363227,Фредерик Браун,научная фантастика,1975-01-01T00:00:00Z,
http://www.wikidata.org/entity/Q3138263,Superhuman Stories,http://www.wikidata.org/entity/Q908589,Доналд Э. Уоллхайм,научная фантастика,1984-01-01T00:00:00Z,
http://www.wikidata.org/entity/Q3138233,Creature Stories,http://www.wikidata.org/entity/Q586756,Джеймс Уайт,научная фантастика,1984-01-01T00:00:00Z,
http://www.wikidata.org/entity/Q3138233,Creature Stories,http://www.wikidata.org/entity/Q295406,Роджер Желязны,научная фантастика,1984-01-01T00:00:00Z,
http://www.wikidata.org/entity/Q3138261,Histoires de sociétés futures,http://www.wikidata.org/entity/Q949829,Ллойд Биггл-младший,научная фантастика,1984-01-01T00:00:00Z,
http://www.wikidata.org/entity/Q3138237,Apocalyptic Stories,http://www.wikidata.org/entity/Q1348138,Стивен Винсент Бене,научная фантастика,1974-10-25T00:00:00Z,
http://www.wikidata.org/entity/Q3208081,Морита — повелительница драконов,http://www.wikidata.org/entity/Q233046,Энн Маккефри,научная фантастика,1983-10-01T00:00:00Z,Del Rey Books
http://www.wikidata.org/entity/Q3208081,Морита — повелительница драконов,http://www.wikidata.org/entity/Q233046,Энн Маккефри,научная фантастика,1983-10-01T00:00:00Z,Ballantine Books
http://www.wikidata.org/entity/Q3138255,Rebel Stories,http://www.wikidata.org/entity/Q552025,Джон Кристофер,научная фантастика,1984-01-01T00:00:00Z,
http://www.wikidata.org/entity/Q3138263,Superhuman Stories,http://www.wikidata.org/entity/Q185714,Дэниел Киз,научная фантастика,1984-01-01T00:00:00Z,
http://www.wikidata.org/entity/Q3176923,Сын Кунга,http://www.wikidata.org/entity/Q312641,Фредерик Пол,научная фантастика,1979-04-01T00:00:00Z,St. Martin's Press
http://www.wikidata.org/entity/Q3138256,Robot Stories,http://www.wikidata.org/entity/Q246303,Энтони Бучер,научная фантастика,1974-01-01T00:00:00Z,
http://www.wikidata.org/entity/Q3138256,Robot Stories,http://www.wikidata.org/entity/Q248867,Джеймс Блиш,научная фантастика,1974-01-01T00:00:00Z,
http://www.wikidata.org/entity/Q3138256,Robot Stories,http://www.wikidata.org/entity/Q246303,Энтони Бучер,научная фантастика,1974-04-16T00:00:00Z,
http://www.wikidata.org/entity/Q3138256,Robot Stories,http://www.wikidata.org/entity/Q248867,Джеймс Блиш,научная фантастика,1974-04-16T00:00:00Z,
http://www.wikidata.org/entity/Q3138263,Superhuman Stories,http://www.wikidata.org/entity/Q717071,Nelson S. Bond,научная фантастика,1984-01-01T00:00:00Z,
http://www.wikidata.org/entity/Q3138269,Divine Stories,http://www.wikidata.org/entity/Q316138,Майкл Муркок,научная фантастика,1983-01-01T00:00:00Z,
http://www.wikidata.org/entity/Q3138318,Ecological Stories,http://www.wikidata.org/entity/Q220883,Пол Уильям Андерсон,научная фантастика,1983-01-01T00:00:00Z,
http://www.wikidata.org/entity/Q3209038,Вера отцов наших,http://www.wikidata.org/entity/Q171091,Филип Дик,научная фантастика,1967-10-01T00:00:00Z,
http://www.wikidata.org/entity/Q3138268,Time Travel Stories,http://www.wikidata.org/entity/Q220883,Пол Уильям Андерсон,научная фантастика,1975-01-01T00:00:00Z,
http://www.wikidata.org/entity/Q3138268,Time Travel Stories,http://www.wikidata.org/entity/Q968565,Уильям Тенн,научная фантастика,1975-01-01T00:00:00Z,
http://www.wikidata.org/entity/Q3138255,Rebel Stories,http://www.wikidata.org/entity/Q40640,Рэй Брэдбери,научная фантастика,1984-01-01T00:00:00Z,
http://www.wikidata.org/entity/Q3138263,Superhuman Stories,http://www.wikidata.org/entity/Q295406,Роджер Желязны,научная фантастика,1984-01-01T00:00:00Z,
http://www.wikidata.org/entity/Q3138256,Robot Stories,http://www.wikidata.org/entity/Q313185,Фриц Лейбер,научная фантастика,1974-01-01T00:00:00Z,
http://www.wikidata.org/entity/Q3138256,Robot Stories,http://www.wikidata.org/entity/Q3376808,Питер Филлипс,научная фантастика,1974-01-01T00:00:00Z,
http://www.wikidata.org/entity/Q3138268,Time Travel Stories,http://www.wikidata.org/entity/Q140201,Джеймс Баллард,научная фантастика,1975-01-01T00:00:00Z,
http://www.wikidata.org/entity/Q3138256,Robot Stories,http://www.wikidata.org/entity/Q313185,Фриц Лейбер,научная фантастика,1974-04-16T00:00:00Z,
http://www.wikidata.org/entity/Q3138256,Robot Stories,http://www.wikidata.org/entity/Q3376808,Питер Филлипс,научная фантастика,1974-04-16T00:00:00Z,
http://www.wikidata.org/entity/Q3138218,Immortal Stories,http://www.wikidata.org/entity/Q333246,Роберт Шекли,научная фантастика,1984-01-01T00:00:00Z,
http://www.wikidata.org/entity/Q3138268,Time Travel Stories,http://www.wikidata.org/entity/Q286116,Альфред Бестер,научная фантастика,1975-01-01T00:00:00Z,
http://www.wikidata.org/entity/Q3138255,Rebel Stories,http://www.wikidata.org/entity/Q238702,Брайан Олдис,научная фантастика,1984-01-01T00:00:00Z,
http://www.wikidata.org/entity/Q3138268,Time Travel Stories,http://www.wikidata.org/entity/Q684748,Лестер дель Рей,научная фантастика,1975-01-01T00:00:00Z,
http://www.wikidata.org/entity/Q3138261,Histoires de sociétés futures,http://www.wikidata.org/entity/Q3197543,Kit Reed,научная фантастика,1984-01-01T00:00:00Z,
http://www.wikidata.org/entity/Q3138255,Rebel Stories,http://www.wikidata.org/entity/Q311253,Харлан Эллисон,научная фантастика,1984-01-01T00:00:00Z,
http://www.wikidata.org/entity/Q3138268,Time Travel Stories,http://www.wikidata.org/entity/Q376859,Сирил Корнблат,научная фантастика,1975-01-01T00:00:00Z,
http://www.wikidata.org/entity/Q3138290,Mechanical Stories,http://www.wikidata.org/entity/Q1258959,Джон Джейкс,научная фантастика,1985-01-01T00:00:00Z,
http://www.wikidata.org/entity/Q3138218,Immortal Stories,http://www.wikidata.org/entity/Q547414,Альгис Будрис,научная фантастика,1984-01-01T00:00:00Z,
http://www.wikidata.org/entity/Q3138233,Creature Stories,http://www.wikidata.org/entity/Q982489,R. A. Lafferty,научная фантастика,1984-01-01T00:00:00Z,
http://www.wikidata.org/entity/Q3138237,Apocalyptic Stories,http://www.wikidata.org/entity/Q313185,Фриц Лейбер,научная фантастика,1974-10-25T00:00:00Z,
http://www.wikidata.org/entity/Q3138256,Robot Stories,http://www.wikidata.org/entity/Q34981,Айзек Азимов,научная фантастика,1974-01-01T00:00:00Z,
http://www.wikidata.org/entity/Q3138256,Robot Stories,http://www.wikidata.org/entity/Q34981,Айзек Азимов,научная фантастика,1974-04-16T00:00:00Z,
http://www.wikidata.org/entity/Q3138268,Time Travel Stories,http://www.wikidata.org/entity/Q115674,Уолтер Брейден Финней,научная фантастика,1975-01-01T00:00:00Z,
http://www.wikidata.org/entity/Q3138216,Alien Stories,http://www.wikidata.org/entity/Q240253,Теодор Старджон,научная фантастика,1974-04-17T00:00:00Z,
http://www.wikidata.org/entity/Q3138254,Power Stories,http://www.wikidata.org/entity/Q1443787,Кэтрин Маклин,научная фантастика,1975-01-01T00:00:00Z,
http://www.wikidata.org/entity/Q2832698,Give Warning To the World,http://www.wikidata.org/entity/Q378807,Джон Браннер,научная фантастика,1974-01-01T00:00:00Z,
http://www.wikidata.org/entity/Q3138269,Divine Stories,http://www.wikidata.org/entity/Q47087,Артур Чарльз Кларк,научная фантастика,1983-01-01T00:00:00Z,
http://www.wikidata.org/entity/Q3138263,Superhuman Stories,http://www.wikidata.org/entity/Q380202,Говард Мелвин Фаст,научная фантастика,1984-01-01T00:00:00Z,
http://www.wikidata.org/entity/Q3202654,The Female Man,http://www.wikidata.org/entity/Q265270,Джоанна Расс,научная фантастика,1975-02-01T00:00:00Z,
http://www.wikidata.org/entity/Q3138237,Apocalyptic Stories,http://www.wikidata.org/entity/Q240253,Теодор Старджон,научная фантастика,1974-10-25T00:00:00Z,
http://www.wikidata.org/entity/Q3209202,The Electric Ant,http://www.wikidata.org/entity/Q171091,Филип Дик,научная фантастика,1970-06-01T00:00:00Z,
http://www.wikidata.org/entity/Q3138302,Paradoxical Stories,http://www.wikidata.org/entity/Q238702,Брайан Олдис,научная фантастика,1984-01-01T00:00:00Z,
http://www.wikidata.org/entity/Q3138256,Robot Stories,http://www.wikidata.org/entity/Q40640,Рэй Брэдбери,научная фантастика,1974-01-01T00:00:00Z,
http://www.wikidata.org/entity/Q3138256,Robot Stories,http://www.wikidata.org/entity/Q40640,Рэй Брэдбери,научная фантастика,1974-04-16T00:00:00Z,
http://www.wikidata.org/entity/Q3209168,Хрустальный мир,http://www.wikidata.org/entity/Q140201,Джеймс Баллард,научная фантастика,1966-01-01T00:00:00Z,Jonathan Cape
http://www.wikidata.org/entity/Q3138216,Alien Stories,http://www.wikidata.org/entity/Q947519,Джон Чиарди,научная фантастика,1974-04-17T00:00:00Z,
http://www.wikidata.org/entity/Q3109139,Gloriana,http://www.wikidata.org/entity/Q316138,Майкл Муркок,научная фантастика,1978-04-01T00:00:00Z,
http://www.wikidata.org/entity/Q3138233,Creature Stories,http://www.wikidata.org/entity/Q2939834,Кэрол Эмшвиллер,научная фантастика,1984-01-01T00:00:00Z,
http://www.wikidata.org/entity/Q3138290,Mechanical Stories,http://www.wikidata.org/entity/Q968565,Уильям Тенн,научная фантастика,1985-01-01T00:00:00Z,
http://www.wikidata.org/entity/Q3138234,Stories of Tomorrow,http://www.wikidata.org/entity/Q333246,Роберт Шекли,научная фантастика,1975-01-01T00:00:00Z,
http://www.wikidata.org/entity/Q3138216,Alien Stories,http://www.wikidata.org/entity/Q325130,Ричард Мэтисон,научная фантастика,1974-04-17T00:00:00Z,
http://www.wikidata.org/entity/Q3138256,Robot Stories,http://www.wikidata.org/entity/Q333246,Роберт Шекли,научная фантастика,1974-01-01T00:00:00Z,
http://www.wikidata.org/entity/Q3138256,Robot Stories,http://www.wikidata.org/entity/Q333246,Роберт Шекли,научная фантастика,1974-04-16T00:00:00Z,
http://www.wikidata.org/entity/Q3138216,Alien Stories,http://www.wikidata.org/entity/Q3565803,Вальтер Кубилиус,научная фантастика,1974-04-17T00:00:00Z,
http://www.wikidata.org/entity/Q3138237,Apocalyptic Stories,http://www.wikidata.org/entity/Q355879,Роберт Блох,научная фантастика,1974-10-25T00:00:00Z,
http://www.wikidata.org/entity/Q3138255,Rebel Stories,http://www.wikidata.org/entity/Q376859,Сирил Корнблат,научная фантастика,1984-01-01T00:00:00Z,
http://www.wikidata.org/entity/Q2755162,Сожжение Хром,http://www.wikidata.org/entity/Q188987,Уильям Гибсон,научная фантастика,1982-01-01T00:00:00Z,
http://www.wikidata.org/entity/Q2755162,Сожжение Хром,http://www.wikidata.org/entity/Q188987,Уильям Гибсон,научная фантастика,1982-07-01T00:00:00Z,
http://www.wikidata.org/entity/Q3107329,Автостопом по галактике,http://www.wikidata.org/entity/Q42,Дуглас Адамс,научная фантастика,1979-10-12T00:00:00Z,Pan Books
http://www.wikidata.org/entity/Q3138263,Superhuman Stories,http://www.wikidata.org/entity/Q547414,Альгис Будрис,научная фантастика,1984-01-01T00:00:00Z,
http://www.wikidata.org/entity/Q3138256,Robot Stories,http://www.wikidata.org/entity/Q329999,Эрик Фрэнк Рассел,научная фантастика,1974-01-01T00:00:00Z,
http://www.wikidata.org/entity/Q3138249,Mutant Stories,http://www.wikidata.org/entity/Q1160619,Дэниэл Ф. Галуйе,научная фантастика,1974-04-19T00:00:00Z,
http://www.wikidata.org/entity/Q3138232,Stories of Cosmonauts,http://www.wikidata.org/entity/Q1160619,Дэниэл Ф. Галуйе,научная фантастика,1974-04-19T00:00:00Z,
http://www.wikidata.org/entity/Q3138245,Stories of Machines,http://www.wikidata.org/entity/Q551710,Генри Каттнер,научная фантастика,1974-01-01T00:00:00Z,
http://www.wikidata.org/entity/Q3138216,Alien Stories,http://www.wikidata.org/entity/Q325130,Ричард Мэтисон,научная фантастика,1974-04-01T00:00:00Z,
http://www.wikidata.org/entity/Q3138250,Doctor Stories,http://www.wikidata.org/entity/Q982489,R. A. Lafferty,научная фантастика,1983-01-01T00:00:00Z,
http://www.wikidata.org/entity/Q3138216,Alien Stories,http://www.wikidata.org/entity/Q3565803,Вальтер Кубилиус,научная фантастика,1974-04-01T00:00:00Z,
http://www.wikidata.org/entity/Q3210242,Машина смерти,http://www.wikidata.org/entity/Q312632,Джек Вэнс,научная фантастика,1964-01-01T00:00:00Z,Berkley Books
http://www.wikidata.org/entity/Q3205411,Меч ликтора,http://www.wikidata.org/entity/Q361149,Джин Вулф,научная фантастика,1982-01-01T00:00:00Z,
http://www.wikidata.org/entity/Q3138250,Doctor Stories,http://www.wikidata.org/entity/Q314553,Роберт Силверберг,научная фантастика,1983-01-01T00:00:00Z,
http://www.wikidata.org/entity/Q3138231,Histoires de catastrophes,http://www.wikidata.org/entity/Q1285626,Эдмонд Гамильтон,научная фантастика,1985-01-01T00:00:00Z,
http://www.wikidata.org/entity/Q3138290,Mechanical Stories,http://www.wikidata.org/entity/Q286116,Альфред Бестер,научная фантастика,1985-01-01T00:00:00Z,
http://www.wikidata.org/entity/Q3138245,Stories of Machines,http://www.wikidata.org/entity/Q295406,Роджер Желязны,научная фантастика,1974-01-01T00:00:00Z,
http://www.wikidata.org/entity/Q3138232,Stories of Cosmonauts,http://www.wikidata.org/entity/Q2602737,Alfred Coppel,научная фантастика,1974-04-19T00:00:00Z,
http://www.wikidata.org/entity/Q3138237,Apocalyptic Stories,http://www.wikidata.org/entity/Q3290528,Margaret St. Clair,научная фантастика,1974-10-25T00:00:00Z,
http://www.wikidata.org/entity/Q3138232,Stories of Cosmonauts,http://www.wikidata.org/entity/Q313673,Джон Уиндем,научная фантастика,1974-04-19T00:00:00Z,
http://www.wikidata.org/entity/Q3138245,Stories of Machines,http://www.wikidata.org/entity/Q47087,Артур Чарльз Кларк,научная фантастика,1974-01-01T00:00:00Z,
http://www.wikidata.org/entity/Q3138318,Ecological Stories,http://www.wikidata.org/entity/Q724395,Кит Лаумер,научная фантастика,1983-01-01T00:00:00Z,
http://www.wikidata.org/entity/Q3138216,Alien Stories,http://www.wikidata.org/entity/Q947986,Уорд Мур,научная фантастика,1974-04-01T00:00:00Z,
http://www.wikidata.org/entity/Q3138216,Alien Stories,http://www.wikidata.org/entity/Q333246,Роберт Шекли,научная фантастика,1974-04-01T00:00:00Z,
http://www.wikidata.org/entity/Q3138214,Invader Stories,http://www.wikidata.org/entity/Q534599,Деймон Найт,научная фантастика,1983-01-01T00:00:00Z,
http://www.wikidata.org/entity/Q3138216,Alien Stories,http://www.wikidata.org/entity/Q363227,Фредерик Браун,научная фантастика,1974-04-01T00:00:00Z,
http://www.wikidata.org/entity/Q3138318,Ecological Stories,http://www.wikidata.org/entity/Q248867,Джеймс Блиш,научная фантастика,1983-01-01T00:00:00Z,
http://www.wikidata.org/entity/Q3138280,False Stories,http://www.wikidata.org/entity/Q551710,Генри Каттнер,научная фантастика,1984-01-01T00:00:00Z,
http://www.wikidata.org/entity/Q2902756,Направление — пустота,http://www.wikidata.org/entity/Q7934,Фрэнк Герберт,научная фантастика,1966-01-01T00:00:00Z,Berkley Books
http://www.wikidata.org/entity/Q3204093,Инцидент с Иисусом,http://www.wikidata.org/entity/Q2903325,Биллом Рэнсом,научная фантастика,1979-01-01T00:00:00Z,G. P. Putnam's Sons
http://www.wikidata.org/entity/Q3225561,Дети ветра,http://www.wikidata.org/entity/Q220883,Пол Уильям Андерсон,научная фантастика,1973-02-01T00:00:00Z,New American Library
http://www.wikidata.org/entity/Q3138280,False Stories,http://www.wikidata.org/entity/Q1849325,Мак Рейнольдс,научная фантастика,1984-01-01T00:00:00Z,
http://www.wikidata.org/entity/Q3138250,Doctor Stories,http://www.wikidata.org/entity/Q312641,Фредерик Пол,научная фантастика,1983-01-01T00:00:00Z,
http://www.wikidata.org/entity/Q3138216,Alien Stories,http://www.wikidata.org/entity/Q329999,Эрик Фрэнк Рассел,научная фантастика,1974-04-01T00:00:00Z,
http://www.wikidata.org/entity/Q3138249,Mutant Stories,http://www.wikidata.org/entity/Q242530,Кэтрин Люсиль Мур,научная фантастика,1974-04-19T00:00:00Z,
http://www.wikidata.org/entity/Q3203716,Человек с тысячью имён,http://www.wikidata.org/entity/Q315059,Альфред ван Вогт,научная фантастика,1974-01-01T00:00:00Z,
http://www.wikidata.org/entity/Q3138232,Stories of Cosmonauts,http://www.wikidata.org/entity/Q40640,Рэй Брэдбери,научная фантастика,1974-04-19T00:00:00Z,
http://www.wikidata.org/entity/Q3138269,Divine Stories,http://www.wikidata.org/entity/Q982489,R. A. Lafferty,научная фантастика,1983-01-01T00:00:00Z,
http://www.wikidata.org/entity/Q2901858,Далеко за полночь,http://www.wikidata.org/entity/Q40640,Рэй Брэдбери,научная фантастика,1976-01-01T00:00:00Z,Alfred A. Knopf
http://www.wikidata.org/entity/Q3138249,Mutant Stories,http://www.wikidata.org/entity/Q325130,Ричард Мэтисон,научная фантастика,1974-04-19T00:00:00Z,
http://www.wikidata.org/entity/Q3138318,Ecological Stories,http://www.wikidata.org/entity/Q316610,Ларри Нивен,научная фантастика,1983-01-01T00:00:00Z,
http://www.wikidata.org/entity/Q2886142,"Night Call, Collect",http://www.wikidata.org/entity/Q40640,Рэй Брэдбери,научная фантастика,1969-01-01T00:00:00Z,
http://www.wikidata.org/entity/Q3138269,Divine Stories,http://www.wikidata.org/entity/Q3102027,Джордж Зебровски,научная фантастика,1983-01-01T00:00:00Z,
http://www.wikidata.org/entity/Q3138231,Histoires de catastrophes,http://www.wikidata.org/entity/Q181659,Урсула Крёбер Ле Гуин,научная фантастика,1985-01-01T00:00:00Z,
http://www.wikidata.org/entity/Q3138245,Stories of Machines,http://www.wikidata.org/entity/Q242530,Кэтрин Люсиль Мур,научная фантастика,1974-01-01T00:00:00Z,
http://www.wikidata.org/entity/Q3138216,Alien Stories,http://www.wikidata.org/entity/Q711503,Артур Селлингс,научная фантастика,1974-04-01T00:00:00Z,
http://www.wikidata.org/entity/Q3138232,Stories of Cosmonauts,http://www.wikidata.org/entity/Q363227,Фредерик Браун,научная фантастика,1974-04-19T00:00:00Z,
http://www.wikidata.org/entity/Q3138231,Histoires de catastrophes,http://www.wikidata.org/entity/Q314553,Роберт Силверберг,научная фантастика,1985-01-01T00:00:00Z,
http://www.wikidata.org/entity/Q2872379,Автора! Автора!,http://www.wikidata.org/entity/Q34981,Айзек Азимов,научная фантастика,1964-01-01T00:00:00Z,
http://www.wikidata.org/entity/Q2901129,Ночные крылья,http://www.wikidata.org/entity/Q314553,Роберт Силверберг,научная фантастика,1968-09-01T00:00:00Z,Am Oved
http://www.wikidata.org/entity/Q3138250,Doctor Stories,http://www.wikidata.org/entity/Q296256,Филип Хосе Фармер,научная фантастика,1983-01-01T00:00:00Z,
http://www.wikidata.org/entity/Q3138250,Doctor Stories,http://www.wikidata.org/entity/Q376859,Сирил Корнблат,научная фантастика,1983-01-01T00:00:00Z,
http://www.wikidata.org/entity/Q3226279,Не убоюсь я зла,http://www.wikidata.org/entity/Q123078,Роберт Хайнлайн,научная фантастика,1970-11-01T00:00:00Z,G. P. Putnam's Sons
http://www.wikidata.org/entity/Q3138250,Doctor Stories,http://www.wikidata.org/entity/Q3490778,Sonya Dorman,научная фантастика,1983-01-01T00:00:00Z,
http://www.wikidata.org/entity/Q3138250,Doctor Stories,http://www.wikidata.org/entity/Q534599,Деймон Найт,научная фантастика,1983-01-01T00:00:00Z,
http://www.wikidata.org/entity/Q3138245,Stories of Machines,http://www.wikidata.org/entity/Q238702,Брайан Олдис,научная фантастика,1974-01-01T00:00:00Z,
http://www.wikidata.org/entity/Q3138249,Mutant Stories,http://www.wikidata.org/entity/Q3523687,Теодор Когсуэлл,научная фантастика,1974-04-19T00:00:00Z,
http://www.wikidata.org/entity/Q3138245,Stories of Machines,http://www.wikidata.org/entity/Q333246,Роберт Шекли,научная фантастика,1974-01-01T00:00:00Z,
http://www.wikidata.org/entity/Q3138245,Stories of Machines,http://www.wikidata.org/entity/Q363227,Фредерик Браун,научная фантастика,1974-01-01T00:00:00Z,
http://www.wikidata.org/entity/Q3138231,Histoires de catastrophes,http://www.wikidata.org/entity/Q312641,Фредерик Пол,научная фантастика,1985-01-01T00:00:00Z,
http://www.wikidata.org/entity/Q3138249,Mutant Stories,http://www.wikidata.org/entity/Q547414,Альгис Будрис,научная фантастика,1974-04-19T00:00:00Z,
http://www.wikidata.org/entity/Q3138216,Alien Stories,http://www.wikidata.org/entity/Q726865,Чед Оливер,научная фантастика,1974-04-01T00:00:00Z,
http://www.wikidata.org/entity/Q3138231,Histoires de catastrophes,http://www.wikidata.org/entity/Q455951,Норман Спинрад,научная фантастика,1985-01-01T00:00:00Z,
http://www.wikidata.org/entity/Q3138216,Alien Stories,http://www.wikidata.org/entity/Q550449,Мюррей Лейнстер,научная фантастика,1974-04-01T00:00:00Z,
http://www.wikidata.org/entity/Q3203368,Sharra's Exile,http://www.wikidata.org/entity/Q465179,Мэрион Зиммер Брэдли,научная фантастика,1981-10-01T00:00:00Z,DAW Books
http://www.wikidata.org/entity/Q3205842,Cuckoo's Egg,http://www.wikidata.org/entity/Q234030,Кэролайн Черри,научная фантастика,1985-03-01T00:00:00Z,DAW Books
http://www.wikidata.org/entity/Q3138318,Ecological Stories,http://www.wikidata.org/entity/Q1065212,Charles L. Fontenay,научная фантастика,1983-01-01T00:00:00Z,
http://www.wikidata.org/entity/Q3138216,Alien Stories,http://www.wikidata.org/entity/Q3568605,Уильям Ф. Темпл,научная фантастика,1974-04-01T00:00:00Z,
http://www.wikidata.org/entity/Q3138269,Divine Stories,http://www.wikidata.org/entity/Q684748,Лестер дель Рей,научная фантастика,1983-01-01T00:00:00Z,
http://www.wikidata.org/entity/Q3138280,False Stories,http://www.wikidata.org/entity/Q3071789,Ричард Уилсон,научная фантастика,1984-01-01T00:00:00Z,
http://www.wikidata.org/entity/Q3138246,Mirage Stories,http://www.wikidata.org/entity/Q220078,Кингсли Эмис,научная фантастика,1984-01-01T00:00:00Z,
http://www.wikidata.org/entity/Q3204648,The Jagged Orbit,http://www.wikidata.org/entity/Q378807,Джон Браннер,научная фантастика,1969-02-01T00:00:00Z,Ace Books
http://www.wikidata.org/entity/Q3203783,Провидец,http://www.wikidata.org/entity/Q314553,Роберт Силверберг,научная фантастика,1975-09-01T00:00:00Z,
http://www.wikidata.org/entity/Q3138232,Stories of Cosmonauts,http://www.wikidata.org/entity/Q220883,Пол Уильям Андерсон,научная фантастика,1974-04-19T00:00:00Z,
http://www.wikidata.org/entity/Q3138245,Stories of Machines,http://www.wikidata.org/entity/Q547414,Альгис Будрис,научная фантастика,1974-01-01T00:00:00Z,
http://www.wikidata.org/entity/Q3138216,Alien Stories,http://www.wikidata.org/entity/Q115674,Уолтер Брейден Финней,научная фантастика,1974-04-01T00:00:00Z,
http://www.wikidata.org/entity/Q3138216,Alien Stories,http://www.wikidata.org/entity/Q115674,Уолтер Брейден Финней,научная фантастика,1974-04-17T00:00:00Z,
http://www.wikidata.org/entity/Q3138280,False Stories,http://www.wikidata.org/entity/Q333246,Роберт Шекли,научная фантастика,1984-01-01T00:00:00Z,
http://www.wikidata.org/entity/Q3138280,False Stories,http://www.wikidata.org/entity/Q363227,Фредерик Браун,научная фантастика,1984-01-01T00:00:00Z,
http://www.wikidata.org/entity/Q3138232,Stories of Cosmonauts,http://www.wikidata.org/entity/Q357839,Уолтер Майкл Миллер,научная фантастика,1974-04-19T00:00:00Z,
http://www.wikidata.org/entity/Q3138232,Stories of Cosmonauts,http://www.wikidata.org/entity/Q276304,Джудит Меррил,научная фантастика,1974-04-19T00:00:00Z,
http://www.wikidata.org/entity/Q3138216,Alien Stories,http://www.wikidata.org/entity/Q89353841,Билл Браун,научная фантастика,1974-04-01T00:00:00Z,
http://www.wikidata.org/entity/Q3138249,Mutant Stories,http://www.wikidata.org/entity/Q315059,Альфред ван Вогт,научная фантастика,1974-04-19T00:00:00Z,
http://www.wikidata.org/entity/Q3204093,Инцидент с Иисусом,http://www.wikidata.org/entity/Q7934,Фрэнк Герберт,научная фантастика,1979-01-01T00:00:00Z,G. P. Putnam's Sons
http://www.wikidata.org/entity/Q3138231,Histoires de catastrophes,http://www.wikidata.org/entity/Q296256,Филип Хосе Фармер,научная фантастика,1985-01-01T00:00:00Z,
http://www.wikidata.org/entity/Q3138285,Galactic Stories,http://www.wikidata.org/entity/Q363227,Фредерик Браун,научная фантастика,1975-01-01T00:00:00Z,
http://www.wikidata.org/entity/Q3138280,False Stories,http://www.wikidata.org/entity/Q982489,R. A. Lafferty,научная фантастика,1984-01-01T00:00:00Z,
http://www.wikidata.org/entity/Q3203833,The Man Who Folded Himself,http://www.wikidata.org/entity/Q1174539,Дэвид Герролд,научная фантастика,1973-02-01T00:00:00Z,Random House
http://www.wikidata.org/entity/Q3138318,Ecological Stories,http://www.wikidata.org/entity/Q559409,Пирс Энтони,научная фантастика,1983-01-01T00:00:00Z,
http://www.wikidata.org/entity/Q3138249,Mutant Stories,http://www.wikidata.org/entity/Q684748,Лестер дель Рей,научная фантастика,1974-04-19T00:00:00Z,
http://www.wikidata.org/entity/Q3138290,Mechanical Stories,http://www.wikidata.org/entity/Q361149,Джин Вулф,научная фантастика,1985-01-01T00:00:00Z,
http://www.wikidata.org/entity/Q3138232,Stories of Cosmonauts,http://www.wikidata.org/entity/Q726865,Чед Оливер,научная фантастика,1974-04-19T00:00:00Z,
http://www.wikidata.org/entity/Q3138290,Mechanical Stories,http://www.wikidata.org/entity/Q313185,Фриц Лейбер,научная фантастика,1985-01-01T00:00:00Z,
http://www.wikidata.org/entity/Q3138231,Histoires de catastrophes,http://www.wikidata.org/entity/Q736143,Джеймс Саллис,научная фантастика,1985-01-01T00:00:00Z,
http://www.wikidata.org/entity/Q3138247,Stories of Strange Worlds,http://www.wikidata.org/entity/Q47087,Артур Чарльз Кларк,научная фантастика,1984-01-01T00:00:00Z,
http://www.wikidata.org/entity/Q3138241,Future War Stories,http://www.wikidata.org/entity/Q363227,Фредерик Браун,научная фантастика,1985-01-01T00:00:00Z,
http://www.wikidata.org/entity/Q3138232,Stories of Cosmonauts,http://www.wikidata.org/entity/Q440612,Алан Эдвард Нурс,научная фантастика,1974-04-19T00:00:00Z,
http://www.wikidata.org/entity/Q3138249,Mutant Stories,http://www.wikidata.org/entity/Q534599,Деймон Найт,научная фантастика,1974-04-19T00:00:00Z,
http://www.wikidata.org/entity/Q3138245,Stories of Machines,http://www.wikidata.org/entity/Q2865296,Артур Порджес,научная фантастика,1974-01-01T00:00:00Z,
http://www.wikidata.org/entity/Q3210230,Компьютерное ОкО,http://www.wikidata.org/entity/Q315059,Альфред ван Вогт,научная фантастика,1983-01-01T00:00:00Z,
http://www.wikidata.org/entity/Q3138233,Creature Stories,http://www.wikidata.org/entity/Q240253,Теодор Старджон,научная фантастика,1984-01-01T00:00:00Z,
http://www.wikidata.org/entity/Q2894715,Панорама времён,http://www.wikidata.org/entity/Q358312,Грегори Бенфорд,научная фантастика,1980-07-01T00:00:00Z,Simon & Schuster
http://www.wikidata.org/entity/Q3138280,False Stories,http://www.wikidata.org/entity/Q711503,Артур Селлингс,научная фантастика,1984-01-01T00:00:00Z,
http://www.wikidata.org/entity/Q3138245,Stories of Machines,http://www.wikidata.org/entity/Q294625,Клиффорд Дональд Саймак,научная фантастика,1974-01-01T00:00:00Z,
http://www.wikidata.org/entity/Q3138241,Future War Stories,http://www.wikidata.org/entity/Q314553,Роберт Силверберг,научная фантастика,1985-01-01T00:00:00Z,
http://www.wikidata.org/entity/Q3138280,False Stories,http://www.wikidata.org/entity/Q171091,Филип Дик,научная фантастика,1984-01-01T00:00:00Z,
http://www.wikidata.org/entity/Q3138245,Stories of Machines,http://www.wikidata.org/entity/Q550449,Мюррей Лейнстер,научная фантастика,1974-01-01T00:00:00Z,
http://www.wikidata.org/entity/Q3138280,False Stories,http://www.wikidata.org/entity/Q1081888,Рон Гуларт,научная фантастика,1984-01-01T00:00:00Z,
http://www.wikidata.org/entity/Q3203913,The Heritage of Hastur,http://www.wikidata.org/entity/Q465179,Мэрион Зиммер Брэдли,научная фантастика,1975-08-01T00:00:00Z,DAW Books
http://www.wikidata.org/entity/Q3138245,Stories of Machines,http://www.wikidata.org/entity/Q534599,Деймон Найт,научная фантастика,1974-01-01T00:00:00Z,
http://www.wikidata.org/entity/Q3210235,Машина пространства,http://www.wikidata.org/entity/Q707796,Кристофер Прист,научная фантастика,1976-03-22T00:00:00Z,Faber and Faber
http://www.wikidata.org/entity/Q3138245,Stories of Machines,http://www.wikidata.org/entity/Q489193,Гарри Гаррисон,научная фантастика,1974-01-01T00:00:00Z,
http://www.wikidata.org/entity/Q3138250,Doctor Stories,http://www.wikidata.org/entity/Q378807,Джон Браннер,научная фантастика,1983-01-01T00:00:00Z,
http://www.wikidata.org/entity/Q3132589,Песчаные короли,http://www.wikidata.org/entity/Q181677,Джордж Р. Р. Мартин,научная фантастика,1981-12-01T00:00:00Z,
http://www.wikidata.org/entity/Q3204463,Mockingbird,http://www.wikidata.org/entity/Q740928,Уолтер Тевис,научная фантастика,1980-01-01T00:00:00Z,Doubleday
http://www.wikidata.org/entity/Q3138280,False Stories,http://www.wikidata.org/entity/Q2865296,Артур Порджес,научная фантастика,1984-01-01T00:00:00Z,
http://www.wikidata.org/entity/Q3138243,Stories of the Year 2000,http://www.wikidata.org/entity/Q7934,Фрэнк Герберт,научная фантастика,1985-01-01T00:00:00Z,
http://www.wikidata.org/entity/Q3138250,Doctor Stories,http://www.wikidata.org/entity/Q361149,Джин Вулф,научная фантастика,1983-01-01T00:00:00Z,
http://www.wikidata.org/entity/Q3138250,Doctor Stories,http://www.wikidata.org/entity/Q313185,Фриц Лейбер,научная фантастика,1983-01-01T00:00:00Z,
http://www.wikidata.org/entity/Q3138250,Doctor Stories,http://www.wikidata.org/entity/Q3197543,Kit Reed,научная фантастика,1983-01-01T00:00:00Z,
http://www.wikidata.org/entity/Q3138280,False Stories,http://www.wikidata.org/entity/Q1701769,John Sladek,научная фантастика,1984-01-01T00:00:00Z,
http://www.wikidata.org/entity/Q3209921,Милость Келсона,http://www.wikidata.org/entity/Q443109,Кэтрин Куртц,научная фантастика,1985-11-01T00:00:00Z,Ballantine Books
http://www.wikidata.org/entity/Q3138232,Stories of Cosmonauts,http://www.wikidata.org/entity/Q723591,Роберт Абернати,научная фантастика,1974-04-19T00:00:00Z,
http://www.wikidata.org/entity/Q3138250,Doctor Stories,http://www.wikidata.org/entity/Q240253,Теодор Старджон,научная фантастика,1983-01-01T00:00:00Z,
http://www.wikidata.org/entity/Q3138290,Mechanical Stories,http://www.wikidata.org/entity/Q325130,Ричард Мэтисон,научная фантастика,1985-01-01T00:00:00Z,
http://www.wikidata.org/entity/Q3138318,Ecological Stories,http://www.wikidata.org/entity/Q376859,Сирил Корнблат,научная фантастика,1983-01-01T00:00:00Z,
http://www.wikidata.org/entity/Q3138241,Future War Stories,http://www.wikidata.org/entity/Q294625,Клиффорд Дональд Саймак,научная фантастика,1985-01-01T00:00:00Z,
http://www.wikidata.org/entity/Q3135306,Где допоздна так сладко пели птицы,http://www.wikidata.org/entity/Q260560,Кейт Вильгельм,научная фантастика,1976-01-01T00:00:00Z,Harper
http://www.wikidata.org/entity/Q3138290,Mechanical Stories,http://www.wikidata.org/entity/Q333246,Роберт Шекли,научная фантастика,1985-01-01T00:00:00Z,
http://www.wikidata.org/entity/Q3138290,Mechanical Stories,http://www.wikidata.org/entity/Q311253,Харлан Эллисон,научная фантастика,1985-01-01T00:00:00Z,
http://www.wikidata.org/entity/Q3138232,Stories of Cosmonauts,http://www.wikidata.org/entity/Q937000,Пол Смит,научная фантастика,1974-04-19T00:00:00Z,
http://www.wikidata.org/entity/Q3138237,Apocalyptic Stories,http://www.wikidata.org/entity/Q1443787,Кэтрин Маклин,научная фантастика,1974-10-25T00:00:00Z,
http://www.wikidata.org/entity/Q3138216,Alien Stories,http://www.wikidata.org/entity/Q240253,Теодор Старджон,научная фантастика,1974-04-01T00:00:00Z,
http://www.wikidata.org/entity/Q3203733,The Planet Buyer,http://www.wikidata.org/entity/Q937000,Пол Смит,научная фантастика,1964-01-01T00:00:00Z,
http://www.wikidata.org/entity/Q3138231,Histoires de catastrophes,http://www.wikidata.org/entity/Q193357,Дафна Дюморье,научная фантастика,1985-01-01T00:00:00Z,
http://www.wikidata.org/entity/Q3138290,Mechanical Stories,http://www.wikidata.org/entity/Q314553,Роберт Силверберг,научная фантастика,1985-01-01T00:00:00Z,
http://www.wikidata.org/entity/Q3138216,Alien Stories,http://www.wikidata.org/entity/Q34981,Айзек Азимов,научная фантастика,1974-04-01T00:00:00Z,
http://www.wikidata.org/entity/Q3138216,Alien Stories,http://www.wikidata.org/entity/Q34981,Айзек Азимов,научная фантастика,1974-04-17T00:00:00Z,
http://www.wikidata.org/entity/Q3138250,Doctor Stories,http://www.wikidata.org/entity/Q242530,Кэтрин Люсиль Мур,научная фантастика,1983-01-01T00:00:00Z,
http://www.wikidata.org/entity/Q3138213,Automaton Stories,http://www.wikidata.org/entity/Q2939834,Кэрол Эмшвиллер,научная фантастика,1984-01-01T00:00:00Z,
http://www.wikidata.org/entity/Q3138231,Histoires de catastrophes,http://www.wikidata.org/entity/Q123078,Роберт Хайнлайн,научная фантастика,1985-01-01T00:00:00Z,
http://www.wikidata.org/entity/Q3138249,Mutant Stories,http://www.wikidata.org/entity/Q551710,Генри Каттнер,научная фантастика,1974-04-19T00:00:00Z,
http://www.wikidata.org/entity/Q3205839,Яйцо дракона,http://www.wikidata.org/entity/Q2000229,Роберт Л. Форвард,научная фантастика,1980-05-01T00:00:00Z,
http://www.wikidata.org/entity/Q3210086,The Cohen Dog Exclusion Act,http://www.wikidata.org/entity/Q7615245,Steven Schrader,научная фантастика,1971-01-01T00:00:00Z,
http://www.wikidata.org/entity/Q3203177,The Wrong End of Time,http://www.wikidata.org/entity/Q378807,Джон Браннер,научная фантастика,1971-01-01T00:00:00Z,
http://www.wikidata.org/entity/Q3138231,Histoires de catastrophes,http://www.wikidata.org/entity/Q47087,Артур Чарльз Кларк,научная фантастика,1985-01-01T00:00:00Z,
http://www.wikidata.org/entity/Q3138245,Stories of Machines,http://www.wikidata.org/entity/Q185714,Дэниел Киз,научная фантастика,1974-01-01T00:00:00Z,
http://www.wikidata.org/entity/Q3138216,Alien Stories,http://www.wikidata.org/entity/Q947519,Джон Чиарди,научная фантастика,1974-04-01T00:00:00Z,
http://www.wikidata.org/entity/Q3138232,Stories of Cosmonauts,http://www.wikidata.org/entity/Q123078,Роберт Хайнлайн,научная фантастика,1974-04-19T00:00:00Z,
http://www.wikidata.org/entity/Q3138290,Mechanical Stories,http://www.wikidata.org/entity/Q312641,Фредерик Пол,научная фантастика,1985-01-01T00:00:00Z,
http://www.wikidata.org/entity/Q3138237,Apocalyptic Stories,http://www.wikidata.org/entity/Q49396190,H. B. Fyfe,научная фантастика,1974-10-25T00:00:00Z,
http://www.wikidata.org/entity/Q3138244,Fourth Dimension Stories,http://www.wikidata.org/entity/Q982489,R. A. Lafferty,научная фантастика,1983-01-01T00:00:00Z,
http://www.wikidata.org/entity/Q3138290,Mechanical Stories,http://www.wikidata.org/entity/Q171091,Филип Дик,научная фантастика,1985-01-01T00:00:00Z,
http://www.wikidata.org/entity/Q3138231,Histoires de catastrophes,http://www.wikidata.org/entity/Q975994,Фрэнк Белнэп Лонг,научная фантастика,1985-01-01T00:00:00Z,
http://www.wikidata.org/entity/Q3491166,Фея,http://www.wikidata.org/entity/Q504805,Джон Варли,научная фантастика,1980-08-01T00:00:00Z,Berkley Books
http://www.wikidata.org/entity/Q3560873,The Stone That Never Came Down,http://www.wikidata.org/entity/Q378807,Джон Браннер,научная фантастика,1973-01-01T00:00:00Z,
http://www.wikidata.org/entity/Q3224655,Dark Universe,http://www.wikidata.org/entity/Q1160619,Дэниэл Ф. Галуйе,научная фантастика,1961-01-01T00:00:00Z,Bantam Books
http://www.wikidata.org/entity/Q3222078,Sturgeon in Orbit,http://www.wikidata.org/entity/Q240253,Теодор Старджон,научная фантастика,1964-01-01T00:00:00Z,
http://www.wikidata.org/entity/Q3226721,The Golden Space,http://www.wikidata.org/entity/Q453835,Pamela Sargent,научная фантастика,1982-01-01T00:00:00Z,
http://www.wikidata.org/entity/Q3138249,Mutant Stories,http://www.wikidata.org/entity/Q240253,Теодор Старджон,научная фантастика,1974-04-19T00:00:00Z,
http://www.wikidata.org/entity/Q3611744,Чужой,http://www.wikidata.org/entity/Q575345,Алан Дин Фостер,научная фантастика,1979-01-01T00:00:00Z,Grand Central Publishing
http://www.wikidata.org/entity/Q3213661,Жизнь и времена Мультивака,http://www.wikidata.org/entity/Q34981,Айзек Азимов,научная фантастика,1975-01-01T00:00:00Z,
http://www.wikidata.org/entity/Q3602962,The Steps of the Sun,http://www.wikidata.org/entity/Q740928,Уолтер Тевис,научная фантастика,1983-01-01T00:00:00Z,
http://www.wikidata.org/entity/Q3481184,Shadrach in the Furnace,http://www.wikidata.org/entity/Q314553,Роберт Силверберг,научная фантастика,1976-01-01T00:00:00Z,Victor Gollancz
http://www.wikidata.org/entity/Q3535592,Слишком много волшебников,http://www.wikidata.org/entity/Q1193106,Randall Garrett,научная фантастика,1966-08-01T00:00:00Z,Doubleday
http://www.wikidata.org/entity/Q3337149,A Fall of Moondust,http://www.wikidata.org/entity/Q47087,Артур Чарльз Кларк,научная фантастика,1961-01-01T00:00:00Z,
http://www.wikidata.org/entity/Q3234829,Врата мироздания,http://www.wikidata.org/entity/Q296256,Филип Хосе Фармер,научная фантастика,1970-01-01T00:00:00Z,Ace Books
http://www.wikidata.org/entity/Q3607817,Аластор-2262,http://www.wikidata.org/entity/Q312632,Джек Вэнс,научная фантастика,1973-06-01T00:00:00Z,
http://www.wikidata.org/entity/Q3233683,The Barbie Murders,http://www.wikidata.org/entity/Q504805,Джон Варли,научная фантастика,1980-09-01T00:00:00Z,
http://www.wikidata.org/entity/Q3235592,Ведьмы Карреса,http://www.wikidata.org/entity/Q1406489,Джеймс Шмиц,научная фантастика,1966-01-01T00:00:00Z,Chilton Company
http://www.wikidata.org/entity/Q2956167,Песнь о Лии,http://www.wikidata.org/entity/Q181677,Джордж Р. Р. Мартин,научная фантастика,1976-02-01T00:00:00Z,Avon Publications
http://www.wikidata.org/entity/Q3314300,Миллениум,http://www.wikidata.org/entity/Q504805,Джон Варли,научная фантастика,1983-06-01T00:00:00Z,Berkley Books
http://www.wikidata.org/entity/Q3481184,Shadrach in the Furnace,http://www.wikidata.org/entity/Q314553,Роберт Силверберг,научная фантастика,1976-01-01T00:00:00Z,Bobbs-Merrill Company
http://www.wikidata.org/entity/Q3227879,The Sheep Look Up,http://www.wikidata.org/entity/Q378807,Джон Браннер,научная фантастика,1972-08-01T00:00:00Z,Harper
http://www.wikidata.org/entity/Q3345309,Нова,http://www.wikidata.org/entity/Q438164,Сэмюэль Дилэни,научная фантастика,1968-01-01T00:00:00Z,Doubleday
http://www.wikidata.org/entity/Q3236111,Пришельцы,http://www.wikidata.org/entity/Q294625,Клиффорд Дональд Саймак,научная фантастика,1979-01-01T00:00:00Z,
http://www.wikidata.org/entity/Q3629150,More Things in Heaven,http://www.wikidata.org/entity/Q378807,Джон Браннер,научная фантастика,1963-01-01T00:00:00Z,
http://www.wikidata.org/entity/Q3231611,Дьявольский интерфейс,http://www.wikidata.org/entity/Q286116,Альфред Бестер,научная фантастика,1975-01-01T00:00:00Z,Berkley Books
http://www.wikidata.org/entity/Q3407100,Progeny,http://www.wikidata.org/entity/Q171091,Филип Дик,научная фантастика,1972-10-01T00:00:00Z,
http://www.wikidata.org/entity/Q3375686,The Persistence of Vision,http://www.wikidata.org/entity/Q504805,Джон Варли,научная фантастика,1978-07-01T00:00:00Z,
http://www.wikidata.org/entity/Q3522940,Меч Алдонеса,http://www.wikidata.org/entity/Q465179,Мэрион Зиммер Брэдли,научная фантастика,1962-01-01T00:00:00Z,Ace Books
http://www.wikidata.org/entity/Q3331834,Myths of the Near Future,http://www.wikidata.org/entity/Q140201,Джеймс Баллард,научная фантастика,1982-01-01T00:00:00Z,Jonathan Cape
http://www.wikidata.org/entity/Q3232888,Тайные галактики,http://www.wikidata.org/entity/Q315059,Альфред ван Вогт,научная фантастика,1974-01-01T00:00:00Z,
http://www.wikidata.org/entity/Q3214259,Квадраты шахматного города,http://www.wikidata.org/entity/Q378807,Джон Браннер,научная фантастика,1965-01-01T00:00:00Z,Ballantine Books
http://www.wikidata.org/entity/Q3234920,Постановки времени,http://www.wikidata.org/entity/Q378807,Джон Браннер,научная фантастика,1967-01-01T00:00:00Z,New American Library
http://www.wikidata.org/entity/Q3228343,Слуги вонков,http://www.wikidata.org/entity/Q312632,Джек Вэнс,научная фантастика,1969-01-01T00:00:00Z,Ace Books
http://www.wikidata.org/entity/Q3211730,Планета динозавров (роман),http://www.wikidata.org/entity/Q233046,Энн Маккефри,научная фантастика,1978-01-01T00:00:00Z,Orbit Books
http://www.wikidata.org/entity/Q3772106,Хранители звёзд,http://www.wikidata.org/entity/Q1285626,Эдмонд Гамильтон,научная фантастика,1960-01-01T00:00:00Z,
http://www.wikidata.org/entity/Q3372907,Pavane,http://www.wikidata.org/entity/Q1379856,Кит Робертс,научная фантастика,1968-01-01T00:00:00Z,Руперт Харт-Дэвис
http://www.wikidata.org/entity/Q3211730,Планета динозавров (роман),http://www.wikidata.org/entity/Q233046,Энн Маккефри,научная фантастика,1978-01-01T00:00:00Z,Альфа-книга
http://www.wikidata.org/entity/Q3206789,Бильярдный шар,http://www.wikidata.org/entity/Q34981,Айзек Азимов,научная фантастика,1967-01-01T00:00:00Z,
http://www.wikidata.org/entity/Q3235534,Гавань Ветров,http://www.wikidata.org/entity/Q440744,Лиза Таттл,научная фантастика,1981-04-01T00:00:00Z,
http://www.wikidata.org/entity/Q3224984,Ледовая шхун,http://www.wikidata.org/entity/Q316138,Майкл Муркок,научная фантастика,1969-03-01T00:00:00Z,
http://www.wikidata.org/entity/Q3400534,Корабль-бродяга,http://www.wikidata.org/entity/Q315059,Альфред ван Вогт,научная фантастика,1965-10-01T00:00:00Z,Doubleday
http://www.wikidata.org/entity/Q3651631,Почти как люди,http://www.wikidata.org/entity/Q294625,Клиффорд Дональд Саймак,научная фантастика,1962-01-01T00:00:00Z,
http://www.wikidata.org/entity/Q3296019,Марун: Аластор 933,http://www.wikidata.org/entity/Q312632,Джек Вэнс,научная фантастика,1975-01-01T00:00:00Z,Ballantine Books
http://www.wikidata.org/entity/Q3697195,Computer Crimes and Capers,http://www.wikidata.org/entity/Q34981,Айзек Азимов,научная фантастика,1983-01-01T00:00:00Z,
http://www.wikidata.org/entity/Q3223034,The Artificial Kid,http://www.wikidata.org/entity/Q312995,Брюс Стерлинг,научная фантастика,1980-01-01T00:00:00Z,
http://www.wikidata.org/entity/Q3211728,Планета Шекспира,http://www.wikidata.org/entity/Q294625,Клиффорд Дональд Саймак,научная фантастика,1976-01-01T00:00:00Z,
http://www.wikidata.org/entity/Q3233818,Icehenge,http://www.wikidata.org/entity/Q130779,Ким Стенли Робинсон,научная фантастика,1984-10-01T00:00:00Z,Ace Books
http://www.wikidata.org/entity/Q3222431,Белый дракон,http://www.wikidata.org/entity/Q233046,Энн Маккефри,научная фантастика,1978-06-01T00:00:00Z,Ballantine Books
http://www.wikidata.org/entity/Q3233220,Маленький пушистик,http://www.wikidata.org/entity/Q1364100,Г. Бим Пайпер,научная фантастика,1962-01-01T00:00:00Z,Avon Publications
http://www.wikidata.org/entity/Q3433284,Обряд перехода,http://www.wikidata.org/entity/Q2305628,Алексей Паншин,научная фантастика,1968-07-01T00:00:00Z,Ace Books
http://www.wikidata.org/entity/Q3224088,Два завоевателя,http://www.wikidata.org/entity/Q465179,Мэрион Зиммер Брэдли,научная фантастика,1980-06-01T00:00:00Z,DAW Books
http://www.wikidata.org/entity/Q3227589,Время можжевельника,http://www.wikidata.org/entity/Q260560,Кейт Вильгельм,научная фантастика,1979-06-01T00:00:00Z,
http://www.wikidata.org/entity/Q2916242,Умирающий изнутри,http://www.wikidata.org/entity/Q314553,Роберт Силверберг,научная фантастика,1972-10-01T00:00:00Z,Charles Scribner's Sons
http://www.wikidata.org/entity/Q3393084,Марсианка Подкейн,http://www.wikidata.org/entity/Q123078,Роберт Хайнлайн,научная фантастика,1963-01-01T00:00:00Z,G. P. Putnam's Sons
http://www.wikidata.org/entity/Q3213211,The Forbidden Tower,http://www.wikidata.org/entity/Q465179,Мэрион Зиммер Брэдли,научная фантастика,1977-09-01T00:00:00Z,DAW Books
http://www.wikidata.org/entity/Q3701169,Клон,http://www.wikidata.org/entity/Q3990238,Theodore L. Thomas,научная фантастика,1965-01-01T00:00:00Z,
http://www.wikidata.org/entity/Q3207217,Певица Перна,http://www.wikidata.org/entity/Q233046,Энн Маккефри,научная фантастика,1977-02-01T00:00:00Z,Atheneum Books
http://www.wikidata.org/entity/Q3221026,Песни Перна,http://www.wikidata.org/entity/Q233046,Энн Маккефри,научная фантастика,1976-01-01T00:00:00Z,Atheneum Books
http://www.wikidata.org/entity/Q3549740,Четвёрка на будущее,http://www.wikidata.org/entity/Q295406,Роджер Желязны,научная фантастика,1967-01-01T00:00:00Z,Ace Books
http://www.wikidata.org/entity/Q3234927,"Вниз, в землю",http://www.wikidata.org/entity/Q314553,Роберт Силверберг,научная фантастика,1969-11-01T00:00:00Z,Doubleday
http://www.wikidata.org/entity/Q3596830,One Hundred and Two H-Bombs,http://www.wikidata.org/entity/Q708581,Томас М. Диш,научная фантастика,1967-01-01T00:00:00Z,
http://www.wikidata.org/entity/Q3576862,Бесчисленные времена,http://www.wikidata.org/entity/Q378807,Джон Браннер,научная фантастика,1969-01-01T00:00:00Z,Ace Books
http://www.wikidata.org/entity/Q3235720,Вверх по линии,http://www.wikidata.org/entity/Q314553,Роберт Силверберг,научная фантастика,1969-07-01T00:00:00Z,Ballantine Books
http://www.wikidata.org/entity/Q3319894,Мой сын — физик,http://www.wikidata.org/entity/Q34981,Айзек Азимов,научная фантастика,1962-02-01T00:00:00Z,
http://www.wikidata.org/entity/Q3138249,Mutant Stories,http://www.wikidata.org/entity/Q171091,Филип Дик,научная фантастика,1974-04-19T00:00:00Z,
http://www.wikidata.org/entity/Q3524680,Тиотимолин к звёздам,http://www.wikidata.org/entity/Q34981,Айзек Азимов,научная фантастика,1973-01-01T00:00:00Z,
http://www.wikidata.org/entity/Q3232333,Дети будущего,http://www.wikidata.org/entity/Q315059,Альфред ван Вогт,научная фантастика,1970-01-01T00:00:00Z,Ace Books
http://www.wikidata.org/entity/Q3757438,И не осталось никого,http://www.wikidata.org/entity/Q329999,Эрик Фрэнк Рассел,научная фантастика,1962-01-01T00:00:00Z,
http://www.wikidata.org/entity/Q3138249,Mutant Stories,http://www.wikidata.org/entity/Q220883,Пол Уильям Андерсон,научная фантастика,1974-04-19T00:00:00Z,
http://www.wikidata.org/entity/Q2944947,Окончательный ответ,http://www.wikidata.org/entity/Q34981,Айзек Азимов,научная фантастика,1980-01-01T00:00:00Z,
http://www.wikidata.org/entity/Q3235696,Барабаны Перна,http://www.wikidata.org/entity/Q233046,Энн Маккефри,научная фантастика,1979-02-01T00:00:00Z,Atheneum Books
http://www.wikidata.org/entity/Q3220787,Горячая линия Змееносца,http://www.wikidata.org/entity/Q504805,Джон Варли,научная фантастика,1977-04-01T00:00:00Z,Ace Books
http://www.wikidata.org/entity/Q3236547,Q3236547,http://www.wikidata.org/entity/Q294625,Клиффорд Дональд Саймак,научная фантастика,1978-01-20T00:00:00Z,
http://www.wikidata.org/entity/Q3235087,Крысы,http://www.wikidata.org/entity/Q1110463,Джеймс Герберт,научная фантастика,1974-01-01T00:00:00Z,New English Library
http://www.wikidata.org/entity/Q3207474,City of Sorcery,http://www.wikidata.org/entity/Q465179,Мэрион Зиммер Брэдли,научная фантастика,1984-10-01T00:00:00Z,DAW Books
http://www.wikidata.org/entity/Q3395621,Polymath,http://www.wikidata.org/entity/Q378807,Джон Браннер,научная фантастика,1974-01-01T00:00:00Z,
http://www.wikidata.org/entity/Q3367176,Нет мира с королями,http://www.wikidata.org/entity/Q220883,Пол Уильям Андерсон,научная фантастика,1963-06-01T00:00:00Z,
http://www.wikidata.org/entity/Q3577559,Total Eclipse,http://www.wikidata.org/entity/Q378807,Джон Браннер,научная фантастика,1974-05-01T00:00:00Z,
http://www.wikidata.org/entity/Q3748988,The Children of Light,http://www.wikidata.org/entity/Q639253,Х. Л. Лоуренс,научная фантастика,1960-01-01T00:00:00Z,
http://www.wikidata.org/entity/Q3706436,The Rim of the Unknown,http://www.wikidata.org/entity/Q975994,Фрэнк Белнэп Лонг,научная фантастика,1972-01-01T00:00:00Z,Arkham House
http://www.wikidata.org/entity/Q3305686,Rogue Moon,http://www.wikidata.org/entity/Q547414,Альгис Будрис,научная фантастика,1960-01-01T00:00:00Z,Gold Medal Books
http://www.wikidata.org/entity/Q3233912,Чудовища,http://www.wikidata.org/entity/Q315059,Альфред ван Вогт,научная фантастика,1965-01-01T00:00:00Z,
http://www.wikidata.org/entity/Q3231715,Многоцветная Земля,http://www.wikidata.org/entity/Q443306,Julian May,научная фантастика,1981-03-01T00:00:00Z,
http://www.wikidata.org/entity/Q3227984,Странник,http://www.wikidata.org/entity/Q313185,Фриц Лейбер,научная фантастика,1964-01-01T00:00:00Z,Ballantine Books
http://www.wikidata.org/entity/Q3282894,The Burning World,http://www.wikidata.org/entity/Q140201,Джеймс Баллард,научная фантастика,1964-01-01T00:00:00Z,Berkley Books
http://www.wikidata.org/entity/Q3576636,Выбор богов,http://www.wikidata.org/entity/Q294625,Клиффорд Дональд Саймак,научная фантастика,1972-01-01T00:00:00Z,
http://www.wikidata.org/entity/Q3223617,Где-то во времени,http://www.wikidata.org/entity/Q325130,Ричард Мэтисон,научная фантастика,1975-01-01T00:00:00Z,Viking Press
http://www.wikidata.org/entity/Q3654602,Концлагерь,http://www.wikidata.org/entity/Q708581,Томас М. Диш,научная фантастика,1968-01-01T00:00:00Z,Руперт Харт-Дэвис
http://www.wikidata.org/entity/Q3231303,The World Wreckers,http://www.wikidata.org/entity/Q465179,Мэрион Зиммер Брэдли,научная фантастика,1971-01-01T00:00:00Z,Ace Books
http://www.wikidata.org/entity/Q3207442,Цитадель Автарха,http://www.wikidata.org/entity/Q361149,Джин Вулф,научная фантастика,1983-01-01T00:00:00Z,
http://www.wikidata.org/entity/Q3222595,Необходимое условие,http://www.wikidata.org/entity/Q34981,Айзек Азимов,научная фантастика,1968-01-01T00:00:00Z,
http://www.wikidata.org/entity/Q3416949,Свободное радио Альбемута,http://www.wikidata.org/entity/Q171091,Филип Дик,научная фантастика,1985-01-01T00:00:00Z,Arbor House
http://www.wikidata.org/entity/Q3234035,Хроники Вортинга,http://www.wikidata.org/entity/Q217110,Орсон Скотт Кард,научная фантастика,1983-01-01T00:00:00Z,Ace Books
http://www.wikidata.org/entity/Q3227321,Волшебник Линна,http://www.wikidata.org/entity/Q315059,Альфред ван Вогт,научная фантастика,1962-01-01T00:00:00Z,Ace Books
http://www.wikidata.org/entity/Q3232247,Лагерь «Хауксбиль»,http://www.wikidata.org/entity/Q314553,Роберт Силверберг,научная фантастика,1968-01-01T00:00:00Z,Doubleday
http://www.wikidata.org/entity/Q3242298,Электрический лес,http://www.wikidata.org/entity/Q261962,Танит Ли,научная фантастика,1979-01-01T00:00:00Z,
http://www.wikidata.org/entity/Q3553617,Валентин Понтифик,http://www.wikidata.org/entity/Q314553,Роберт Силверберг,научная фантастика,1983-10-01T00:00:00Z,
http://www.wikidata.org/entity/Q3625161,Вариант Единорога,http://www.wikidata.org/entity/Q295406,Роджер Желязны,научная фантастика,1983-01-01T00:00:00Z,Timescape Books
http://www.wikidata.org/entity/Q3226345,Логово,http://www.wikidata.org/entity/Q1110463,Джеймс Герберт,научная фантастика,1979-01-01T00:00:00Z,
http://www.wikidata.org/entity/Q3222902,Отцы-основатели,http://www.wikidata.org/entity/Q34981,Айзек Азимов,научная фантастика,1965-08-01T00:00:00Z,
http://www.wikidata.org/entity/Q3224465,Повелитель Прошлого,http://www.wikidata.org/entity/Q982489,R. A. Lafferty,научная фантастика,1968-01-01T00:00:00Z,Ace Books
http://www.wikidata.org/entity/Q3549080,Нулевой потенциал,http://www.wikidata.org/entity/Q968565,Уильям Тенн,научная фантастика,1970-12-01T00:00:00Z,
http://www.wikidata.org/entity/Q3397724,Мост к разуму,http://www.wikidata.org/entity/Q347461,Джо Холдеман,научная фантастика,1976-09-01T00:00:00Z,
http://www.wikidata.org/entity/Q3221113,"Кот, проходящий сквозь стены",http://www.wikidata.org/entity/Q123078,Роберт Хайнлайн,научная фантастика,1985-11-01T00:00:00Z,G. P. Putnam's Sons
http://www.wikidata.org/entity/Q3548730,Тернии,http://www.wikidata.org/entity/Q314553,Роберт Силверберг,научная фантастика,1967-08-01T00:00:00Z,Ballantine Books
http://www.wikidata.org/entity/Q3718883,Of Godlike Power,http://www.wikidata.org/entity/Q1849325,Мак Рейнольдс,научная фантастика,1965-01-01T00:00:00Z,
http://www.wikidata.org/entity/Q3589384,Мечи в тумане,http://www.wikidata.org/entity/Q313185,Фриц Лейбер,научная фантастика,1968-01-01T00:00:00Z,Ace Books
http://www.wikidata.org/entity/Q3222632,Создатель Вселенных,http://www.wikidata.org/entity/Q296256,Филип Хосе Фармер,научная фантастика,1965-01-01T00:00:00Z,Ace Books
http://www.wikidata.org/entity/Q3576741,Зыбучий песок,http://www.wikidata.org/entity/Q378807,Джон Браннер,научная фантастика,1967-01-01T00:00:00Z,
http://www.wikidata.org/entity/Q3233624,The Machineries of Joy,http://www.wikidata.org/entity/Q40640,Рэй Брэдбери,научная фантастика,1964-01-01T00:00:00Z,Simon & Schuster
http://www.wikidata.org/entity/Q3230486,Free Amazons of Darkover,http://www.wikidata.org/entity/Q465179,Мэрион Зиммер Брэдли,научная фантастика,1985-01-01T00:00:00Z,DAW Books
http://www.wikidata.org/entity/Q3665658,Cestus Dei,http://www.wikidata.org/entity/Q320664,John Maddox Roberts,научная фантастика,1983-01-01T00:00:00Z,
http://www.wikidata.org/entity/Q3138247,Stories of Strange Worlds,http://www.wikidata.org/entity/Q944409,Стенли Вейнбаум,научная фантастика,1984-01-01T00:00:00Z,
http://www.wikidata.org/entity/Q3701169,Клон,http://www.wikidata.org/entity/Q260560,Кейт Вильгельм,научная фантастика,1965-01-01T00:00:00Z,
http://www.wikidata.org/entity/Q3425139,Космические встречи,http://www.wikidata.org/entity/Q315059,Альфред ван Вогт,научная фантастика,1980-01-01T00:00:00Z,
http://www.wikidata.org/entity/Q2939806,Карнозавр,http://www.wikidata.org/entity/Q1137125,Джон Броснан,научная фантастика,1984-01-01T00:00:00Z,
http://www.wikidata.org/entity/Q3576860,Игрушка судьбы,http://www.wikidata.org/entity/Q294625,Клиффорд Дональд Саймак,научная фантастика,1971-01-01T00:00:00Z,G. P. Putnam's Sons
http://www.wikidata.org/entity/Q3221761,Конвектор Тойнби,http://www.wikidata.org/entity/Q40640,Рэй Брэдбери,научная фантастика,1984-01-01T00:00:00Z,
http://www.wikidata.org/entity/Q3549390,Q3549390,http://www.wikidata.org/entity/Q294625,Клиффорд Дональд Саймак,научная фантастика,1979-01-01T00:00:00Z,
http://www.wikidata.org/entity/Q3233793,The Vortex Blaster,http://www.wikidata.org/entity/Q144090,Эдвард Элмер Смит,научная фантастика,1960-01-01T00:00:00Z,Gnome Press
http://www.wikidata.org/entity/Q3759607,Дьявольское семя,http://www.wikidata.org/entity/Q272076,Дин Кунц,научная фантастика,1973-01-01T00:00:00Z,Berkley Books
http://www.wikidata.org/entity/Q3439806,Святой Камбер,http://www.wikidata.org/entity/Q443109,Кэтрин Куртц,научная фантастика,1978-10-01T00:00:00Z,Ballantine Books
http://www.wikidata.org/entity/Q3235534,Гавань Ветров,http://www.wikidata.org/entity/Q181677,Джордж Р. Р. Мартин,научная фантастика,1981-04-01T00:00:00Z,
http://www.wikidata.org/entity/Q3222632,Создатель Вселенных,http://www.wikidata.org/entity/Q296256,Филип Хосе Фармер,научная фантастика,1969-01-01T00:00:00Z,Ace Books
http://www.wikidata.org/entity/Q3698597,The Very Slow Time Machine,http://www.wikidata.org/entity/Q1371639,Йен Уотсон,научная фантастика,1979-01-01T00:00:00Z,
http://www.wikidata.org/entity/Q3222333,Дирдиры,http://www.wikidata.org/entity/Q312632,Джек Вэнс,научная фантастика,1969-01-01T00:00:00Z,Ace Books
http://www.wikidata.org/entity/Q3706366,Далгрен,http://www.wikidata.org/entity/Q438164,Сэмюэль Дилэни,научная фантастика,1975-01-01T00:00:00Z,Bantam Books
http://www.wikidata.org/entity/Q3743610,In Watermelon Sugar,http://www.wikidata.org/entity/Q357114,Ричард Бротиган,научная фантастика,1968-06-14T00:00:00Z,
http://www.wikidata.org/entity/Q3548730,Тернии,http://www.wikidata.org/entity/Q314553,Роберт Силверберг,научная фантастика,1967-01-01T00:00:00Z,Ballantine Books
http://www.wikidata.org/entity/Q3228178,Лицо,http://www.wikidata.org/entity/Q312632,Джек Вэнс,научная фантастика,1979-11-01T00:00:00Z,
http://www.wikidata.org/entity/Q3364951,"All Right, Everybody Off the Planet!",http://www.wikidata.org/entity/Q2907788,Bob Ottum,научная фантастика,1972-01-01T00:00:00Z,
http://www.wikidata.org/entity/Q3221363,Замок лорда Валентина,http://www.wikidata.org/entity/Q314553,Роберт Силверберг,научная фантастика,1980-04-01T00:00:00Z,
http://www.wikidata.org/entity/Q3521397,Интегральные деревья,http://www.wikidata.org/entity/Q316610,Ларри Нивен,научная фантастика,1984-03-01T00:00:00Z,Ballantine Books
http://www.wikidata.org/entity/Q3739350,Отель «У Погибшего Альпиниста»,http://www.wikidata.org/entity/Q61699,Аркадий Натанович Стругацкий,научная фантастика,1970-01-01T00:00:00Z,
http://www.wikidata.org/entity/Q3221363,Замок лорда Валентина,http://www.wikidata.org/entity/Q314553,Роберт Силверберг,научная фантастика,1980-11-01T00:00:00Z,
http://www.wikidata.org/entity/Q3407200,The Planet Savers,http://www.wikidata.org/entity/Q465179,Мэрион Зиммер Брэдли,научная фантастика,1962-01-01T00:00:00Z,Ace Books
http://www.wikidata.org/entity/Q3207312,The Shattered Chain,http://www.wikidata.org/entity/Q465179,Мэрион Зиммер Брэдли,научная фантастика,1976-04-01T00:00:00Z,DAW Books
http://www.wikidata.org/entity/Q3371119,Встреча с медузой,http://www.wikidata.org/entity/Q47087,Артур Чарльз Кларк,научная фантастика,1971-12-01T00:00:00Z,
http://www.wikidata.org/entity/Q3138247,Stories of Strange Worlds,http://www.wikidata.org/entity/Q547414,Альгис Будрис,научная фантастика,1984-01-01T00:00:00Z,
http://www.wikidata.org/entity/Q3497225,Запад Эдема,http://www.wikidata.org/entity/Q489193,Гарри Гаррисон,научная фантастика,1984-08-01T00:00:00Z,
http://www.wikidata.org/entity/Q3417058,Radix,http://www.wikidata.org/entity/Q278510,A. A. Attanasio,научная фантастика,1981-07-01T00:00:00Z,William Morrow and Company
http://www.wikidata.org/entity/Q3234507,Песенный мастер,http://www.wikidata.org/entity/Q217110,Орсон Скотт Кард,научная фантастика,1980-07-01T00:00:00Z,Dell Publishing
http://www.wikidata.org/entity/Q3739350,Отель «У Погибшего Альпиниста»,http://www.wikidata.org/entity/Q59054,Борис Натанович Стругацкий,научная фантастика,1970-01-01T00:00:00Z,
http://www.wikidata.org/entity/Q3627649,The Void Captain's Tale,http://www.wikidata.org/entity/Q455951,Норман Спинрад,научная фантастика,1983-01-01T00:00:00Z,
http://www.wikidata.org/entity/Q3303295,Master of Space and Time,http://www.wikidata.org/entity/Q92849,Руди Рюкер,научная фантастика,1984-01-01T00:00:00Z,
http://www.wikidata.org/entity/Q3549740,Четвёрка на будущее,http://www.wikidata.org/entity/Q295406,Роджер Желязны,научная фантастика,1980-01-01T00:00:00Z,Ace Books
http://www.wikidata.org/entity/Q3207042,The Winds of Darkover,http://www.wikidata.org/entity/Q465179,Мэрион Зиммер Брэдли,научная фантастика,1970-01-01T00:00:00Z,Ace Books
http://www.wikidata.org/entity/Q3234829,Врата мироздания,http://www.wikidata.org/entity/Q296256,Филип Хосе Фармер,научная фантастика,1966-01-01T00:00:00Z,Ace Books
http://www.wikidata.org/entity/Q3505071,On Wings of Song,http://www.wikidata.org/entity/Q708581,Томас М. Диш,научная фантастика,1979-06-01T00:00:00Z,Victor Gollancz
http://www.wikidata.org/entity/Q4013810,Открыть небо,http://www.wikidata.org/entity/Q314553,Роберт Силверберг,научная фантастика,1967-01-01T00:00:00Z,
http://www.wikidata.org/entity/Q4034857,Barlowe's Guide to Extraterrestrials,http://www.wikidata.org/entity/Q2062387,Уэйн Барлоу,научная фантастика,1979-01-01T00:00:00Z,Workman Publishing Company
http://www.wikidata.org/entity/Q4040445,Инферно,http://www.wikidata.org/entity/Q578031,Джерри Пурнель,научная фантастика,1976-05-01T00:00:00Z,Pocket Books
http://www.wikidata.org/entity/Q4374404,Посёлок,http://www.wikidata.org/entity/Q360292,Кир Булычёв,научная фантастика,1980-01-01T00:00:00Z,Детская литература
http://www.wikidata.org/entity/Q4080884,Безжалостное небо,http://www.wikidata.org/entity/Q47087,Артур Чарльз Кларк,научная фантастика,1967-01-01T00:00:00Z,
http://www.wikidata.org/entity/Q4041549,Invasion from 2500,http://www.wikidata.org/entity/Q6145872,Тед Уайт,научная фантастика,1964-01-01T00:00:00Z,
http://www.wikidata.org/entity/Q4257314,Лезвие бритвы,http://www.wikidata.org/entity/Q54828,Иван Антонович Ефремов,научная фантастика,1963-01-01T00:00:00Z,
http://www.wikidata.org/entity/Q4295452,Мир Птаввов,http://www.wikidata.org/entity/Q316610,Ларри Нивен,научная фантастика,1966-01-01T00:00:00Z,Ballantine Books
http://www.wikidata.org/entity/Q4262252,Линкор в нафталине,http://www.wikidata.org/entity/Q489193,Гарри Гаррисон,научная фантастика,1973-01-01T00:00:00Z,
http://www.wikidata.org/entity/Q3870473,Античеловек,http://www.wikidata.org/entity/Q272076,Дин Кунц,научная фантастика,1970-01-01T00:00:00Z,
http://www.wikidata.org/entity/Q3972948,Нейтронная звезда,http://www.wikidata.org/entity/Q316610,Ларри Нивен,научная фантастика,1966-01-01T00:00:00Z,
http://www.wikidata.org/entity/Q4465589,Тупик,http://www.wikidata.org/entity/Q455780,Гарри Тёртлдав,научная фантастика,1985-01-01T00:00:00Z,
http://www.wikidata.org/entity/Q4465589,Тупик,http://www.wikidata.org/entity/Q455780,Гарри Тёртлдав,научная фантастика,1985-11-01T00:00:00Z,
http://www.wikidata.org/entity/Q4378423,Приключения Магнуса Ридольфа,http://www.wikidata.org/entity/Q312632,Джек Вэнс,научная фантастика,1966-01-01T00:00:00Z,
http://www.wikidata.org/entity/Q3974479,Рассказы Десяти Миров,http://www.wikidata.org/entity/Q47087,Артур Чарльз Кларк,научная фантастика,1962-01-01T00:00:00Z,Harcourt
http://www.wikidata.org/entity/Q4366228,Победить на трёх мирах,http://www.wikidata.org/entity/Q220883,Пол Уильям Андерсон,научная фантастика,1964-01-01T00:00:00Z,
http://www.wikidata.org/entity/Q3819526,The Cosmic Eye,http://www.wikidata.org/entity/Q1849325,Мак Рейнольдс,научная фантастика,1963-01-01T00:00:00Z,
http://www.wikidata.org/entity/Q3828618,Strength of Stones,http://www.wikidata.org/entity/Q317491,Грег Бир,научная фантастика,1981-01-01T00:00:00Z,
http://www.wikidata.org/entity/Q3793961,Сын человеческий,http://www.wikidata.org/entity/Q314553,Роберт Силверберг,научная фантастика,1971-06-01T00:00:00Z,
http://www.wikidata.org/entity/Q3790580,Hunters of the Red Moon,http://www.wikidata.org/entity/Q465179,Мэрион Зиммер Брэдли,научная фантастика,1973-01-01T00:00:00Z,
http://www.wikidata.org/entity/Q4355725,Венера на половине ракушки,http://www.wikidata.org/entity/Q296256,Филип Хосе Фармер,научная фантастика,1975-01-01T00:00:00Z,Dell Publishing
http://www.wikidata.org/entity/Q3850813,Маск: Тэйри,http://www.wikidata.org/entity/Q312632,Джек Вэнс,научная фантастика,1976-10-01T00:00:00Z,
http://www.wikidata.org/entity/Q3964706,Душа тьмы,http://www.wikidata.org/entity/Q272076,Дин Кунц,научная фантастика,1972-01-01T00:00:00Z,
http://www.wikidata.org/entity/Q3794326,Q3794326,http://www.wikidata.org/entity/Q40640,Рэй Брэдбери,научная фантастика,1984-01-01T00:00:00Z,
http://www.wikidata.org/entity/Q4631777,В лето 2430 от Р.Х.,http://www.wikidata.org/entity/Q34981,Айзек Азимов,научная фантастика,1970-01-01T00:00:00Z,
http://www.wikidata.org/entity/Q3820060,The Man in the Tree,http://www.wikidata.org/entity/Q534599,Деймон Найт,научная фантастика,1984-01-01T00:00:00Z,
http://www.wikidata.org/entity/Q3883945,Операция «Хаос»,http://www.wikidata.org/entity/Q220883,Пол Уильям Андерсон,научная фантастика,1971-01-01T00:00:00Z,Doubleday
http://www.wikidata.org/entity/Q4354440,Titan,http://www.wikidata.org/entity/Q504805,Джон Варли,научная фантастика,1979-01-01T00:00:00Z,Berkley Books
http://www.wikidata.org/entity/Q3835810,Inherit the Stars,http://www.wikidata.org/entity/Q1061225,James P. Hogan,научная фантастика,1977-05-01T00:00:00Z,
http://www.wikidata.org/entity/Q4426799,"Создания света, Создания тьмы",http://www.wikidata.org/entity/Q295406,Роджер Желязны,научная фантастика,1969-01-01T00:00:00Z,Doubleday
http://www.wikidata.org/entity/Q4630922,2150 AD,http://www.wikidata.org/entity/Q47113177,Thea Alexander,научная фантастика,1976-06-01T00:00:00Z,Hachette Book Group
http://www.wikidata.org/entity/Q4337552,Большое ограбление поезда,http://www.wikidata.org/entity/Q172140,Майкл Крайтон,научная фантастика,1975-05-01T00:00:00Z,Alfred A. Knopf
http://www.wikidata.org/entity/Q4812540,At the Mountains of Madness and Other Novels,http://www.wikidata.org/entity/Q169566,Говард Филлипс Лавкрафт,научная фантастика,1964-01-01T00:00:00Z,
http://www.wikidata.org/entity/Q4009001,Водный гром,http://www.wikidata.org/entity/Q34981,Айзек Азимов,научная фантастика,1970-01-01T00:00:00Z,
http://www.wikidata.org/entity/Q4005963,Endless Voyage,http://www.wikidata.org/entity/Q465179,Мэрион Зиммер Брэдли,научная фантастика,1975-01-01T00:00:00Z,
http://www.wikidata.org/entity/Q4154974,Дар Земли,http://www.wikidata.org/entity/Q316610,Ларри Нивен,научная фантастика,1968-01-01T00:00:00Z,Ballantine Books
http://www.wikidata.org/entity/Q3793416,One Against Time,http://www.wikidata.org/entity/Q3809593,John Russell Fearn,научная фантастика,1969-01-01T00:00:00Z,
http://www.wikidata.org/entity/Q4329382,Обмен разумов,http://www.wikidata.org/entity/Q333246,Роберт Шекли,научная фантастика,1966-01-01T00:00:00Z,
http://www.wikidata.org/entity/Q3790023,40 000 на Геенне,http://www.wikidata.org/entity/Q234030,Кэролайн Черри,научная фантастика,1983-10-01T00:00:00Z,Phantasia Press
http://www.wikidata.org/entity/Q4233820,Король планеты Зима,http://www.wikidata.org/entity/Q181659,Урсула Крёбер Ле Гуин,научная фантастика,1969-09-01T00:00:00Z,
http://www.wikidata.org/entity/Q3939312,Tik-Tok,http://www.wikidata.org/entity/Q1701769,John Sladek,научная фантастика,1983-10-01T00:00:00Z,Victor Gollancz
http://www.wikidata.org/entity/Q4226027,Когда ХАРЛИ исполнился год,http://www.wikidata.org/entity/Q1174539,Дэвид Герролд,научная фантастика,1972-07-01T00:00:00Z,Ballantine Books
http://www.wikidata.org/entity/Q4041549,Invasion from 2500,http://www.wikidata.org/entity/Q1292432,Терри Карр,научная фантастика,1964-01-01T00:00:00Z,
http://www.wikidata.org/entity/Q3820039,Железный человек,http://www.wikidata.org/entity/Q272194,Тед Хьюз,научная фантастика,1968-01-01T00:00:00Z,The Walt Disney Company
http://www.wikidata.org/entity/Q3772166,Наблюдатели,http://www.wikidata.org/entity/Q314553,Роберт Силверберг,научная фантастика,1967-01-01T00:00:00Z,
http://www.wikidata.org/entity/Q3793874,The Brass Dragon,http://www.wikidata.org/entity/Q465179,Мэрион Зиммер Брэдли,научная фантастика,1969-01-01T00:00:00Z,
http://www.wikidata.org/entity/Q3997040,A World Between,http://www.wikidata.org/entity/Q455951,Норман Спинрад,научная фантастика,1979-10-01T00:00:00Z,
http://www.wikidata.org/entity/Q4811128,Astounding: John W. Campbell Memorial Anthology,http://www.wikidata.org/entity/Q489193,Гарри Гаррисон,научная фантастика,1973-11-01T00:00:00Z,
http://www.wikidata.org/entity/Q4779520,Война с «Миром»,http://www.wikidata.org/entity/Q312405,Вернор Виндж,научная фантастика,1984-08-01T00:00:00Z,James Frenkel
http://www.wikidata.org/entity/Q3773220,Геноцид,http://www.wikidata.org/entity/Q708581,Томас М. Диш,научная фантастика,1965-01-01T00:00:00Z,Berkley Books
http://www.wikidata.org/entity/Q4040445,Инферно,http://www.wikidata.org/entity/Q316610,Ларри Нивен,научная фантастика,1976-05-01T00:00:00Z,Pocket Books
http://www.wikidata.org/entity/Q3795985,The Whole Man,http://www.wikidata.org/entity/Q378807,Джон Браннер,научная фантастика,1964-01-01T00:00:00Z,Ballantine Books
http://www.wikidata.org/entity/Q3794594,Алхимический марьяж Элистера Кромптона,http://www.wikidata.org/entity/Q333246,Роберт Шекли,научная фантастика,1978-01-01T00:00:00Z,
http://www.wikidata.org/entity/Q3828987,Остров дельфинов,http://www.wikidata.org/entity/Q47087,Артур Чарльз Кларк,научная фантастика,1963-01-01T00:00:00Z,Holt McDougal
http://www.wikidata.org/entity/Q4635159,334,http://www.wikidata.org/entity/Q708581,Томас М. Диш,научная фантастика,1972-01-01T00:00:00Z,
http://www.wikidata.org/entity/Q3790576,Heroes and Villains,http://www.wikidata.org/entity/Q234519,Анджела Картер,научная фантастика,1969-01-01T00:00:00Z,
http://www.wikidata.org/entity/Q4655962,A Clean Escape,http://www.wikidata.org/entity/Q3066599,Джон Кессел,научная фантастика,1985-05-01T00:00:00Z,Davis Publications Inc
http://www.wikidata.org/entity/Q3925010,Psychlone,http://www.wikidata.org/entity/Q317491,Грег Бир,научная фантастика,1979-01-01T00:00:00Z,
http://www.wikidata.org/entity/Q3828770,Isaac Asimov Presents The Great SF Stories 2,http://www.wikidata.org/entity/Q34981,Айзек Азимов,научная фантастика,1979-08-01T00:00:00Z,DAW Books
http://www.wikidata.org/entity/Q3927617,Прыгуны во времени,http://www.wikidata.org/entity/Q314553,Роберт Силверберг,научная фантастика,1967-01-01T00:00:00Z,
http://www.wikidata.org/entity/Q3980399,Tales of Known Space,http://www.wikidata.org/entity/Q316610,Ларри Нивен,научная фантастика,1975-01-01T00:00:00Z,
http://www.wikidata.org/entity/Q3818639,The Anomaly,http://www.wikidata.org/entity/Q1687871,Джерри Сол,научная фантастика,1971-01-01T00:00:00Z,
http://www.wikidata.org/entity/Q3823481,The Passion of New Eve,http://www.wikidata.org/entity/Q234519,Анджела Картер,научная фантастика,1977-01-01T00:00:00Z,Victor Gollancz
http://www.wikidata.org/entity/Q4299141,Могильник,http://www.wikidata.org/entity/Q294625,Клиффорд Дональд Саймак,научная фантастика,1973-01-01T00:00:00Z,
http://www.wikidata.org/entity/Q4355719,Весна Гелликонии,http://www.wikidata.org/entity/Q238702,Брайан Олдис,научная фантастика,1982-02-25T00:00:00Z,
http://www.wikidata.org/entity/Q3962149,Старый-престарый способ,http://www.wikidata.org/entity/Q34981,Айзек Азимов,научная фантастика,1976-01-01T00:00:00Z,
http://www.wikidata.org/entity/Q3795701,Sign of the Labrys,http://www.wikidata.org/entity/Q3290528,Margaret St. Clair,научная фантастика,1963-01-01T00:00:00Z,
http://www.wikidata.org/entity/Q3823214,The Woodrow Wilson Dime,http://www.wikidata.org/entity/Q115674,Уолтер Брейден Финней,научная фантастика,1968-01-01T00:00:00Z,
http://www.wikidata.org/entity/Q3828987,Остров дельфинов,http://www.wikidata.org/entity/Q47087,Артур Чарльз Кларк,научная фантастика,1963-01-01T00:00:00Z,Victor Gollancz
http://www.wikidata.org/entity/Q4313991,Настанет время,http://www.wikidata.org/entity/Q220883,Пол Уильям Андерсон,научная фантастика,1972-09-01T00:00:00Z,Doubleday
http://www.wikidata.org/entity/Q4532140,Энциклопедия Дюны,http://www.wikidata.org/entity/Q8022042,Willis E. McNelly,научная фантастика,1984-06-01T00:00:00Z,Berkley Books
http://www.wikidata.org/entity/Q4779339,Grimm's World,http://www.wikidata.org/entity/Q312405,Вернор Виндж,научная фантастика,1969-01-01T00:00:00Z,
http://www.wikidata.org/entity/Q3828474,Серебряные яйцеглавы,http://www.wikidata.org/entity/Q313185,Фриц Лейбер,научная фантастика,1961-01-01T00:00:00Z,
http://www.wikidata.org/entity/Q3828782,The Infernal Desire Machines of Doctor Hoffman,http://www.wikidata.org/entity/Q234519,Анджела Картер,научная фантастика,1972-01-01T00:00:00Z,Руперт Харт-Дэвис
http://www.wikidata.org/entity/Q4808860,Assignment Nor'Dyren,http://www.wikidata.org/entity/Q7659993,Sydney J. Van Scyoc,научная фантастика,1973-01-01T00:00:00Z,
http://www.wikidata.org/entity/Q3790665,The Dancers of Noyo,http://www.wikidata.org/entity/Q3290528,Margaret St. Clair,научная фантастика,1973-01-01T00:00:00Z,
http://www.wikidata.org/entity/Q3881932,Beyond Capella,http://www.wikidata.org/entity/Q1701926,John T. Phillifent,научная фантастика,1971-01-01T00:00:00Z,
http://www.wikidata.org/entity/Q3819303,Creatures of the Abyss,http://www.wikidata.org/entity/Q550449,Мюррей Лейнстер,научная фантастика,1961-01-01T00:00:00Z,
http://www.wikidata.org/entity/Q4085629,Бесконечный вестерн,http://www.wikidata.org/entity/Q333246,Роберт Шекли,научная фантастика,1976-08-01T00:00:00Z,
http://www.wikidata.org/entity/Q3892990,The Probability Broach,http://www.wikidata.org/entity/Q1797785,Л. Нил Смит,научная фантастика,1979-01-01T00:00:00Z,
http://www.wikidata.org/entity/Q3818036,The Empire Strikes Back,http://www.wikidata.org/entity/Q2080947,Дональд Ф. Глют,научная фантастика,1980-04-12T00:00:00Z,Del Rey Books
http://www.wikidata.org/entity/Q4346922,Се человек,http://www.wikidata.org/entity/Q316138,Майкл Муркок,научная фантастика,1969-01-01T00:00:00Z,Allison & Busby
http://www.wikidata.org/entity/Q3874394,A Whiff of Madness,http://www.wikidata.org/entity/Q1081888,Рон Гуларт,научная фантастика,1976-01-01T00:00:00Z,
http://www.wikidata.org/entity/Q4656592,Сны об Уэссексе,http://www.wikidata.org/entity/Q707796,Кристофер Прист,научная фантастика,1977-10-01T00:00:00Z,Faber and Faber
http://www.wikidata.org/entity/Q3823830,Those Gentle Voices,http://www.wikidata.org/entity/Q550614,Джордж Алек Эффинджер,научная фантастика,1976-01-01T00:00:00Z,
http://www.wikidata.org/entity/Q3870482,Озарение,http://www.wikidata.org/entity/Q34981,Айзек Азимов,научная фантастика,1976-01-01T00:00:00Z,
http://www.wikidata.org/entity/Q4150354,Грот танцующих оленей,http://www.wikidata.org/entity/Q294625,Клиффорд Дональд Саймак,научная фантастика,1980-04-01T00:00:00Z,
http://www.wikidata.org/entity/Q3828767,Isaac Asimov Presents The Great SF Stories 1,http://www.wikidata.org/entity/Q34981,Айзек Азимов,научная фантастика,1979-01-01T00:00:00Z,DAW Books
http://www.wikidata.org/entity/Q4540312,"Покайся, Арлекин! — сказал Тиктакщик",http://www.wikidata.org/entity/Q311253,Харлан Эллисон,научная фантастика,1965-12-01T00:00:00Z,
http://www.wikidata.org/entity/Q4631904,24 вида горы Фудзи кисти Хокусая,http://www.wikidata.org/entity/Q295406,Роджер Желязны,научная фантастика,1985-07-01T00:00:00Z,Asimov’s Science Fiction
http://www.wikidata.org/entity/Q4316759,Нелимитированная орбита,http://www.wikidata.org/entity/Q220883,Пол Уильям Андерсон,научная фантастика,1961-01-01T00:00:00Z,
http://www.wikidata.org/entity/Q3920897,"Сабелла, или Кровавый камень",http://www.wikidata.org/entity/Q261962,Танит Ли,научная фантастика,1980-04-01T00:00:00Z,
http://www.wikidata.org/entity/Q4014872,Second Ending,http://www.wikidata.org/entity/Q586756,Джеймс Уайт,научная фантастика,1961-01-01T00:00:00Z,
http://www.wikidata.org/entity/Q4793685,Armor,http://www.wikidata.org/entity/Q280001,Джон Стикли,научная фантастика,1984-12-04T00:00:00Z,DAW Books
http://www.wikidata.org/entity/Q4009727,Ветер ниоткуда,http://www.wikidata.org/entity/Q140201,Джеймс Баллард,научная фантастика,1961-01-01T00:00:00Z,Berkley Books
http://www.wikidata.org/entity/Q3828766,Isaac Asimov Presents The Great SF Stories 3,http://www.wikidata.org/entity/Q34981,Айзек Азимов,научная фантастика,1980-01-01T00:00:00Z,DAW Books
http://www.wikidata.org/entity/Q4517611,Чудеса в Гусляре,http://www.wikidata.org/entity/Q360292,Кир Булычёв,научная фантастика,1972-01-01T00:00:00Z,
http://www.wikidata.org/entity/Q4656674,A Far Sunset,http://www.wikidata.org/entity/Q1286138,Эдмунд Купер,научная фантастика,1967-01-01T00:00:00Z,Hodder & Stoughton
http://www.wikidata.org/entity/Q4182240,За день до революции,http://www.wikidata.org/entity/Q181659,Урсула Крёбер Ле Гуин,научная фантастика,1974-08-01T00:00:00Z,
http://www.wikidata.org/entity/Q3819716,Принцип оборотня,http://www.wikidata.org/entity/Q294625,Клиффорд Дональд Саймак,научная фантастика,1967-01-01T00:00:00Z,G. P. Putnam's Sons
http://www.wikidata.org/entity/Q4016617,Молот Вулкана,http://www.wikidata.org/entity/Q171091,Филип Дик,научная фантастика,1960-01-01T00:00:00Z,
http://www.wikidata.org/entity/Q4294225,Минимум необходимого,http://www.wikidata.org/entity/Q333246,Роберт Шекли,научная фантастика,1965-09-01T00:00:00Z,
http://www.wikidata.org/entity/Q3791329,The Hunters,http://www.wikidata.org/entity/Q40992062,Jack Lovejoy,научная фантастика,1982-01-01T00:00:00Z,
http://www.wikidata.org/entity/Q3797757,The Watch Below,http://www.wikidata.org/entity/Q586756,Джеймс Уайт,научная фантастика,1966-01-01T00:00:00Z,
http://www.wikidata.org/entity/Q3880662,Green Eyes,http://www.wikidata.org/entity/Q256959,Люциус Шепард,научная фантастика,1984-05-01T00:00:00Z,Ace Books
http://www.wikidata.org/entity/Q4779427,Витлинг,http://www.wikidata.org/entity/Q312405,Вернор Виндж,научная фантастика,1976-01-01T00:00:00Z,
http://www.wikidata.org/entity/Q4313991,Настанет время,http://www.wikidata.org/entity/Q220883,Пол Уильям Андерсон,научная фантастика,1972-09-01T00:00:00Z,New American Library
http://www.wikidata.org/entity/Q3772163,Цивилизация статуса,http://www.wikidata.org/entity/Q333246,Роберт Шекли,научная фантастика,1960-01-01T00:00:00Z,
http://www.wikidata.org/entity/Q4321699,"Ничего, кроме льда",http://www.wikidata.org/entity/Q613453,Дмитрий Александрович Биленкин,научная фантастика,1974-01-01T00:00:00Z,
http://www.wikidata.org/entity/Q3855060,Mercenaries of the time,http://www.wikidata.org/entity/Q3934775,Richard C. Meredith,научная фантастика,1973-01-01T00:00:00Z,
http://www.wikidata.org/entity/Q4003215,"Привет, Америка!",http://www.wikidata.org/entity/Q140201,Джеймс Баллард,научная фантастика,1981-06-04T00:00:00Z,Jonathan Cape
http://www.wikidata.org/entity/Q3782938,Han Solo at Stars' End,http://www.wikidata.org/entity/Q4963506,Brian Daley,научная фантастика,1979-01-01T00:00:00Z,Del Rey Books
http://www.wikidata.org/entity/Q4163834,Добрые вести из Ватикана,http://www.wikidata.org/entity/Q314553,Роберт Силверберг,научная фантастика,1971-01-01T00:00:00Z,
http://www.wikidata.org/entity/Q4364850,Пленённая вселенная,http://www.wikidata.org/entity/Q489193,Гарри Гаррисон,научная фантастика,1969-01-01T00:00:00Z,G. P. Putnam's Sons
http://www.wikidata.org/entity/Q3829050,The Ruins of Isis,http://www.wikidata.org/entity/Q465179,Мэрион Зиммер Брэдли,научная фантастика,1978-01-01T00:00:00Z,
http://www.wikidata.org/entity/Q3795843,The Reproductive System,http://www.wikidata.org/entity/Q1701769,John Sladek,научная фантастика,1968-01-01T00:00:00Z,
http://www.wikidata.org/entity/Q4154349,Далёкая Радуга,http://www.wikidata.org/entity/Q61699,Аркадий Натанович Стругацкий,научная фантастика,1963-01-01T00:00:00Z,Мир
http://www.wikidata.org/entity/Q4354234,Британские СС,http://www.wikidata.org/entity/Q505274,Лен Дейтон,научная фантастика,1978-08-24T00:00:00Z,Jonathan Cape
http://www.wikidata.org/entity/Q3795023,Dinner at Deviant's Palace,http://www.wikidata.org/entity/Q363810,Тим Пауэрс,научная фантастика,1985-01-01T00:00:00Z,
http://www.wikidata.org/entity/Q4154349,Далёкая Радуга,http://www.wikidata.org/entity/Q59054,Борис Натанович Стругацкий,научная фантастика,1963-01-01T00:00:00Z,Мир
http://www.wikidata.org/entity/Q3819643,Вторжение с Ганимеда,http://www.wikidata.org/entity/Q2324126,Рэй Нельсон,научная фантастика,1967-01-01T00:00:00Z,Ace Books
http://www.wikidata.org/entity/Q4411127,Свободное владение Фарнхэма,http://www.wikidata.org/entity/Q123078,Роберт Хайнлайн,научная фантастика,1964-01-01T00:00:00Z,G. P. Putnam's Sons
http://www.wikidata.org/entity/Q3791386,Космические вампиры,http://www.wikidata.org/entity/Q368831,Колин Уилсон,научная фантастика,1976-01-01T00:00:00Z,Random House
http://www.wikidata.org/entity/Q4501974,Хтон,http://www.wikidata.org/entity/Q559409,Пирс Энтони,научная фантастика,1967-07-01T00:00:00Z,Ballantine Books
http://www.wikidata.org/entity/Q4226032,Когда вымерли динозавры?,http://www.wikidata.org/entity/Q360292,Кир Булычёв,научная фантастика,1967-01-01T00:00:00Z,
http://www.wikidata.org/entity/Q3793866,Доктор Будущее,http://www.wikidata.org/entity/Q171091,Филип Дик,научная фантастика,1960-01-01T00:00:00Z,Ace Books
http://www.wikidata.org/entity/Q3822982,A Touch of Infinity,http://www.wikidata.org/entity/Q380202,Говард Мелвин Фаст,научная фантастика,1973-01-01T00:00:00Z,
http://www.wikidata.org/entity/Q4330144,Обширней и медлительней империй,http://www.wikidata.org/entity/Q181659,Урсула Крёбер Ле Гуин,научная фантастика,1971-01-01T00:00:00Z,
http://www.wikidata.org/entity/Q4009749,Солнечный ветер,http://www.wikidata.org/entity/Q47087,Артур Чарльз Кларк,научная фантастика,1972-01-01T00:00:00Z,Harcourt
http://www.wikidata.org/entity/Q4154349,Далёкая Радуга,http://www.wikidata.org/entity/Q61699,Аркадий Натанович Стругацкий,научная фантастика,1963-01-01T00:00:00Z,Macmillan Publishers
http://www.wikidata.org/entity/Q4156548,Девять жизней,http://www.wikidata.org/entity/Q181659,Урсула Крёбер Ле Гуин,научная фантастика,1969-11-01T00:00:00Z,
http://www.wikidata.org/entity/Q3968388,Звёздотрясение,http://www.wikidata.org/entity/Q2000229,Роберт Л. Форвард,научная фантастика,1985-10-01T00:00:00Z,Ballantine Books
http://www.wikidata.org/entity/Q4154349,Далёкая Радуга,http://www.wikidata.org/entity/Q59054,Борис Натанович Стругацкий,научная фантастика,1963-01-01T00:00:00Z,Macmillan Publishers
http://www.wikidata.org/entity/Q3878511,Norstrilia,http://www.wikidata.org/entity/Q937000,Пол Смит,научная фантастика,1975-02-01T00:00:00Z,Ballantine Books
http://www.wikidata.org/entity/Q3795125,A Science Fantasy for Young People,http://www.wikidata.org/entity/Q210669,Кен Фоллетт,научная фантастика,1976-01-01T00:00:00Z,
http://www.wikidata.org/entity/Q4000829,Q4000829,http://www.wikidata.org/entity/Q42511,Герберт Уэллс,научная фантастика,1966-01-01T00:00:00Z,
http://www.wikidata.org/entity/Q3790781,Falcons of Narabedla,http://www.wikidata.org/entity/Q465179,Мэрион Зиммер Брэдли,научная фантастика,1964-01-01T00:00:00Z,Ace Books
http://www.wikidata.org/entity/Q4503218,Царица ветров и тьмы,http://www.wikidata.org/entity/Q220883,Пол Уильям Андерсон,научная фантастика,1971-04-01T00:00:00Z,
http://www.wikidata.org/entity/Q3845815,Когда святые маршируют,http://www.wikidata.org/entity/Q34981,Айзек Азимов,научная фантастика,1976-01-01T00:00:00Z,
http://www.wikidata.org/entity/Q3819643,Вторжение с Ганимеда,http://www.wikidata.org/entity/Q171091,Филип Дик,научная фантастика,1967-01-01T00:00:00Z,Ace Books
http://www.wikidata.org/entity/Q3896637,The Escape Orbit,http://www.wikidata.org/entity/Q586756,Джеймс Уайт,научная фантастика,1963-01-01T00:00:00Z,
http://www.wikidata.org/entity/Q3899753,Survey Ship,http://www.wikidata.org/entity/Q465179,Мэрион Зиммер Брэдли,научная фантастика,1980-01-01T00:00:00Z,
http://www.wikidata.org/entity/Q4396397,Роза для Экклезиаста,http://www.wikidata.org/entity/Q295406,Роджер Желязны,научная фантастика,1963-11-01T00:00:00Z,
http://www.wikidata.org/entity/Q3795592,Return of the Jedi,http://www.wikidata.org/entity/Q374540,Джеймс Кан,научная фантастика,1983-05-12T00:00:00Z,Del Rey Books
http://www.wikidata.org/entity/Q4006112,Nutzenbolts and More Troubles with Machines,http://www.wikidata.org/entity/Q1081888,Рон Гуларт,научная фантастика,1975-01-01T00:00:00Z,
http://www.wikidata.org/entity/Q5554664,Getting into Death,http://www.wikidata.org/entity/Q708581,Томас М. Диш,научная фантастика,1974-01-01T00:00:00Z,Руперт Харт-Дэвис
http://www.wikidata.org/entity/Q5049223,Кассандра,http://www.wikidata.org/entity/Q234030,Кэролайн Черри,научная фантастика,1978-10-01T00:00:00Z,
http://www.wikidata.org/entity/Q5036954,Пленники огня,http://www.wikidata.org/entity/Q438164,Сэмюэль Дилэни,научная фантастика,1963-01-01T00:00:00Z,Ace Books
http://www.wikidata.org/entity/Q5580438,Голем100,http://www.wikidata.org/entity/Q286116,Альфред Бестер,научная фантастика,1980-04-01T00:00:00Z,
http://www.wikidata.org/entity/Q4660663,Ветер на пороге,http://www.wikidata.org/entity/Q257261,Мадлен Л’Энгл,научная фантастика,1973-01-01T00:00:00Z,
http://www.wikidata.org/entity/Q5287115,Doc Savage: His Apocalyptic Life,http://www.wikidata.org/entity/Q296256,Филип Хосе Фармер,научная фантастика,1973-01-01T00:00:00Z,Doubleday
http://www.wikidata.org/entity/Q4927946,Зелье,http://www.wikidata.org/entity/Q575345,Алан Дин Фостер,научная фантастика,1973-01-01T00:00:00Z,Ballantine Books
http://www.wikidata.org/entity/Q5684866,Hawk of May,http://www.wikidata.org/entity/Q539221,Gillian Bradshaw,научная фантастика,1980-05-01T00:00:00Z,Simon & Schuster
http://www.wikidata.org/entity/Q5242849,Day Million,http://www.wikidata.org/entity/Q312641,Фредерик Пол,научная фантастика,1970-01-01T00:00:00Z,
http://www.wikidata.org/entity/Q5140094,Кодекс Творца,http://www.wikidata.org/entity/Q1061225,James P. Hogan,научная фантастика,1983-06-01T00:00:00Z,
http://www.wikidata.org/entity/Q5977633,Стылый полёт,http://www.wikidata.org/entity/Q171091,Филип Дик,научная фантастика,1980-01-01T00:00:00Z,
http://www.wikidata.org/entity/Q5977633,Стылый полёт,http://www.wikidata.org/entity/Q171091,Филип Дик,научная фантастика,1980-12-01T00:00:00Z,
http://www.wikidata.org/entity/Q5376051,Игра Эндера,http://www.wikidata.org/entity/Q217110,Орсон Скотт Кард,научная фантастика,1977-08-01T00:00:00Z,
http://www.wikidata.org/entity/Q5186638,Critical Mass,http://www.wikidata.org/entity/Q312641,Фредерик Пол,научная фантастика,1962-02-01T00:00:00Z,
http://www.wikidata.org/entity/Q4749742,An Age,http://www.wikidata.org/entity/Q238702,Брайан Олдис,научная фантастика,1967-01-01T00:00:00Z,Faber and Faber
http://www.wikidata.org/entity/Q5575703,God's Grace,http://www.wikidata.org/entity/Q351547,Бернард Маламуд,научная фантастика,1982-01-01T00:00:00Z,"Farrar, Straus and Giroux"
http://www.wikidata.org/entity/Q5327308,Earthseed,http://www.wikidata.org/entity/Q453835,Pamela Sargent,научная фантастика,1983-01-01T00:00:00Z,
http://www.wikidata.org/entity/Q5278647,Планета динозавров II,http://www.wikidata.org/entity/Q233046,Энн Маккефри,научная фантастика,1984-01-01T00:00:00Z,Del Rey Books
http://www.wikidata.org/entity/Q5377731,Engine Summer,http://www.wikidata.org/entity/Q736447,Джон Краули,научная фантастика,1979-03-01T00:00:00Z,Doubleday
http://www.wikidata.org/entity/Q5499925,Свободные люди,http://www.wikidata.org/entity/Q123078,Роберт Хайнлайн,научная фантастика,1966-01-01T00:00:00Z,
http://www.wikidata.org/entity/Q5223283,Тёмное солнце,http://www.wikidata.org/entity/Q296256,Филип Хосе Фармер,научная фантастика,1979-01-01T00:00:00Z,Del Rey Books
http://www.wikidata.org/entity/Q5306714,Dreams and Fancies,http://www.wikidata.org/entity/Q169566,Говард Филлипс Лавкрафт,научная фантастика,1962-01-01T00:00:00Z,Arkham House
http://www.wikidata.org/entity/Q4659923,Быстро вращается планета,http://www.wikidata.org/entity/Q257261,Мадлен Л’Энгл,научная фантастика,1978-07-01T00:00:00Z,
http://www.wikidata.org/entity/Q5641738,Half Past Human,http://www.wikidata.org/entity/Q5968748,T. J. Bass,научная фантастика,1971-01-01T00:00:00Z,Ballantine Books
http://www.wikidata.org/entity/Q4676455,Через миллиард лет,http://www.wikidata.org/entity/Q314553,Роберт Силверберг,научная фантастика,1969-01-01T00:00:00Z,
http://www.wikidata.org/entity/Q5306426,Парк Грёз,http://www.wikidata.org/entity/Q316610,Ларри Нивен,научная фантастика,1981-03-01T00:00:00Z,
http://www.wikidata.org/entity/Q5476126,Fourth Mansions,http://www.wikidata.org/entity/Q982489,R. A. Lafferty,научная фантастика,1969-01-01T00:00:00Z,Ace Books
http://www.wikidata.org/entity/Q5278647,Планета динозавров II,http://www.wikidata.org/entity/Q233046,Энн Маккефри,научная фантастика,1984-01-01T00:00:00Z,Orbit Books
http://www.wikidata.org/entity/Q5420922,Expedition Venus,http://www.wikidata.org/entity/Q12020889,Хью Уолтерс,научная фантастика,1962-01-01T00:00:00Z,Faber and Faber
http://www.wikidata.org/entity/Q5121837,Circus World,http://www.wikidata.org/entity/Q809012,Барри Брукс Лонгиер,научная фантастика,1981-01-01T00:00:00Z,Berkley Books
http://www.wikidata.org/entity/Q5521912,Гаран вечный,http://www.wikidata.org/entity/Q235899,Андре Нортон,научная фантастика,1972-01-01T00:00:00Z,"Fantasy Publishing Company, Inc."
http://www.wikidata.org/entity/Q5149134,Colossus,http://www.wikidata.org/entity/Q5258405,Dennis Feltham Jones,научная фантастика,1966-01-01T00:00:00Z,Руперт Харт-Дэвис
http://www.wikidata.org/entity/Q4876880,Beasts,http://www.wikidata.org/entity/Q736447,Джон Краули,научная фантастика,1976-01-01T00:00:00Z,
http://www.wikidata.org/entity/Q4753290,And Chaos Died,http://www.wikidata.org/entity/Q265270,Джоанна Расс,научная фантастика,1970-01-01T00:00:00Z,
http://www.wikidata.org/entity/Q5977636,I Hope I Shall Arrive Soon,http://www.wikidata.org/entity/Q171091,Филип Дик,научная фантастика,1985-01-01T00:00:00Z,Doubleday
http://www.wikidata.org/entity/Q5451941,Огни Азерота,http://www.wikidata.org/entity/Q234030,Кэролайн Черри,научная фантастика,1979-06-01T00:00:00Z,
http://www.wikidata.org/entity/Q5452874,First Contact?,http://www.wikidata.org/entity/Q12020889,Хью Уолтерс,научная фантастика,1971-01-01T00:00:00Z,Faber and Faber
http://www.wikidata.org/entity/Q4899208,Between the Strokes of Night,http://www.wikidata.org/entity/Q943997,Чарльз Шеффилд,научная фантастика,1985-07-01T00:00:00Z,
http://www.wikidata.org/entity/Q5684866,Hawk of May,http://www.wikidata.org/entity/Q539221,Gillian Bradshaw,научная фантастика,1980-05-01T00:00:00Z,New American Library
http://www.wikidata.org/entity/Q5306348,Dream Dancer,http://www.wikidata.org/entity/Q6153517,Janet Morris,научная фантастика,1980-03-27T00:00:00Z,Berkley Books
http://www.wikidata.org/entity/Q5332749,Эхо плоти твоей,http://www.wikidata.org/entity/Q708581,Томас М. Диш,научная фантастика,1967-01-01T00:00:00Z,
http://www.wikidata.org/entity/Q5186638,Critical Mass,http://www.wikidata.org/entity/Q376859,Сирил Корнблат,научная фантастика,1962-02-01T00:00:00Z,
http://www.wikidata.org/entity/Q5227661,Умереть в Италбаре,http://www.wikidata.org/entity/Q295406,Роджер Желязны,научная фантастика,1973-01-01T00:00:00Z,Doubleday
http://www.wikidata.org/entity/Q5454052,First Voyages,http://www.wikidata.org/entity/Q534599,Деймон Найт,научная фантастика,1981-01-01T00:00:00Z,Avon Publications
http://www.wikidata.org/entity/Q5664449,Harrigan's File,http://www.wikidata.org/entity/Q509002,Август Дерлет,научная фантастика,1975-01-01T00:00:00Z,Arkham House
http://www.wikidata.org/entity/Q4831111,"Да, и Гоморра...",http://www.wikidata.org/entity/Q438164,Сэмюэль Дилэни,научная фантастика,1967-10-01T00:00:00Z,
http://www.wikidata.org/entity/Q4753304,And Having Writ...,http://www.wikidata.org/entity/Q4083857,Дональд Рональд Бенсен,научная фантастика,1978-01-01T00:00:00Z,Bobbs-Merrill Company
http://www.wikidata.org/entity/Q4959485,Завтрак на руинах,http://www.wikidata.org/entity/Q316138,Майкл Муркок,научная фантастика,1972-01-01T00:00:00Z,
http://www.wikidata.org/entity/Q5015918,Cachalot,http://www.wikidata.org/entity/Q575345,Алан Дин Фостер,научная фантастика,1980-04-01T00:00:00Z,Del Rey Books
http://www.wikidata.org/entity/Q5466780,For Love of Audrey Rose,http://www.wikidata.org/entity/Q1443129,Фрэнк Де Фелитта,научная фантастика,1981-01-01T00:00:00Z,
http://www.wikidata.org/entity/Q4657695,A Letter from the Clearys,http://www.wikidata.org/entity/Q234700,Конни Уиллис,научная фантастика,1982-07-01T00:00:00Z,
http://www.wikidata.org/entity/Q5601487,Greatheart Silver,http://www.wikidata.org/entity/Q296256,Филип Хосе Фармер,научная фантастика,1981-01-01T00:00:00Z,
http://www.wikidata.org/entity/Q5601487,Greatheart Silver,http://www.wikidata.org/entity/Q296256,Филип Хосе Фармер,научная фантастика,1982-01-01T00:00:00Z,
http://www.wikidata.org/entity/Q5280265,Наследники,http://www.wikidata.org/entity/Q7934,Фрэнк Герберт,научная фантастика,1980-01-01T00:00:00Z,Ace Books
http://www.wikidata.org/entity/Q5288226,Созвездие Пса,http://www.wikidata.org/entity/Q47087,Артур Чарльз Кларк,научная фантастика,1962-04-01T00:00:00Z,
http://www.wikidata.org/entity/Q5420302,Exiles to Glory,http://www.wikidata.org/entity/Q578031,Джерри Пурнель,научная фантастика,1978-07-01T00:00:00Z,Ace Books
http://www.wikidata.org/entity/Q5054015,Кошачьим взглядом,http://www.wikidata.org/entity/Q235899,Андре Нортон,научная фантастика,1961-01-01T00:00:00Z,
http://www.wikidata.org/entity/Q5944644,Охотник за мирами,http://www.wikidata.org/entity/Q234030,Кэролайн Черри,научная фантастика,1977-03-01T00:00:00Z,DAW Books
http://www.wikidata.org/entity/Q4975705,Братья Земли,http://www.wikidata.org/entity/Q234030,Кэролайн Черри,научная фантастика,1976-10-01T00:00:00Z,DAW Books
http://www.wikidata.org/entity/Q5004615,Byte Beautiful: Eight Science Fiction Stories,http://www.wikidata.org/entity/Q234928,Джеймс Типтри-младший,научная фантастика,1985-11-01T00:00:00Z,Doubleday
http://www.wikidata.org/entity/Q5014801,МВ,http://www.wikidata.org/entity/Q534599,Деймон Найт,научная фантастика,1985-01-01T00:00:00Z,Tom Doherty
http://www.wikidata.org/entity/Q5374208,Empire of Two Worlds,http://www.wikidata.org/entity/Q790762,Баррингтон Джон Бейли,научная фантастика,1972-01-01T00:00:00Z,Ace Books
http://www.wikidata.org/entity/Q5307472,Стекляшки,http://www.wikidata.org/entity/Q438164,Сэмюэль Дилэни,научная фантастика,1971-01-01T00:00:00Z,New American Library
http://www.wikidata.org/entity/Q4676501,По морю солнц,http://www.wikidata.org/entity/Q358312,Грегори Бенфорд,научная фантастика,1984-01-01T00:00:00Z,Simon & Schuster
http://www.wikidata.org/entity/Q5327335,Всё созданное Землёй,http://www.wikidata.org/entity/Q238702,Брайан Олдис,научная фантастика,1965-01-01T00:00:00Z,Faber and Faber
http://www.wikidata.org/entity/Q5303046,Down to a Sunless Sea,http://www.wikidata.org/entity/Q5234293,Давид Грэм,научная фантастика,1979-01-01T00:00:00Z,Robert Hale and Company
http://www.wikidata.org/entity/Q5688738,He Fell Into a Dark Hole,http://www.wikidata.org/entity/Q578031,Джерри Пурнель,научная фантастика,1973-03-01T00:00:00Z,
http://www.wikidata.org/entity/Q5114250,Chronopolis and Other Stories,http://www.wikidata.org/entity/Q140201,Джеймс Баллард,научная фантастика,1971-01-01T00:00:00Z,G. P. Putnam's Sons
http://www.wikidata.org/entity/Q4730158,Все мириады путей,http://www.wikidata.org/entity/Q316610,Ларри Нивен,научная фантастика,1971-01-01T00:00:00Z,Ballantine Books
http://www.wikidata.org/entity/Q4899922,Beyond Apollo,http://www.wikidata.org/entity/Q113554,Barry N. Malzberg,научная фантастика,1972-06-01T00:00:00Z,Pocket Books
http://www.wikidata.org/entity/Q5422666,Глаз Кота,http://www.wikidata.org/entity/Q295406,Роджер Желязны,научная фантастика,1982-01-01T00:00:00Z,Underwood–Miller
http://www.wikidata.org/entity/Q4899922,Beyond Apollo,http://www.wikidata.org/entity/Q113554,Barry N. Malzberg,научная фантастика,1972-06-01T00:00:00Z,Random House
http://www.wikidata.org/entity/Q5265142,Destination Mars,http://www.wikidata.org/entity/Q12020889,Хью Уолтерс,научная фантастика,1963-01-01T00:00:00Z,Faber and Faber
http://www.wikidata.org/entity/Q5149140,Colossus and the Crab,http://www.wikidata.org/entity/Q5258405,Dennis Feltham Jones,научная фантастика,1977-01-01T00:00:00Z,
http://www.wikidata.org/entity/Q5375409,Enchantress from the Stars,http://www.wikidata.org/entity/Q443008,Sylvia Engdahl,научная фантастика,1970-01-01T00:00:00Z,
http://www.wikidata.org/entity/Q4769484,Annihilation Factor,http://www.wikidata.org/entity/Q790762,Баррингтон Джон Бейли,научная фантастика,1972-01-01T00:00:00Z,Ace Books
http://www.wikidata.org/entity/Q5086609,Харон: дракон в воротах,http://www.wikidata.org/entity/Q1398751,Джек Чалкер,научная фантастика,1982-01-01T00:00:00Z,Del Rey Books
http://www.wikidata.org/entity/Q5422593,Eye,http://www.wikidata.org/entity/Q7934,Фрэнк Герберт,научная фантастика,1985-01-01T00:00:00Z,Berkley Books
http://www.wikidata.org/entity/Q4741947,Ambulance Ship,http://www.wikidata.org/entity/Q586756,Джеймс Уайт,научная фантастика,1979-01-01T00:00:00Z,Ballantine Books
http://www.wikidata.org/entity/Q5399966,Est: The Steersman Handbook,http://www.wikidata.org/entity/Q3294620,Лесли Стивенс,научная фантастика,1970-01-01T00:00:00Z,Bantam Books
http://www.wikidata.org/entity/Q5063905,Цербер: волк в овчарне,http://www.wikidata.org/entity/Q1398751,Джек Чалкер,научная фантастика,1982-01-01T00:00:00Z,Del Rey Books
http://www.wikidata.org/entity/Q4973287,Brokedown Palace,http://www.wikidata.org/entity/Q1780503,Стивен Браст,научная фантастика,1985-01-01T00:00:00Z,Ace Books
http://www.wikidata.org/entity/Q5420298,Изгнанники у Колодца Душ,http://www.wikidata.org/entity/Q1398751,Джек Чалкер,научная фантастика,1978-01-01T00:00:00Z,Del Rey Books
http://www.wikidata.org/entity/Q5451592,Fire in the Abyss,http://www.wikidata.org/entity/Q7325990,Ричард Гордон,научная фантастика,1983-01-01T00:00:00Z,
http://www.wikidata.org/entity/Q5447545,Fifth Planet,http://www.wikidata.org/entity/Q5534685,Geoffrey Hoyle,научная фантастика,1963-01-01T00:00:00Z,Heinemann
http://www.wikidata.org/entity/Q5291465,Не кусайте солнце,http://www.wikidata.org/entity/Q261962,Танит Ли,научная фантастика,1976-01-01T00:00:00Z,
http://www.wikidata.org/entity/Q4660803,Мир вне времени,http://www.wikidata.org/entity/Q316610,Ларри Нивен,научная фантастика,1976-09-01T00:00:00Z,Holt McDougal
http://www.wikidata.org/entity/Q5166395,Convergent Series,http://www.wikidata.org/entity/Q316610,Ларри Нивен,научная фантастика,1979-01-01T00:00:00Z,Del Rey Books
http://www.wikidata.org/entity/Q5226593,Фантастическая сага,http://www.wikidata.org/entity/Q489193,Гарри Гаррисон,научная фантастика,1967-01-01T00:00:00Z,Doubleday
http://www.wikidata.org/entity/Q5309346,Походка пьяницы,http://www.wikidata.org/entity/Q312641,Фредерик Пол,научная фантастика,1960-11-01T00:00:00Z,Ballantine Books
http://www.wikidata.org/entity/Q5166395,Convergent Series,http://www.wikidata.org/entity/Q316610,Ларри Нивен,научная фантастика,1979-01-01T00:00:00Z,Ballantine Books
http://www.wikidata.org/entity/Q5299563,"Double, Double",http://www.wikidata.org/entity/Q378807,Джон Браннер,научная фантастика,1969-01-01T00:00:00Z,Ballantine Books
http://www.wikidata.org/entity/Q6087208,Фантастическое путешествие,http://www.wikidata.org/entity/Q34981,Айзек Азимов,научная фантастика,1966-01-01T00:00:00Z,
http://www.wikidata.org/entity/Q5035837,Капитолий,http://www.wikidata.org/entity/Q217110,Орсон Скотт Кард,научная фантастика,1979-01-01T00:00:00Z,Ace Books
http://www.wikidata.org/entity/Q5466784,Ради любви к не-матери,http://www.wikidata.org/entity/Q575345,Алан Дин Фостер,научная фантастика,1983-01-01T00:00:00Z,Del Rey Books
http://www.wikidata.org/entity/Q4676501,По морю солнц,http://www.wikidata.org/entity/Q358312,Грегори Бенфорд,научная фантастика,1984-01-01T00:00:00Z,Timescape Books
http://www.wikidata.org/entity/Q5097878,Child of Fortune,http://www.wikidata.org/entity/Q455951,Норман Спинрад,научная фантастика,1985-08-01T00:00:00Z,Bantam Books
http://www.wikidata.org/entity/Q5422107,Extra(ordinary) People,http://www.wikidata.org/entity/Q265270,Джоанна Расс,научная фантастика,1984-04-01T00:00:00Z,
http://www.wikidata.org/entity/Q5147491,Collision Course,http://www.wikidata.org/entity/Q790762,Баррингтон Джон Бейли,научная фантастика,1973-02-01T00:00:00Z,DAW Books
http://www.wikidata.org/entity/Q5327069,Earth Dreams,http://www.wikidata.org/entity/Q6153517,Janet Morris,научная фантастика,1982-06-01T00:00:00Z,Berkley Books
http://www.wikidata.org/entity/Q5466556,Footprints on Sand,http://www.wikidata.org/entity/Q316313,Лайон Спрэг де Камп,научная фантастика,1981-01-01T00:00:00Z,Advent:Publishers
http://www.wikidata.org/entity/Q4659355,A Scourge of Screamers,http://www.wikidata.org/entity/Q1160619,Дэниэл Ф. Галуйе,научная фантастика,1968-01-01T00:00:00Z,Bantam Books
http://www.wikidata.org/entity/Q5527315,Gateway to Strangeness,http://www.wikidata.org/entity/Q312632,Джек Вэнс,научная фантастика,1962-01-01T00:00:00Z,
http://www.wikidata.org/entity/Q5411916,The Barbie Murders,http://www.wikidata.org/entity/Q504805,Джон Варли,научная фантастика,1978-01-01T00:00:00Z,
http://www.wikidata.org/entity/Q5374131,Имперская звезда,http://www.wikidata.org/entity/Q438164,Сэмюэль Дилэни,научная фантастика,1966-01-01T00:00:00Z,Ace Books
http://www.wikidata.org/entity/Q5434595,Far Out,http://www.wikidata.org/entity/Q534599,Деймон Найт,научная фантастика,1961-01-01T00:00:00Z,Simon & Schuster
http://www.wikidata.org/entity/Q5187236,Croatoan,http://www.wikidata.org/entity/Q311253,Харлан Эллисон,научная фантастика,1975-05-01T00:00:00Z,
http://www.wikidata.org/entity/Q5451523,Рыцарь на золотом коне,http://www.wikidata.org/entity/Q236829,Диана Уинн Джонс,научная фантастика,1984-12-01T00:00:00Z,Methuen Publishing
http://www.wikidata.org/entity/Q5053992,Cats Have No Lord,http://www.wikidata.org/entity/Q8003095,Will Shetterly,научная фантастика,1985-04-01T00:00:00Z,
http://www.wikidata.org/entity/Q4677090,Всегда возвращаясь домой,http://www.wikidata.org/entity/Q181659,Урсула Крёбер Ле Гуин,научная фантастика,1985-10-01T00:00:00Z,Harper
http://www.wikidata.org/entity/Q5598212,Gray Matters,http://www.wikidata.org/entity/Q552955,Уильям Хьёртсберг,научная фантастика,1971-01-01T00:00:00Z,
http://www.wikidata.org/entity/Q5582966,Хороший вкус,http://www.wikidata.org/entity/Q34981,Айзек Азимов,научная фантастика,1976-01-01T00:00:00Z,
http://www.wikidata.org/entity/Q5451502,Fire Watch,http://www.wikidata.org/entity/Q234700,Конни Уиллис,научная фантастика,1982-02-15T00:00:00Z,
http://www.wikidata.org/entity/Q5466981,For a Breath I Tarry,http://www.wikidata.org/entity/Q295406,Роджер Желязны,научная фантастика,1966-09-01T00:00:00Z,
http://www.wikidata.org/entity/Q5554060,Get Off the Unicorn,http://www.wikidata.org/entity/Q233046,Энн Маккефри,научная фантастика,1977-06-01T00:00:00Z,Del Rey Books
http://www.wikidata.org/entity/Q5135263,У критической точки,http://www.wikidata.org/entity/Q453329,Хол Клемент,научная фантастика,1964-07-01T00:00:00Z,Del Rey Books
http://www.wikidata.org/entity/Q5123996,Город тысячи солнц,http://www.wikidata.org/entity/Q438164,Сэмюэль Дилэни,научная фантастика,1965-01-01T00:00:00Z,Ace Books
http://www.wikidata.org/entity/Q5243636,Dayworld,http://www.wikidata.org/entity/Q296256,Филип Хосе Фармер,научная фантастика,1985-02-01T00:00:00Z,G. P. Putnam's Sons
http://www.wikidata.org/entity/Q5325455,Ealdwood,http://www.wikidata.org/entity/Q234030,Кэролайн Черри,научная фантастика,1981-01-01T00:00:00Z,
http://www.wikidata.org/entity/Q5281504,Disclosures in Scarlet,http://www.wikidata.org/entity/Q2503902,Карл Якоби,научная фантастика,1972-01-01T00:00:00Z,Arkham House
http://www.wikidata.org/entity/Q4917091,Рождённый править,http://www.wikidata.org/entity/Q913403,Майк Резник,научная фантастика,1982-02-02T00:00:00Z,
http://www.wikidata.org/entity/Q5191354,Певцы Кристаллов,http://www.wikidata.org/entity/Q233046,Энн Маккефри,научная фантастика,1982-02-01T00:00:00Z,
http://www.wikidata.org/entity/Q5447545,Fifth Planet,http://www.wikidata.org/entity/Q183397,Фред Хойл,научная фантастика,1963-01-01T00:00:00Z,Heinemann
http://www.wikidata.org/entity/Q4660079,Тысяча смертей,http://www.wikidata.org/entity/Q217110,Орсон Скотт Кард,научная фантастика,1978-12-01T00:00:00Z,
http://www.wikidata.org/entity/Q5467012,Для птиц,http://www.wikidata.org/entity/Q34981,Айзек Азимов,научная фантастика,1980-01-01T00:00:00Z,
http://www.wikidata.org/entity/Q4658337,A Momentary Taste of Being,http://www.wikidata.org/entity/Q234928,Джеймс Типтри-младший,научная фантастика,1975-05-01T00:00:00Z,
http://www.wikidata.org/entity/Q5459280,Flight from Rebirth,http://www.wikidata.org/entity/Q349508,J. T. McIntosh,научная фантастика,1971-01-01T00:00:00Z,
http://www.wikidata.org/entity/Q4658990,A Praed Street Dossier,http://www.wikidata.org/entity/Q509002,Август Дерлет,научная фантастика,1968-01-01T00:00:00Z,Mycroft & Moran
http://www.wikidata.org/entity/Q5190141,Crusade,http://www.wikidata.org/entity/Q47087,Артур Чарльз Кларк,научная фантастика,1968-08-01T00:00:00Z,
http://www.wikidata.org/entity/Q5366063,Ellison Wonderland,http://www.wikidata.org/entity/Q311253,Харлан Эллисон,научная фантастика,1962-01-01T00:00:00Z,New American Library
http://www.wikidata.org/entity/Q5234815,Славный маленький тостер,http://www.wikidata.org/entity/Q708581,Томас М. Диш,научная фантастика,1980-08-01T00:00:00Z,
http://www.wikidata.org/entity/Q4911990,Мозг стоимостью в миллиард долларов,http://www.wikidata.org/entity/Q505274,Лен Дейтон,научная фантастика,1966-01-01T00:00:00Z,Jonathan Cape
http://www.wikidata.org/entity/Q5256189,Демон,http://www.wikidata.org/entity/Q504805,Джон Варли,научная фантастика,1984-06-01T00:00:00Z,Berkley Books
http://www.wikidata.org/entity/Q4657866,A Little Something for Us Tempunauts,http://www.wikidata.org/entity/Q171091,Филип Дик,научная фантастика,1974-01-01T00:00:00Z,
http://www.wikidata.org/entity/Q5451523,Рыцарь на золотом коне,http://www.wikidata.org/entity/Q236829,Диана Уинн Джонс,научная фантастика,1984-12-01T00:00:00Z,HarperCollins
http://www.wikidata.org/entity/Q5306426,Парк Грёз,http://www.wikidata.org/entity/Q2594458,Стивен Барнс,научная фантастика,1981-03-01T00:00:00Z,
http://www.wikidata.org/entity/Q5507305,Фуга для темнеющего острова,http://www.wikidata.org/entity/Q707796,Кристофер Прист,научная фантастика,1972-01-01T00:00:00Z,Faber and Faber
http://www.wikidata.org/entity/Q5420751,Расширенная Вселенная,http://www.wikidata.org/entity/Q123078,Роберт Хайнлайн,научная фантастика,1980-01-01T00:00:00Z,Ace Books
http://www.wikidata.org/entity/Q5643194,Галлюцинация,http://www.wikidata.org/entity/Q34981,Айзек Азимов,научная фантастика,1985-01-01T00:00:00Z,
http://www.wikidata.org/entity/Q5531532,Gene Wolfe's Book of Days,http://www.wikidata.org/entity/Q361149,Джин Вулф,научная фантастика,1981-01-01T00:00:00Z,Doubleday
http://www.wikidata.org/entity/Q4658917,A Planet Called Utopia,http://www.wikidata.org/entity/Q349508,J. T. McIntosh,научная фантастика,1979-01-01T00:00:00Z,
http://www.wikidata.org/entity/Q5370535,Emergence,http://www.wikidata.org/entity/Q5238842,Дэвид Р. Палмер,научная фантастика,1984-11-01T00:00:00Z,Bantam Spectra
http://www.wikidata.org/entity/Q5406934,Бесконечная война,http://www.wikidata.org/entity/Q347461,Джо Холдеман,научная фантастика,1974-12-19T00:00:00Z,St. Martin's Press
http://www.wikidata.org/entity/Q4884626,Below the Root,http://www.wikidata.org/entity/Q8071937,Zilpha Keatley Snyder,научная фантастика,1975-01-01T00:00:00Z,Atheneum Books
http://www.wikidata.org/entity/Q4917019,Birth of Fire,http://www.wikidata.org/entity/Q578031,Джерри Пурнель,научная фантастика,1976-01-01T00:00:00Z,
http://www.wikidata.org/entity/Q5582823,Good News,http://www.wikidata.org/entity/Q937610,Эдвард Эбби,научная фантастика,1980-01-01T00:00:00Z,Dutton
http://www.wikidata.org/entity/Q5499909,Free Live Free,http://www.wikidata.org/entity/Q361149,Джин Вулф,научная фантастика,1984-12-01T00:00:00Z,Mark V. Ziesing
http://www.wikidata.org/entity/Q5466556,Footprints on Sand,http://www.wikidata.org/entity/Q1050951,Catherine Crook de Camp,научная фантастика,1981-01-01T00:00:00Z,Advent:Publishers
http://www.wikidata.org/entity/Q4900077,Запредел,http://www.wikidata.org/entity/Q534599,Деймон Найт,научная фантастика,1964-01-01T00:00:00Z,Doubleday
http://www.wikidata.org/entity/Q5247289,Смерть и сенатор,http://www.wikidata.org/entity/Q47087,Артур Чарльз Кларк,научная фантастика,1961-05-01T00:00:00Z,
http://www.wikidata.org/entity/Q7074477,Клятва верности,http://www.wikidata.org/entity/Q316610,Ларри Нивен,научная фантастика,1981-08-01T00:00:00Z,
http://www.wikidata.org/entity/Q5978780,Я помню Вавилон,http://www.wikidata.org/entity/Q47087,Артур Чарльз Кларк,научная фантастика,1960-05-01T00:00:00Z,
http://www.wikidata.org/entity/Q7050465,Норби — необыкновенный робот,http://www.wikidata.org/entity/Q34981,Айзек Азимов,научная фантастика,1983-01-01T00:00:00Z,
http://www.wikidata.org/entity/Q6057120,Interstellar Pig,http://www.wikidata.org/entity/Q1515266,William Sleator,научная фантастика,1984-01-01T00:00:00Z,Bantam Books
http://www.wikidata.org/entity/Q6692038,Lovecraft's Book,http://www.wikidata.org/entity/Q3430446,Ричард А Лупофф,научная фантастика,1985-06-01T00:00:00Z,Arkham House
http://www.wikidata.org/entity/Q7269157,Quark/4,http://www.wikidata.org/entity/Q3293094,Marilyn Hacker,научная фантастика,1971-08-01T00:00:00Z,Hachette Book Group
http://www.wikidata.org/entity/Q6410642,Kindred,http://www.wikidata.org/entity/Q239739,Октавия Батлер,научная фантастика,1979-06-01T00:00:00Z,Doubleday
http://www.wikidata.org/entity/Q6733429,Mahars of Pellucidar,http://www.wikidata.org/entity/Q13427383,John Eric Holmes,научная фантастика,1976-01-01T00:00:00Z,Ace Books
http://www.wikidata.org/entity/Q6012063,In the Doghouse,http://www.wikidata.org/entity/Q217110,Орсон Скотт Кард,научная фантастика,1978-12-01T00:00:00Z,
http://www.wikidata.org/entity/Q7011334,New Rose Hotel,http://www.wikidata.org/entity/Q188987,Уильям Гибсон,научная фантастика,1984-01-01T00:00:00Z,
http://www.wikidata.org/entity/Q7011334,New Rose Hotel,http://www.wikidata.org/entity/Q188987,Уильям Гибсон,научная фантастика,1984-07-01T00:00:00Z,
http://www.wikidata.org/entity/Q6718068,MS Fnd in a Lbry,http://www.wikidata.org/entity/Q325301,Хэл Дрейпер,научная фантастика,1961-12-01T00:00:00Z,
http://www.wikidata.org/entity/Q6912792,Morning Child,http://www.wikidata.org/entity/Q720562,Гарднер Дозуа,научная фантастика,1984-01-01T00:00:00Z,
http://www.wikidata.org/entity/Q6679477,Лорд Кальван из другого когда,http://www.wikidata.org/entity/Q1364100,Г. Бим Пайпер,научная фантастика,1965-01-01T00:00:00Z,Ace Books
http://www.wikidata.org/entity/Q7050019,Nor Crystal Tears,http://www.wikidata.org/entity/Q575345,Алан Дин Фостер,научная фантастика,1982-08-12T00:00:00Z,Del Rey Books
http://www.wikidata.org/entity/Q6271990,Песчаные короли,http://www.wikidata.org/entity/Q181677,Джордж Р. Р. Мартин,научная фантастика,1979-08-01T00:00:00Z,
http://www.wikidata.org/entity/Q6906797,Памятник,http://www.wikidata.org/entity/Q949829,Ллойд Биггл-младший,научная фантастика,1971-01-01T00:00:00Z,Doubleday
http://www.wikidata.org/entity/Q6314599,The Jupiter Effect,http://www.wikidata.org/entity/Q130780,Джон Гриббин,научная фантастика,1974-01-01T00:00:00Z,
http://www.wikidata.org/entity/Q6059427,Invaders from Rigel,http://www.wikidata.org/entity/Q1351464,Флетчер Прэтт,научная фантастика,1960-01-01T00:00:00Z,Avalon Books
http://www.wikidata.org/entity/Q6878845,Mission to Mercury,http://www.wikidata.org/entity/Q12020889,Хью Уолтерс,научная фантастика,1965-01-01T00:00:00Z,Faber and Faber
http://www.wikidata.org/entity/Q6188310,Иисус на Марсе,http://www.wikidata.org/entity/Q296256,Филип Хосе Фармер,научная фантастика,1979-01-01T00:00:00Z,
http://www.wikidata.org/entity/Q6058153,Работорговцы космоса,http://www.wikidata.org/entity/Q378807,Джон Браннер,научная фантастика,1968-01-01T00:00:00Z,Lancer Books
http://www.wikidata.org/entity/Q6154663,Янычары,http://www.wikidata.org/entity/Q578031,Джерри Пурнель,научная фантастика,1979-06-01T00:00:00Z,Ace Books
http://www.wikidata.org/entity/Q6075964,Isaac Asimov Presents The Great SF Stories 4,http://www.wikidata.org/entity/Q315059,Альфред ван Вогт,научная фантастика,1980-01-01T00:00:00Z,DAW Books
http://www.wikidata.org/entity/Q7278196,R Is for Rocket,http://www.wikidata.org/entity/Q40640,Рэй Брэдбери,научная фантастика,1962-01-01T00:00:00Z,Doubleday
http://www.wikidata.org/entity/Q6391385,Kensho,http://www.wikidata.org/entity/Q5258930,Dennis Schmidt,научная фантастика,1979-01-01T00:00:00Z,
http://www.wikidata.org/entity/Q5767559,Hinterlands,http://www.wikidata.org/entity/Q188987,Уильям Гибсон,научная фантастика,1981-10-01T00:00:00Z,
http://www.wikidata.org/entity/Q6666875,Logan's World,http://www.wikidata.org/entity/Q2578761,Уильям Ф. Нолан,научная фантастика,1977-01-01T00:00:00Z,
http://www.wikidata.org/entity/Q6907444,Moon Base One,http://www.wikidata.org/entity/Q12020889,Хью Уолтерс,научная фантастика,1960-01-01T00:00:00Z,
http://www.wikidata.org/entity/Q6927918,Моцарт в зеркальных очках,http://www.wikidata.org/entity/Q1095977,Lewis Shiner,научная фантастика,1985-09-01T00:00:00Z,
http://www.wikidata.org/entity/Q7269155,Quark/3,http://www.wikidata.org/entity/Q438164,Сэмюэль Дилэни,научная фантастика,1971-01-01T00:00:00Z,Hachette Book Group
http://www.wikidata.org/entity/Q6723749,Machines That Think,http://www.wikidata.org/entity/Q191050,Амброз Гвиннет Бирс,научная фантастика,1984-01-01T00:00:00Z,
http://www.wikidata.org/entity/Q6878850,Миссия в Молокин,http://www.wikidata.org/entity/Q575345,Алан Дин Фостер,научная фантастика,1979-01-01T00:00:00Z,Del Rey Books
http://www.wikidata.org/entity/Q6785485,Masters of the Maze,http://www.wikidata.org/entity/Q782991,Эйв Дэвидсон,научная фантастика,1965-01-01T00:00:00Z,Jove Books
http://www.wikidata.org/entity/Q6010311,In Other Worlds,http://www.wikidata.org/entity/Q278510,A. A. Attanasio,научная фантастика,1985-01-01T00:00:00Z,
http://www.wikidata.org/entity/Q6075964,Isaac Asimov Presents The Great SF Stories 4,http://www.wikidata.org/entity/Q684748,Лестер дель Рей,научная фантастика,1980-01-01T00:00:00Z,DAW Books
http://www.wikidata.org/entity/Q6080488,Ишмаэль,http://www.wikidata.org/entity/Q288198,Барбара Хэмбли,научная фантастика,1985-05-01T00:00:00Z,
http://www.wikidata.org/entity/Q5826325,The Pusher,http://www.wikidata.org/entity/Q504805,Джон Варли,научная фантастика,1981-10-01T00:00:00Z,
http://www.wikidata.org/entity/Q6547848,Лилит: змея в траве,http://www.wikidata.org/entity/Q1398751,Джек Чалкер,научная фантастика,1981-10-01T00:00:00Z,Del Rey Books
http://www.wikidata.org/entity/Q5877926,Hoka!,http://www.wikidata.org/entity/Q220883,Пол Уильям Андерсон,научная фантастика,1983-01-01T00:00:00Z,
http://www.wikidata.org/entity/Q7096762,Operation Ares,http://www.wikidata.org/entity/Q361149,Джин Вулф,научная фантастика,1970-01-01T00:00:00Z,Berkley Books
http://www.wikidata.org/entity/Q6058171,Into the Sun & Other Stories,http://www.wikidata.org/entity/Q1419656,Robert Duncan Milne,научная фантастика,1980-01-01T00:00:00Z,"Donald M. Grant, Publisher"
http://www.wikidata.org/entity/Q7033667,Ночь света,http://www.wikidata.org/entity/Q296256,Филип Хосе Фармер,научная фантастика,1966-01-01T00:00:00Z,
http://www.wikidata.org/entity/Q6680198,Lords of the Psychon,http://www.wikidata.org/entity/Q1160619,Дэниэл Ф. Галуйе,научная фантастика,1963-01-01T00:00:00Z,Bantam Books
http://www.wikidata.org/entity/Q7439139,Scribblings,http://www.wikidata.org/entity/Q316313,Лайон Спрэг де Камп,научная фантастика,1972-01-01T00:00:00Z,NESFA Press
http://www.wikidata.org/entity/Q6012063,In the Doghouse,http://www.wikidata.org/entity/Q6166313,Jay A. Parry,научная фантастика,1978-12-01T00:00:00Z,
http://www.wikidata.org/entity/Q6772373,В плену орбиты,http://www.wikidata.org/entity/Q1277983,Мартин Кейдин,научная фантастика,1964-01-01T00:00:00Z,
http://www.wikidata.org/entity/Q6075973,Isaac Asimov Presents The Great SF Stories 8,http://www.wikidata.org/entity/Q717071,Nelson S. Bond,научная фантастика,1982-01-01T00:00:00Z,DAW Books
http://www.wikidata.org/entity/Q7297223,Рэй Брэдбери,http://www.wikidata.org/entity/Q40640,Рэй Брэдбери,научная фантастика,1975-01-01T00:00:00Z,
http://www.wikidata.org/entity/Q6411423,Космический корабль короля Давида,http://www.wikidata.org/entity/Q578031,Джерри Пурнель,научная фантастика,1973-02-01T00:00:00Z,Simon & Schuster
http://www.wikidata.org/entity/Q7033977,Nightmares and Daydreams,http://www.wikidata.org/entity/Q717071,Nelson S. Bond,научная фантастика,1968-01-01T00:00:00Z,Arkham House
http://www.wikidata.org/entity/Q6272668,Звёздные войны: Эпизод IV. Новая надежда,http://www.wikidata.org/entity/Q575345,Алан Дин Фостер,научная фантастика,1976-11-12T00:00:00Z,
http://www.wikidata.org/entity/Q6037784,Внутри и снаружи,http://www.wikidata.org/entity/Q296256,Филип Хосе Фармер,научная фантастика,1964-01-01T00:00:00Z,Ballantine Books
http://www.wikidata.org/entity/Q6059433,Invaders from the Infinite,http://www.wikidata.org/entity/Q435056,Джон Вуд Кэмпбелл,научная фантастика,1961-01-01T00:00:00Z,Fantasy Press
http://www.wikidata.org/entity/Q6059433,Invaders from the Infinite,http://www.wikidata.org/entity/Q435056,Джон Вуд Кэмпбелл,научная фантастика,1961-01-01T00:00:00Z,Gnome Press
http://www.wikidata.org/entity/Q6353404,Kalki,http://www.wikidata.org/entity/Q167821,Гор Видал,научная фантастика,1978-01-01T00:00:00Z,Random House
http://www.wikidata.org/entity/Q6679889,"Lord Randy, My Son",http://www.wikidata.org/entity/Q15401631,Joe L. Hensley,научная фантастика,1967-01-01T00:00:00Z,
http://www.wikidata.org/entity/Q6011102,In Winter's Shadow,http://www.wikidata.org/entity/Q539221,Gillian Bradshaw,научная фантастика,1983-07-01T00:00:00Z,New American Library
http://www.wikidata.org/entity/Q6075973,Isaac Asimov Presents The Great SF Stories 8,http://www.wikidata.org/entity/Q40640,Рэй Брэдбери,научная фантастика,1982-01-01T00:00:00Z,DAW Books
http://www.wikidata.org/entity/Q7271488,В поисках Колодца Душ,http://www.wikidata.org/entity/Q1398751,Джек Чалкер,научная фантастика,1978-01-01T00:00:00Z,Del Rey Books
http://www.wikidata.org/entity/Q5755774,High Justice,http://www.wikidata.org/entity/Q578031,Джерри Пурнель,научная фантастика,1977-05-01T00:00:00Z,Pocket Books
http://www.wikidata.org/entity/Q6690865,Love Is the Plan the Plan Is Death,http://www.wikidata.org/entity/Q234928,Джеймс Типтри-младший,научная фантастика,1973-04-01T00:00:00Z,
http://www.wikidata.org/entity/Q6725394,Macrolife,http://www.wikidata.org/entity/Q3102027,Джордж Зебровски,научная фантастика,1979-05-01T00:00:00Z,Harper
http://www.wikidata.org/entity/Q6075969,Isaac Asimov Presents The Great SF Stories 6,http://www.wikidata.org/entity/Q315059,Альфред ван Вогт,научная фантастика,1981-01-01T00:00:00Z,DAW Books
http://www.wikidata.org/entity/Q6075964,Isaac Asimov Presents The Great SF Stories 4,http://www.wikidata.org/entity/Q34981,Айзек Азимов,научная фантастика,1980-01-01T00:00:00Z,DAW Books
http://www.wikidata.org/entity/Q6484850,Ландо Калриссиан и Арфа Души народа шару,http://www.wikidata.org/entity/Q1797785,Л. Нил Смит,научная фантастика,1983-01-01T00:00:00Z,Del Rey Books
http://www.wikidata.org/entity/Q7250993,"Больше, чем дантист",http://www.wikidata.org/entity/Q559409,Пирс Энтони,научная фантастика,1971-01-01T00:00:00Z,
http://www.wikidata.org/entity/Q6411423,Космический корабль короля Давида,http://www.wikidata.org/entity/Q578031,Джерри Пурнель,научная фантастика,1973-02-01T00:00:00Z,Orbit Books
http://www.wikidata.org/entity/Q5908606,Hospital Station,http://www.wikidata.org/entity/Q586756,Джеймс Уайт,научная фантастика,1962-01-01T00:00:00Z,Ballantine Books
http://www.wikidata.org/entity/Q6012759,In the Pocket: And Other SF Stories,http://www.wikidata.org/entity/Q113554,Barry N. Malzberg,научная фантастика,1971-01-01T00:00:00Z,Ace Books
http://www.wikidata.org/entity/Q6075964,Isaac Asimov Presents The Great SF Stories 4,http://www.wikidata.org/entity/Q363227,Фредерик Браун,научная фантастика,1980-01-01T00:00:00Z,DAW Books
http://www.wikidata.org/entity/Q6075964,Isaac Asimov Presents The Great SF Stories 4,http://www.wikidata.org/entity/Q5542993,George O. Smith,научная фантастика,1980-01-01T00:00:00Z,DAW Books
http://www.wikidata.org/entity/Q6713755,M33 in Andromeda,http://www.wikidata.org/entity/Q315059,Альфред ван Вогт,научная фантастика,1971-04-01T00:00:00Z,Hachette Book Group
http://www.wikidata.org/entity/Q6075973,Isaac Asimov Presents The Great SF Stories 8,http://www.wikidata.org/entity/Q240253,Теодор Старджон,научная фантастика,1982-01-01T00:00:00Z,DAW Books
http://www.wikidata.org/entity/Q6075964,Isaac Asimov Presents The Great SF Stories 4,http://www.wikidata.org/entity/Q242530,Кэтрин Люсиль Мур,научная фантастика,1980-01-01T00:00:00Z,DAW Books
http://www.wikidata.org/entity/Q6273369,Сириус экспериментирует,http://www.wikidata.org/entity/Q40874,Дорис Лессинг,научная фантастика,1980-01-01T00:00:00Z,Alfred A. Knopf
http://www.wikidata.org/entity/Q6980071,Native Tongue,http://www.wikidata.org/entity/Q2741191,Сьюзет Хейден Элджин,научная фантастика,1984-08-01T00:00:00Z,DAW Books
http://www.wikidata.org/entity/Q6075975,Isaac Asimov Presents The Great SF Stories 9,http://www.wikidata.org/entity/Q1680150,Martin H. Greenberg,научная фантастика,1983-01-01T00:00:00Z,DAW Books
http://www.wikidata.org/entity/Q6075969,Isaac Asimov Presents The Great SF Stories 6,http://www.wikidata.org/entity/Q684748,Лестер дель Рей,научная фантастика,1981-01-01T00:00:00Z,DAW Books
http://www.wikidata.org/entity/Q5910399,Hot Sleep,http://www.wikidata.org/entity/Q217110,Орсон Скотт Кард,научная фантастика,1979-01-01T00:00:00Z,
http://www.wikidata.org/entity/Q6302242,Judas,http://www.wikidata.org/entity/Q378807,Джон Браннер,научная фантастика,1967-01-01T00:00:00Z,
http://www.wikidata.org/entity/Q7269157,Quark/4,http://www.wikidata.org/entity/Q438164,Сэмюэль Дилэни,научная фантастика,1971-08-01T00:00:00Z,Hachette Book Group
http://www.wikidata.org/entity/Q6984443,Nearly Neptune,http://www.wikidata.org/entity/Q12020889,Хью Уолтерс,научная фантастика,1969-01-01T00:00:00Z,Faber and Faber
http://www.wikidata.org/entity/Q6912579,Ночь морлоков,http://www.wikidata.org/entity/Q1090406,K. W. Jeter,научная фантастика,1979-01-01T00:00:00Z,
http://www.wikidata.org/entity/Q6945094,My Brother's Keeper,http://www.wikidata.org/entity/Q943997,Чарльз Шеффилд,научная фантастика,1982-01-01T00:00:00Z,Ace Books
http://www.wikidata.org/entity/Q6002253,Образ зверя,http://www.wikidata.org/entity/Q296256,Филип Хосе Фармер,научная фантастика,1968-01-01T00:00:00Z,
http://www.wikidata.org/entity/Q6009297,In Deep,http://www.wikidata.org/entity/Q534599,Деймон Найт,научная фантастика,1963-01-01T00:00:00Z,
http://www.wikidata.org/entity/Q6398074,Ключ из глубин времён,http://www.wikidata.org/entity/Q235899,Андре Нортон,научная фантастика,1963-01-01T00:00:00Z,
http://www.wikidata.org/entity/Q6007366,Implosion,http://www.wikidata.org/entity/Q5258405,Dennis Feltham Jones,научная фантастика,1967-01-01T00:00:00Z,
http://www.wikidata.org/entity/Q6785292,Master of the Five Magics,http://www.wikidata.org/entity/Q948960,Lyndon Hardy,научная фантастика,1980-10-01T00:00:00Z,Del Rey Books
http://www.wikidata.org/entity/Q6273369,Сириус экспериментирует,http://www.wikidata.org/entity/Q40874,Дорис Лессинг,научная фантастика,1980-01-01T00:00:00Z,Jonathan Cape
http://www.wikidata.org/entity/Q6075975,Isaac Asimov Presents The Great SF Stories 9,http://www.wikidata.org/entity/Q34981,Айзек Азимов,научная фантастика,1983-01-01T00:00:00Z,DAW Books
http://www.wikidata.org/entity/Q7096686,Operating Manual for Spaceship Earth,http://www.wikidata.org/entity/Q102289,Ричард Бакминстер Фуллер,научная фантастика,1968-01-01T00:00:00Z,
http://www.wikidata.org/entity/Q7078795,Of Other Worlds,http://www.wikidata.org/entity/Q9204,Клайв Стейплз Льюис,научная фантастика,1966-01-01T00:00:00Z,
http://www.wikidata.org/entity/Q6938117,Murder on Mars,http://www.wikidata.org/entity/Q12020889,Хью Уолтерс,научная фантастика,1975-01-01T00:00:00Z,Faber and Faber
http://www.wikidata.org/entity/Q7269155,Quark/3,http://www.wikidata.org/entity/Q3293094,Marilyn Hacker,научная фантастика,1971-01-01T00:00:00Z,Hachette Book Group
http://www.wikidata.org/entity/Q6751719,Manshape,http://www.wikidata.org/entity/Q378807,Джон Браннер,научная фантастика,1981-01-01T00:00:00Z,
http://www.wikidata.org/entity/Q6842848,Полночь у Колодца Душ,http://www.wikidata.org/entity/Q1398751,Джек Чалкер,научная фантастика,1977-07-01T00:00:00Z,Del Rey Books
http://www.wikidata.org/entity/Q6296438,Journey to Jupiter,http://www.wikidata.org/entity/Q12020889,Хью Уолтерс,научная фантастика,1965-01-01T00:00:00Z,
http://www.wikidata.org/entity/Q6751719,Manshape,http://www.wikidata.org/entity/Q378807,Джон Браннер,научная фантастика,1982-01-01T00:00:00Z,
http://www.wikidata.org/entity/Q6807339,Медуза: прыжок тигра,http://www.wikidata.org/entity/Q1398751,Джек Чалкер,научная фантастика,1983-01-01T00:00:00Z,Del Rey Books
http://www.wikidata.org/entity/Q7252129,Protostars,http://www.wikidata.org/entity/Q1174539,Дэвид Герролд,научная фантастика,1971-01-01T00:00:00Z,
http://www.wikidata.org/entity/Q7050465,Норби — необыкновенный робот,http://www.wikidata.org/entity/Q517435,Джанет Азимова,научная фантастика,1983-01-01T00:00:00Z,
http://www.wikidata.org/entity/Q7111754,Out of the Everywhere and Other Extraordinary Visions,http://www.wikidata.org/entity/Q234928,Джеймс Типтри-младший,научная фантастика,1981-12-01T00:00:00Z,Del Rey Books
http://www.wikidata.org/entity/Q7097344,Operation Nuke,http://www.wikidata.org/entity/Q1277983,Мартин Кейдин,научная фантастика,1973-01-01T00:00:00Z,Arbor House
http://www.wikidata.org/entity/Q6738279,Major Operation,http://www.wikidata.org/entity/Q586756,Джеймс Уайт,научная фантастика,1971-01-01T00:00:00Z,
http://www.wikidata.org/entity/Q6203572,Jizzle,http://www.wikidata.org/entity/Q313673,Джон Уиндем,научная фантастика,1968-01-01T00:00:00Z,
http://www.wikidata.org/entity/Q6075969,Isaac Asimov Presents The Great SF Stories 6,http://www.wikidata.org/entity/Q5131996,Cleve Cartmill,научная фантастика,1981-01-01T00:00:00Z,DAW Books
http://www.wikidata.org/entity/Q6075969,Isaac Asimov Presents The Great SF Stories 6,http://www.wikidata.org/entity/Q313185,Фриц Лейбер,научная фантастика,1981-01-01T00:00:00Z,DAW Books
http://www.wikidata.org/entity/Q5985957,Ледовое снаряжение,http://www.wikidata.org/entity/Q575345,Алан Дин Фостер,научная фантастика,1974-03-01T00:00:00Z,Del Rey Books
http://www.wikidata.org/entity/Q7103925,Звезда сироты,http://www.wikidata.org/entity/Q575345,Алан Дин Фостер,научная фантастика,1977-01-01T00:00:00Z,Del Rey Books
http://www.wikidata.org/entity/Q6864449,Звёздный старатель,http://www.wikidata.org/entity/Q550449,Мюррей Лейнстер,научная фантастика,1967-01-01T00:00:00Z,
http://www.wikidata.org/entity/Q6673346,Long Voyage Back,http://www.wikidata.org/entity/Q1855263,Люк Райнхарт,научная фантастика,1983-01-01T00:00:00Z,
http://www.wikidata.org/entity/Q6907618,Moon of Mutiny,http://www.wikidata.org/entity/Q684748,Лестер дель Рей,научная фантастика,1961-01-01T00:00:00Z,Holt McDougal
http://www.wikidata.org/entity/Q6985286,Создатель туманности,http://www.wikidata.org/entity/Q337373,Уильям Олаф Стэплдон,научная фантастика,1976-01-01T00:00:00Z,
http://www.wikidata.org/entity/Q5980640,The Years of the City,http://www.wikidata.org/entity/Q312641,Фредерик Пол,научная фантастика,1984-01-01T00:00:00Z,Timescape Books
http://www.wikidata.org/entity/Q7142482,Passage to Pluto,http://www.wikidata.org/entity/Q12020889,Хью Уолтерс,научная фантастика,1973-01-01T00:00:00Z,Faber and Faber
http://www.wikidata.org/entity/Q6075964,Isaac Asimov Presents The Great SF Stories 4,http://www.wikidata.org/entity/Q453329,Хол Клемент,научная фантастика,1980-01-01T00:00:00Z,DAW Books
http://www.wikidata.org/entity/Q7074477,Клятва верности,http://www.wikidata.org/entity/Q578031,Джерри Пурнель,научная фантастика,1981-08-01T00:00:00Z,
http://www.wikidata.org/entity/Q6906797,Памятник,http://www.wikidata.org/entity/Q949829,Ллойд Биггл-младший,научная фантастика,1974-01-01T00:00:00Z,Doubleday
http://www.wikidata.org/entity/Q6057957,С кометой,http://www.wikidata.org/entity/Q47087,Артур Чарльз Кларк,научная фантастика,1960-10-01T00:00:00Z,
http://www.wikidata.org/entity/Q6815282,Memoirs of a Spacewoman,http://www.wikidata.org/entity/Q461571,Наоми Митчисон,научная фантастика,1962-01-01T00:00:00Z,Victor Gollancz
http://www.wikidata.org/entity/Q7443959,Мстители Каррига,http://www.wikidata.org/entity/Q378807,Джон Браннер,научная фантастика,1962-01-01T00:00:00Z,Ace Books
http://www.wikidata.org/entity/Q6393265,Ker-Plop,http://www.wikidata.org/entity/Q7693654,Ted Reynolds,научная фантастика,1979-01-01T00:00:00Z,
http://www.wikidata.org/entity/Q6075973,Isaac Asimov Presents The Great SF Stories 8,http://www.wikidata.org/entity/Q363227,Фредерик Браун,научная фантастика,1982-01-01T00:00:00Z,DAW Books
http://www.wikidata.org/entity/Q6725637,Macroscope,http://www.wikidata.org/entity/Q559409,Пирс Энтони,научная фантастика,1969-01-01T00:00:00Z,Avon Publications
http://www.wikidata.org/entity/Q6075969,Isaac Asimov Presents The Great SF Stories 6,http://www.wikidata.org/entity/Q298242,Ли Брэкетт,научная фантастика,1981-01-01T00:00:00Z,DAW Books
http://www.wikidata.org/entity/Q7111646,Вне бездны времени,http://www.wikidata.org/entity/Q148234,Эдгар Райс Берроуз,научная фантастика,1963-01-01T00:00:00Z,Ace Books
http://www.wikidata.org/entity/Q7078921,Off Center,http://www.wikidata.org/entity/Q534599,Деймон Найт,научная фантастика,1965-01-01T00:00:00Z,Ace Books
http://www.wikidata.org/entity/Q6835650,Michaelmas,http://www.wikidata.org/entity/Q547414,Альгис Будрис,научная фантастика,1977-07-01T00:00:00Z,
http://www.wikidata.org/entity/Q6383174,Keep the Giraffe Burning,http://www.wikidata.org/entity/Q1701769,John Sladek,научная фантастика,1977-01-01T00:00:00Z,Panther Books
http://www.wikidata.org/entity/Q5916312,"Houston, Houston, Do You Read?",http://www.wikidata.org/entity/Q234928,Джеймс Типтри-младший,научная фантастика,1976-05-01T00:00:00Z,
http://www.wikidata.org/entity/Q7433538,Science Fiction Inventions,http://www.wikidata.org/entity/Q534599,Деймон Найт,научная фантастика,1967-01-01T00:00:00Z,Lancer Books
http://www.wikidata.org/entity/Q7444722,Sector General,http://www.wikidata.org/entity/Q586756,Джеймс Уайт,научная фантастика,1983-01-01T00:00:00Z,
http://www.wikidata.org/entity/Q6483876,"Страна, которой нет на карте",http://www.wikidata.org/entity/Q708029,Кеннет Балмер,научная фантастика,1965-01-01T00:00:00Z,Ace Books
http://www.wikidata.org/entity/Q6075964,Isaac Asimov Presents The Great SF Stories 4,http://www.wikidata.org/entity/Q246303,Энтони Бучер,научная фантастика,1980-01-01T00:00:00Z,DAW Books
http://www.wikidata.org/entity/Q6075973,Isaac Asimov Presents The Great SF Stories 8,http://www.wikidata.org/entity/Q47087,Артур Чарльз Кларк,научная фантастика,1982-01-01T00:00:00Z,DAW Books
http://www.wikidata.org/entity/Q6075969,Isaac Asimov Presents The Great SF Stories 6,http://www.wikidata.org/entity/Q294625,Клиффорд Дональд Саймак,научная фантастика,1981-01-01T00:00:00Z,DAW Books
http://www.wikidata.org/entity/Q7085830,Ole Doc Methuselah,http://www.wikidata.org/entity/Q216896,Лафайет Рональд Хаббард,научная фантастика,1970-07-01T00:00:00Z,
http://www.wikidata.org/entity/Q7003082,Нейтронная ловушка,http://www.wikidata.org/entity/Q47087,Артур Чарльз Кларк,научная фантастика,1970-05-01T00:00:00Z,
http://www.wikidata.org/entity/Q6927918,Моцарт в зеркальных очках,http://www.wikidata.org/entity/Q312995,Брюс Стерлинг,научная фантастика,1985-09-01T00:00:00Z,
http://www.wikidata.org/entity/Q6680204,Lords of the Starship,http://www.wikidata.org/entity/Q15491772,Mark S. Geston,научная фантастика,1967-01-01T00:00:00Z,Ace Books
http://www.wikidata.org/entity/Q6075973,Isaac Asimov Presents The Great SF Stories 8,http://www.wikidata.org/entity/Q298242,Ли Брэкетт,научная фантастика,1982-01-01T00:00:00Z,DAW Books
http://www.wikidata.org/entity/Q5899671,Hope for the Flowers,http://www.wikidata.org/entity/Q7842289,Trina Paulus,научная фантастика,1972-01-01T00:00:00Z,Paulist Fathers
http://www.wikidata.org/entity/Q7261592,Pursuit of the Screamer,http://www.wikidata.org/entity/Q2382526,Ansen Dibell,научная фантастика,1978-01-01T00:00:00Z,DAW Books
http://www.wikidata.org/entity/Q6948413,Myron,http://www.wikidata.org/entity/Q167821,Гор Видал,научная фантастика,1974-01-01T00:00:00Z,
http://www.wikidata.org/entity/Q6532624,Let's Go to Golgotha,http://www.wikidata.org/entity/Q3098488,Гарри Килуэрт,научная фантастика,1975-01-01T00:00:00Z,
http://www.wikidata.org/entity/Q7740320,The Horror in the Museum and Other Revisions,http://www.wikidata.org/entity/Q169566,Говард Филлипс Лавкрафт,научная фантастика,1970-01-01T00:00:00Z,Arkham House
http://www.wikidata.org/entity/Q7632038,Subspace Explorers,http://www.wikidata.org/entity/Q144090,Эдвард Элмер Смит,научная фантастика,1965-01-01T00:00:00Z,Canaveral Press
http://www.wikidata.org/entity/Q7194137,Pillar of Fire and Other Plays,http://www.wikidata.org/entity/Q40640,Рэй Брэдбери,научная фантастика,1975-01-01T00:00:00Z,Simon & Schuster
http://www.wikidata.org/entity/Q7600923,Звёздный хирург,http://www.wikidata.org/entity/Q586756,Джеймс Уайт,научная фантастика,1963-01-01T00:00:00Z,Ballantine Books
http://www.wikidata.org/entity/Q7338013,Река Вечности,http://www.wikidata.org/entity/Q296256,Филип Хосе Фармер,научная фантастика,1983-11-01T00:00:00Z,Phantasia Press
http://www.wikidata.org/entity/Q7739780,The History of Civilization,http://www.wikidata.org/entity/Q144090,Эдвард Элмер Смит,научная фантастика,1961-01-01T00:00:00Z,Fantasy Press
http://www.wikidata.org/entity/Q7719108,The Bone Flute,http://www.wikidata.org/entity/Q440744,Лиза Таттл,научная фантастика,1981-05-01T00:00:00Z,
http://www.wikidata.org/entity/Q7734692,Пища богов,http://www.wikidata.org/entity/Q47087,Артур Чарльз Кларк,научная фантастика,1964-05-01T00:00:00Z,
http://www.wikidata.org/entity/Q7578765,Spock Messiah,http://www.wikidata.org/entity/Q3523687,Теодор Когсуэлл,научная фантастика,1976-01-01T00:00:00Z,Bantam Books
http://www.wikidata.org/entity/Q7601563,Stardrift and Other Fantastic Flotsam,http://www.wikidata.org/entity/Q1336654,Emil Petaja,научная фантастика,1971-01-01T00:00:00Z,"Fantasy Publishing Company, Inc."
http://www.wikidata.org/entity/Q7607431,Sten Adventures Book 2: The Wolf Worlds,http://www.wikidata.org/entity/Q2602846,Аллан Коул,научная фантастика,1984-01-01T00:00:00Z,Del Rey Books
http://www.wikidata.org/entity/Q7578767,Spock Must Die!,http://www.wikidata.org/entity/Q248867,Джеймс Блиш,научная фантастика,1970-01-01T00:00:00Z,Bantam Books
http://www.wikidata.org/entity/Q7733196,The Fall of Colossus,http://www.wikidata.org/entity/Q5258405,Dennis Feltham Jones,научная фантастика,1974-01-01T00:00:00Z,G. P. Putnam's Sons
http://www.wikidata.org/entity/Q7354066,Rocheworld,http://www.wikidata.org/entity/Q2000229,Роберт Л. Форвард,научная фантастика,1984-04-01T00:00:00Z,Simon & Schuster
http://www.wikidata.org/entity/Q7586810,Рассказ святой Эми,http://www.wikidata.org/entity/Q217110,Орсон Скотт Кард,научная фантастика,1980-12-01T00:00:00Z,
http://www.wikidata.org/entity/Q7703308,Terrarium,http://www.wikidata.org/entity/Q7437194,Скотт Сандерс,научная фантастика,1985-01-01T00:00:00Z,
http://www.wikidata.org/entity/Q7727556,The Cool War,http://www.wikidata.org/entity/Q312641,Фредерик Пол,научная фантастика,1981-04-01T00:00:00Z,Ballantine Books
http://www.wikidata.org/entity/Q7203315,Players at the Game of People,http://www.wikidata.org/entity/Q378807,Джон Браннер,научная фантастика,1980-01-01T00:00:00Z,
http://www.wikidata.org/entity/Q7578767,Spock Must Die!,http://www.wikidata.org/entity/Q248867,Джеймс Блиш,научная фантастика,1970-02-01T00:00:00Z,Bantam Books
http://www.wikidata.org/entity/Q7607431,Sten Adventures Book 2: The Wolf Worlds,http://www.wikidata.org/entity/Q2602846,Аллан Коул,научная фантастика,1984-01-01T00:00:00Z,Orbit Books
http://www.wikidata.org/entity/Q7716875,The Best of Arthur C. Clarke,http://www.wikidata.org/entity/Q47087,Артур Чарльз Кларк,научная фантастика,1973-01-01T00:00:00Z,Sidgwick & Jackson
http://www.wikidata.org/entity/Q7714277,Шум Армагеддона,http://www.wikidata.org/entity/Q181677,Джордж Р. Р. Мартин,научная фантастика,1983-09-01T00:00:00Z,Simon & Schuster
http://www.wikidata.org/entity/Q7421912,Saraband of Lost Time,http://www.wikidata.org/entity/Q7326020,Ричард Грант,научная фантастика,1985-03-01T00:00:00Z,Avon Publications
http://www.wikidata.org/entity/Q7721873,Устройство с Центавра,http://www.wikidata.org/entity/Q963799,M. John Harrison,научная фантастика,1974-11-01T00:00:00Z,Doubleday
http://www.wikidata.org/entity/Q7607432,При дворе Вечного Императора,http://www.wikidata.org/entity/Q2602846,Аллан Коул,научная фантастика,1985-01-01T00:00:00Z,Del Rey Books
http://www.wikidata.org/entity/Q7714268,The Arm of the Starfish,http://www.wikidata.org/entity/Q257261,Мадлен Л’Энгл,научная фантастика,1965-01-01T00:00:00Z,"Farrar, Straus and Giroux"
http://www.wikidata.org/entity/Q7735572,The GM Effect,http://www.wikidata.org/entity/Q7934,Фрэнк Герберт,научная фантастика,1965-06-01T00:00:00Z,
http://www.wikidata.org/entity/Q7621640,Stranglers' Moon,http://www.wikidata.org/entity/Q3498557,Stephen Goldin,научная фантастика,1976-01-01T00:00:00Z,Panther Books
http://www.wikidata.org/entity/Q7632036,Subspace Encounter,http://www.wikidata.org/entity/Q144090,Эдвард Элмер Смит,научная фантастика,1983-01-01T00:00:00Z,
http://www.wikidata.org/entity/Q7332458,Riddley Walker,http://www.wikidata.org/entity/Q1353673,Рассел Хобан,научная фантастика,1980-10-16T00:00:00Z,Jonathan Cape
http://www.wikidata.org/entity/Q7572545,Космический викинг,http://www.wikidata.org/entity/Q1364100,Г. Бим Пайпер,научная фантастика,1963-01-01T00:00:00Z,Ace Books
http://www.wikidata.org/entity/Q7607432,При дворе Вечного Императора,http://www.wikidata.org/entity/Q2602846,Аллан Коул,научная фантастика,1985-01-01T00:00:00Z,Orbit Books
http://www.wikidata.org/entity/Q7719228,The Book of Frank Herbert,http://www.wikidata.org/entity/Q7934,Фрэнк Герберт,научная фантастика,1973-01-01T00:00:00Z,DAW Books
http://www.wikidata.org/entity/Q7728345,Хрустальные сферы,http://www.wikidata.org/entity/Q315069,Дэвид Брин,научная фантастика,1984-01-01T00:00:00Z,
http://www.wikidata.org/entity/Q7548155,Snow,http://www.wikidata.org/entity/Q736447,Джон Краули,научная фантастика,1985-11-01T00:00:00Z,
http://www.wikidata.org/entity/Q7712132,Ужасы Йондо,http://www.wikidata.org/entity/Q555298,Кларк Эштон Смит,научная фантастика,1960-01-01T00:00:00Z,Arkham House
http://www.wikidata.org/entity/Q7717845,The Big U,http://www.wikidata.org/entity/Q312853,Нил Стивенсон,научная фантастика,1984-01-01T00:00:00Z,Harper Perennial
http://www.wikidata.org/entity/Q7578765,Spock Messiah,http://www.wikidata.org/entity/Q3523687,Теодор Когсуэлл,научная фантастика,1976-09-01T00:00:00Z,Bantam Books
http://www.wikidata.org/entity/Q7729295,The Dead Lady of Clown Town,http://www.wikidata.org/entity/Q937000,Пол Смит,научная фантастика,1964-01-01T00:00:00Z,
http://www.wikidata.org/entity/Q7739260,Небесные творцы,http://www.wikidata.org/entity/Q7934,Фрэнк Герберт,научная фантастика,1967-01-01T00:00:00Z,Avon Publications
http://www.wikidata.org/entity/Q7699346,Ten Thousand Light-Years from Home,http://www.wikidata.org/entity/Q234928,Джеймс Типтри-младший,научная фантастика,1973-07-01T00:00:00Z,
http://www.wikidata.org/entity/Q7719408,The Borderland of Sol,http://www.wikidata.org/entity/Q316610,Ларри Нивен,научная фантастика,1975-01-01T00:00:00Z,
http://www.wikidata.org/entity/Q7617041,Still Forms on Foxfield,http://www.wikidata.org/entity/Q548156,Joan Slonczewski,научная фантастика,1980-04-01T00:00:00Z,
http://www.wikidata.org/entity/Q7734988,The Four-Hour Fugue,http://www.wikidata.org/entity/Q286116,Альфред Бестер,научная фантастика,1974-06-01T00:00:00Z,
http://www.wikidata.org/entity/Q7542071,Slow Sculpture,http://www.wikidata.org/entity/Q240253,Теодор Старджон,научная фантастика,1970-02-01T00:00:00Z,
http://www.wikidata.org/entity/Q7718286,Чёрный коридор,http://www.wikidata.org/entity/Q316138,Майкл Муркок,научная фантастика,1969-01-01T00:00:00Z,Ace Books
http://www.wikidata.org/entity/Q7455078,Район Змеи,http://www.wikidata.org/entity/Q234030,Кэролайн Черри,научная фантастика,1980-05-01T00:00:00Z,Nelson Doubleday
http://www.wikidata.org/entity/Q7578765,Spock Messiah,http://www.wikidata.org/entity/Q5074912,"Charles A. Spano, Jr.",научная фантастика,1976-01-01T00:00:00Z,Bantam Books
http://www.wikidata.org/entity/Q7600901,Star Songs of an Old Primate,http://www.wikidata.org/entity/Q234928,Джеймс Типтри-младший,научная фантастика,1978-01-01T00:00:00Z,Del Rey Books
http://www.wikidata.org/entity/Q7602353,Stars in My Pocket Like Grains of Sand,http://www.wikidata.org/entity/Q438164,Сэмюэль Дилэни,научная фантастика,1984-12-01T00:00:00Z,Bantam Books
http://www.wikidata.org/entity/Q7733198,Падение Хронополиса,http://www.wikidata.org/entity/Q790762,Баррингтон Джон Бейли,научная фантастика,1974-06-01T00:00:00Z,DAW Books
http://www.wikidata.org/entity/Q7316246,Restoree,http://www.wikidata.org/entity/Q233046,Энн Маккефри,научная фантастика,1967-09-01T00:00:00Z,Ballantine Books
http://www.wikidata.org/entity/Q7524265,Singularity,http://www.wikidata.org/entity/Q1515266,William Sleator,научная фантастика,1985-01-01T00:00:00Z,
http://www.wikidata.org/entity/Q7676093,"Хвосттрубой, или Приключения молодого кота",http://www.wikidata.org/entity/Q368224,Тэд Уильямс,научная фантастика,1985-11-21T00:00:00Z,DAW Books
http://www.wikidata.org/entity/Q7572327,Космические демоны,http://www.wikidata.org/entity/Q263599,Джиллиан Рубинштейн,научная фантастика,1985-01-01T00:00:00Z,Scholastic Corporation
http://www.wikidata.org/entity/Q7729017,The Dark Triangle,http://www.wikidata.org/entity/Q12020889,Хью Уолтерс,научная фантастика,1979-01-01T00:00:00Z,
http://www.wikidata.org/entity/Q7232362,Portraits in Moonlight,http://www.wikidata.org/entity/Q2503902,Карл Якоби,научная фантастика,1964-01-01T00:00:00Z,Arkham House
http://www.wikidata.org/entity/Q7601010,Звёздный путь: Кинофильм,http://www.wikidata.org/entity/Q191716,Джин Родденберри,научная фантастика,1979-01-01T00:00:00Z,Pocket Books
http://www.wikidata.org/entity/Q7451204,Приговорённый к Призме,http://www.wikidata.org/entity/Q575345,Алан Дин Фостер,научная фантастика,1985-01-01T00:00:00Z,Del Rey Books
http://www.wikidata.org/entity/Q7607430,Стэн,http://www.wikidata.org/entity/Q1077057,Кристофер Банч,научная фантастика,1982-01-01T00:00:00Z,Del Rey Books
http://www.wikidata.org/entity/Q7602425,Starship Traveller,http://www.wikidata.org/entity/Q727934,Стив Джексон,научная фантастика,1983-09-01T00:00:00Z,
http://www.wikidata.org/entity/Q7602425,Starship Traveller,http://www.wikidata.org/entity/Q727934,Стив Джексон,научная фантастика,1984-01-01T00:00:00Z,
http://www.wikidata.org/entity/Q7719288,The Book of Philip K. Dick,http://www.wikidata.org/entity/Q171091,Филип Дик,научная фантастика,1973-01-01T00:00:00Z,DAW Books
http://www.wikidata.org/entity/Q7554179,Софт,http://www.wikidata.org/entity/Q92849,Руди Рюкер,научная фантастика,1982-01-01T00:00:00Z,Ace Books
http://www.wikidata.org/entity/Q7607430,Стэн,http://www.wikidata.org/entity/Q1077057,Кристофер Банч,научная фантастика,1982-01-01T00:00:00Z,Orbit Books
http://www.wikidata.org/entity/Q7577598,Шелкопряд,http://www.wikidata.org/entity/Q434029,Тимоти Зан,научная фантастика,1985-01-01T00:00:00Z,James Frenkel
http://www.wikidata.org/entity/Q7601009,Surprise!,http://www.wikidata.org/entity/Q254038,Нишель Николс,научная фантастика,1978-01-01T00:00:00Z,Bantam Books
http://www.wikidata.org/entity/Q7426374,Satori,http://www.wikidata.org/entity/Q5258930,Dennis Schmidt,научная фантастика,1981-01-01T00:00:00Z,
http://www.wikidata.org/entity/Q7659294,Sword of Chaos,http://www.wikidata.org/entity/Q465179,Мэрион Зиммер Брэдли,научная фантастика,1982-04-01T00:00:00Z,DAW Books
http://www.wikidata.org/entity/Q7578765,Spock Messiah,http://www.wikidata.org/entity/Q5074912,"Charles A. Spano, Jr.",научная фантастика,1976-09-01T00:00:00Z,Bantam Books
http://www.wikidata.org/entity/Q7572729,Spaceship to Saturn,http://www.wikidata.org/entity/Q12020889,Хью Уолтерс,научная фантастика,1967-01-01T00:00:00Z,Faber and Faber
http://www.wikidata.org/entity/Q7703876,Terror by Satellite,http://www.wikidata.org/entity/Q12020889,Хью Уолтерс,научная фантастика,1964-01-01T00:00:00Z,Faber and Faber
http://www.wikidata.org/entity/Q7577598,Шелкопряд,http://www.wikidata.org/entity/Q434029,Тимоти Зан,научная фантастика,1985-01-01T00:00:00Z,Baen Books
http://www.wikidata.org/entity/Q7600896,Звездные похождения галактических рейнджеров,http://www.wikidata.org/entity/Q489193,Гарри Гаррисон,научная фантастика,1973-01-01T00:00:00Z,G. P. Putnam's Sons
http://www.wikidata.org/entity/Q7729791,The Descent of Anansi,http://www.wikidata.org/entity/Q2594458,Стивен Барнс,научная фантастика,1982-09-01T00:00:00Z,
http://www.wikidata.org/entity/Q7733929,The Final Reflection,http://www.wikidata.org/entity/Q328949,"Форд, Джон Майлоу",научная фантастика,1984-05-01T00:00:00Z,Pocket Books
http://www.wikidata.org/entity/Q7734793,The Forest of Peldain,http://www.wikidata.org/entity/Q790762,Баррингтон Джон Бейли,научная фантастика,1985-08-01T00:00:00Z,DAW Books
http://www.wikidata.org/entity/Q7532748,Six Gates from Limbo,http://www.wikidata.org/entity/Q349508,J. T. McIntosh,научная фантастика,1968-01-01T00:00:00Z,
http://www.wikidata.org/entity/Q7718528,The Bladerunner,http://www.wikidata.org/entity/Q440612,Алан Эдвард Нурс,научная фантастика,1974-01-01T00:00:00Z,David McKay Publications
http://www.wikidata.org/entity/Q7729024,Тёмный мир,http://www.wikidata.org/entity/Q551710,Генри Каттнер,научная фантастика,1965-01-01T00:00:00Z,Ace Books
http://www.wikidata.org/entity/Q7728360,The Cube Root of Uncertainty,http://www.wikidata.org/entity/Q314553,Роберт Силверберг,научная фантастика,1970-01-01T00:00:00Z,Macmillan Publishers
http://www.wikidata.org/entity/Q7600837,Мутанты,http://www.wikidata.org/entity/Q272076,Дин Кунц,научная фантастика,1968-01-01T00:00:00Z,Ace Books
http://www.wikidata.org/entity/Q7601010,Звёздный путь: Кинофильм,http://www.wikidata.org/entity/Q191716,Джин Родденберри,научная фантастика,1979-12-01T00:00:00Z,Pocket Books
http://www.wikidata.org/entity/Q7732803,The Exit Door Leads In,http://www.wikidata.org/entity/Q171091,Филип Дик,научная фантастика,1979-01-01T00:00:00Z,
http://www.wikidata.org/entity/Q7332642,Riders of the Purple Wage,http://www.wikidata.org/entity/Q296256,Филип Хосе Фармер,научная фантастика,1967-10-01T00:00:00Z,Doubleday
http://www.wikidata.org/entity/Q7717082,The Best of John Wyndham,http://www.wikidata.org/entity/Q313673,Джон Уиндем,научная фантастика,1973-01-01T00:00:00Z,Sphere Books
http://www.wikidata.org/entity/Q7577598,Шелкопряд,http://www.wikidata.org/entity/Q434029,Тимоти Зан,научная фантастика,1985-11-01T00:00:00Z,James Frenkel
http://www.wikidata.org/entity/Q7607430,Стэн,http://www.wikidata.org/entity/Q2602846,Аллан Коул,научная фантастика,1982-01-01T00:00:00Z,Del Rey Books
http://www.wikidata.org/entity/Q7339610,Дорожные знаки,http://www.wikidata.org/entity/Q295406,Роджер Желязны,научная фантастика,1979-10-01T00:00:00Z,Del Rey Books
http://www.wikidata.org/entity/Q7637705,Лето на Икаре,http://www.wikidata.org/entity/Q47087,Артур Чарльз Кларк,научная фантастика,1960-06-01T00:00:00Z,
http://www.wikidata.org/entity/Q7201195,Planet of Death,http://www.wikidata.org/entity/Q314553,Роберт Силверберг,научная фантастика,1967-01-01T00:00:00Z,
http://www.wikidata.org/entity/Q7621583,Strangers,http://www.wikidata.org/entity/Q720562,Гарднер Дозуа,научная фантастика,1978-01-01T00:00:00Z,Berkley Books
http://www.wikidata.org/entity/Q7607430,Стэн,http://www.wikidata.org/entity/Q2602846,Аллан Коул,научная фантастика,1982-01-01T00:00:00Z,Orbit Books
http://www.wikidata.org/entity/Q7730172,The Digging Leviathan,http://www.wikidata.org/entity/Q979465,Джеймс Блейлок,научная фантастика,1984-08-01T00:00:00Z,Ace Books
http://www.wikidata.org/entity/Q7314127,Report on Probability A,http://www.wikidata.org/entity/Q238702,Брайан Олдис,научная фантастика,1967-01-01T00:00:00Z,New Worlds
http://www.wikidata.org/entity/Q7727311,The Condition of Muzak,http://www.wikidata.org/entity/Q316138,Майкл Муркок,научная фантастика,1977-01-01T00:00:00Z,Allison & Busby
http://www.wikidata.org/entity/Q7577598,Шелкопряд,http://www.wikidata.org/entity/Q434029,Тимоти Зан,научная фантастика,1985-11-01T00:00:00Z,Baen Books
http://www.wikidata.org/entity/Q7717092,The Best of L. Sprague de Camp,http://www.wikidata.org/entity/Q316313,Лайон Спрэг де Камп,научная фантастика,1978-01-01T00:00:00Z,Doubleday
http://www.wikidata.org/entity/Q7575378,Speech Sounds,http://www.wikidata.org/entity/Q239739,Октавия Батлер,научная фантастика,1983-12-15T00:00:00Z,
http://www.wikidata.org/entity/Q7739939,Дырявый,http://www.wikidata.org/entity/Q316610,Ларри Нивен,научная фантастика,1974-01-01T00:00:00Z,
http://www.wikidata.org/entity/Q7713882,Аноме,http://www.wikidata.org/entity/Q312632,Джек Вэнс,научная фантастика,1973-01-01T00:00:00Z,Dell Publishing
http://www.wikidata.org/entity/Q7460626,Shadow and Claw,http://www.wikidata.org/entity/Q361149,Джин Вулф,научная фантастика,1983-01-01T00:00:00Z,Sidgwick & Jackson
http://www.wikidata.org/entity/Q7310271,Reincarnation in Venice,http://www.wikidata.org/entity/Q16010344,Макс Эрлих,научная фантастика,1979-01-01T00:00:00Z,
http://www.wikidata.org/entity/Q7719230,The Book of Fritz Leiber,http://www.wikidata.org/entity/Q313185,Фриц Лейбер,научная фантастика,1974-01-01T00:00:00Z,DAW Books
http://www.wikidata.org/entity/Q7572246,Space Angel,http://www.wikidata.org/entity/Q320664,John Maddox Roberts,научная фантастика,1979-01-01T00:00:00Z,
http://www.wikidata.org/entity/Q7542734,Small Changes,http://www.wikidata.org/entity/Q453329,Хол Клемент,научная фантастика,1969-01-01T00:00:00Z,Doubleday
http://www.wikidata.org/entity/Q7728249,The Crucible of Time,http://www.wikidata.org/entity/Q378807,Джон Браннер,научная фантастика,1983-09-01T00:00:00Z,
http://www.wikidata.org/entity/Q7353462,"Robots, Androids, and Mechanical Oddities",http://www.wikidata.org/entity/Q171091,Филип Дик,научная фантастика,1984-01-01T00:00:00Z,Издательство Южного Иллинойского университета
http://www.wikidata.org/entity/Q7729202,The Day of Forever,http://www.wikidata.org/entity/Q140201,Джеймс Баллард,научная фантастика,1967-01-01T00:00:00Z,Panther Books
http://www.wikidata.org/entity/Q7679352,Tales of Science and Sorcery,http://www.wikidata.org/entity/Q555298,Кларк Эштон Смит,научная фантастика,1964-01-01T00:00:00Z,Arkham House
http://www.wikidata.org/entity/Q7729289,The Dead Father,http://www.wikidata.org/entity/Q353869,Дональд Бартельм,научная фантастика,1975-01-01T00:00:00Z,
http://www.wikidata.org/entity/Q7600780,Звёздный свет (книга),http://www.wikidata.org/entity/Q453329,Хол Клемент,научная фантастика,1970-09-01T00:00:00Z,Ballantine Books
http://www.wikidata.org/entity/Q7647264,Survivor,http://www.wikidata.org/entity/Q239739,Октавия Батлер,научная фантастика,1978-01-01T00:00:00Z,Doubleday
http://www.wikidata.org/entity/Q7735326,На краю пустыни,http://www.wikidata.org/entity/Q217110,Орсон Скотт Кард,научная фантастика,1985-10-01T00:00:00Z,
http://www.wikidata.org/entity/Q7729585,Посланцы не сдаются,http://www.wikidata.org/entity/Q235899,Андре Нортон,научная фантастика,1962-01-01T00:00:00Z,
http://www.wikidata.org/entity/Q7729024,Тёмный мир,http://www.wikidata.org/entity/Q242530,Кэтрин Люсиль Мур,научная фантастика,1965-01-01T00:00:00Z,Ace Books
http://www.wikidata.org/entity/Q7727765,The Counterfeit Man,http://www.wikidata.org/entity/Q440612,Алан Эдвард Нурс,научная фантастика,1963-01-01T00:00:00Z,Scholastic Corporation
http://www.wikidata.org/entity/Q7717237,The Best of Stanley G. Weinbaum,http://www.wikidata.org/entity/Q944409,Стенли Вейнбаум,научная фантастика,1974-01-01T00:00:00Z,Ballantine Books
http://www.wikidata.org/entity/Q7729791,The Descent of Anansi,http://www.wikidata.org/entity/Q316610,Ларри Нивен,научная фантастика,1982-09-01T00:00:00Z,
http://www.wikidata.org/entity/Q7726627,Холодные финансовые войны,http://www.wikidata.org/entity/Q976059,Роберт Линн Асприн,научная фантастика,1977-01-01T00:00:00Z,
http://www.wikidata.org/entity/Q7734984,The Four-Dimensional Nightmare,http://www.wikidata.org/entity/Q140201,Джеймс Баллард,научная фантастика,1963-01-01T00:00:00Z,Victor Gollancz
http://www.wikidata.org/entity/Q7732925,Глаз цапли,http://www.wikidata.org/entity/Q181659,Урсула Крёбер Ле Гуин,научная фантастика,1978-08-01T00:00:00Z,Dell Publishing
http://www.wikidata.org/entity/Q7716837,The Best Ye Breed,http://www.wikidata.org/entity/Q1849325,Мак Рейнольдс,научная фантастика,1978-03-01T00:00:00Z,Ace Books
http://www.wikidata.org/entity/Q7596471,Stadium Beyond the Stars,http://www.wikidata.org/entity/Q3080496,Стефен Марлоу,научная фантастика,1960-01-01T00:00:00Z,
http://www.wikidata.org/entity/Q7730296,The Disaster Area,http://www.wikidata.org/entity/Q140201,Джеймс Баллард,научная фантастика,1967-01-01T00:00:00Z,Jonathan Cape
http://www.wikidata.org/entity/Q7607431,Sten Adventures Book 2: The Wolf Worlds,http://www.wikidata.org/entity/Q1077057,Кристофер Банч,научная фантастика,1984-01-01T00:00:00Z,Del Rey Books
http://www.wikidata.org/entity/Q7720810,The Butterfly Kid,http://www.wikidata.org/entity/Q1070662,Chester Anderson,научная фантастика,1967-01-01T00:00:00Z,Jove Books
http://www.wikidata.org/entity/Q7715400,Баллада о Бете-2,http://www.wikidata.org/entity/Q438164,Сэмюэль Дилэни,научная фантастика,1965-01-01T00:00:00Z,Ace Books
http://www.wikidata.org/entity/Q7729582,Беззащитные мертвецы,http://www.wikidata.org/entity/Q316610,Ларри Нивен,научная фантастика,1973-09-01T00:00:00Z,
http://www.wikidata.org/entity/Q7677898,Возьмите спичку,http://www.wikidata.org/entity/Q34981,Айзек Азимов,научная фантастика,1972-01-01T00:00:00Z,
http://www.wikidata.org/entity/Q7607431,Sten Adventures Book 2: The Wolf Worlds,http://www.wikidata.org/entity/Q1077057,Кристофер Банч,научная фантастика,1984-01-01T00:00:00Z,Orbit Books
http://www.wikidata.org/entity/Q7729540,The Deep,http://www.wikidata.org/entity/Q736447,Джон Краули,научная фантастика,1975-01-01T00:00:00Z,
http://www.wikidata.org/entity/Q7712491,The Adventures of Alyx,http://www.wikidata.org/entity/Q265270,Джоанна Расс,научная фантастика,1976-06-01T00:00:00Z,Gregg Press
http://www.wikidata.org/entity/Q7607432,При дворе Вечного Императора,http://www.wikidata.org/entity/Q1077057,Кристофер Банч,научная фантастика,1985-01-01T00:00:00Z,Del Rey Books
http://www.wikidata.org/entity/Q7621403,Strange Harvest,http://www.wikidata.org/entity/Q1240467,Дональд Уондри,научная фантастика,1965-01-01T00:00:00Z,Arkham House
http://www.wikidata.org/entity/Q7601183,Star Winds,http://www.wikidata.org/entity/Q790762,Баррингтон Джон Бейли,научная фантастика,1978-01-01T00:00:00Z,DAW Books
http://www.wikidata.org/entity/Q7733402,The Far Arena,http://www.wikidata.org/entity/Q3431190,Ричард Сапир,научная фантастика,1979-01-01T00:00:00Z,
http://www.wikidata.org/entity/Q7607432,При дворе Вечного Императора,http://www.wikidata.org/entity/Q1077057,Кристофер Банч,научная фантастика,1985-01-01T00:00:00Z,Orbit Books
http://www.wikidata.org/entity/Q7721794,The Caves of Drach,http://www.wikidata.org/entity/Q12020889,Хью Уолтерс,научная фантастика,1977-01-01T00:00:00Z,
http://www.wikidata.org/entity/Q7165994,Люди Талисмана,http://www.wikidata.org/entity/Q298242,Ли Брэкетт,научная фантастика,1964-01-01T00:00:00Z,Ace Books
http://www.wikidata.org/entity/Q7600739,Звёздный врач,http://www.wikidata.org/entity/Q586756,Джеймс Уайт,научная фантастика,1985-01-01T00:00:00Z,
http://www.wikidata.org/entity/Q7495075,Шерлок Холмс против Марса,http://www.wikidata.org/entity/Q1981210,Мэнли Уэйд Веллман,научная фантастика,1975-01-01T00:00:00Z,
http://www.wikidata.org/entity/Q7758065,The Preserving Machine,http://www.wikidata.org/entity/Q171091,Филип Дик,научная фантастика,1969-01-01T00:00:00Z,Ace Books
http://www.wikidata.org/entity/Q7738024,Величайшее из достижений,http://www.wikidata.org/entity/Q34981,Айзек Азимов,научная фантастика,1972-01-01T00:00:00Z,
http://www.wikidata.org/entity/Q7773063,The Voices of Time,http://www.wikidata.org/entity/Q140201,Джеймс Баллард,научная фантастика,1960-10-01T00:00:00Z,
http://www.wikidata.org/entity/Q7773900,Путь креста и дракона,http://www.wikidata.org/entity/Q181677,Джордж Р. Р. Мартин,научная фантастика,1979-06-01T00:00:00Z,
http://www.wikidata.org/entity/Q7755743,The Overloaded Man,http://www.wikidata.org/entity/Q140201,Джеймс Баллард,научная фантастика,1967-01-01T00:00:00Z,Panther Books
http://www.wikidata.org/entity/Q7766247,The Star-Crowned Kings,http://www.wikidata.org/entity/Q7340033,Rob Chilson,научная фантастика,1975-01-01T00:00:00Z,DAW Books
http://www.wikidata.org/entity/Q7766341,The Stars Around Us,http://www.wikidata.org/entity/Q295406,Роджер Желязны,научная фантастика,1970-01-01T00:00:00Z,New American Library
http://www.wikidata.org/entity/Q7751516,Паразиты сознания,http://www.wikidata.org/entity/Q368831,Колин Уилсон,научная фантастика,1967-01-01T00:00:00Z,Arkham House
http://www.wikidata.org/entity/Q7736949,The Godwhale,http://www.wikidata.org/entity/Q5968748,T. J. Bass,научная фантастика,1974-01-01T00:00:00Z,
http://www.wikidata.org/entity/Q7746054,The Last Starship from Earth,http://www.wikidata.org/entity/Q3181114,Джон Бойд,научная фантастика,1968-01-01T00:00:00Z,
http://www.wikidata.org/entity/Q7735913,Врата времени,http://www.wikidata.org/entity/Q296256,Филип Хосе Фармер,научная фантастика,1966-01-01T00:00:00Z,Belmont Books
http://www.wikidata.org/entity/Q7766845,The Story of the Phantom: The Ghost Who Walks,http://www.wikidata.org/entity/Q554900,Ли Фальк,научная фантастика,1973-01-01T00:00:00Z,
http://www.wikidata.org/entity/Q7797861,Three Tales of Horror,http://www.wikidata.org/entity/Q169566,Говард Филлипс Лавкрафт,научная фантастика,1967-01-01T00:00:00Z,Arkham House
http://www.wikidata.org/entity/Q7811008,Жить снова,http://www.wikidata.org/entity/Q314553,Роберт Силверберг,научная фантастика,1969-01-01T00:00:00Z,Doubleday
http://www.wikidata.org/entity/Q7756302,The Past Through Tomorrow,http://www.wikidata.org/entity/Q123078,Роберт Хайнлайн,научная фантастика,1967-01-01T00:00:00Z,
http://www.wikidata.org/entity/Q7776810,The Young Unicorns,http://www.wikidata.org/entity/Q257261,Мадлен Л’Энгл,научная фантастика,1968-01-01T00:00:00Z,"Farrar, Straus and Giroux"
http://www.wikidata.org/entity/Q7751050,Торговцы на Венере,http://www.wikidata.org/entity/Q312641,Фредерик Пол,научная фантастика,1972-07-01T00:00:00Z,
http://www.wikidata.org/entity/Q7736831,The Glory That Was,http://www.wikidata.org/entity/Q316313,Лайон Спрэг де Камп,научная фантастика,1960-01-01T00:00:00Z,Avalon Books
http://www.wikidata.org/entity/Q7749734,Создание Представителя для Планеты Восемь,http://www.wikidata.org/entity/Q40874,Дорис Лессинг,научная фантастика,1982-01-01T00:00:00Z,Alfred A. Knopf
http://www.wikidata.org/entity/Q7736072,The General Zapped an Angel,http://www.wikidata.org/entity/Q380202,Говард Мелвин Фаст,научная фантастика,1970-01-01T00:00:00Z,Уильям Морроу
http://www.wikidata.org/entity/Q7772724,The Vintage Bradbury,http://www.wikidata.org/entity/Q40640,Рэй Брэдбери,научная фантастика,1965-01-01T00:00:00Z,Vintage Books
http://www.wikidata.org/entity/Q7762565,The Science Fictional Solar System,http://www.wikidata.org/entity/Q248867,Джеймс Блиш,научная фантастика,1979-01-01T00:00:00Z,Harper
http://www.wikidata.org/entity/Q7737076,The Golden Man,http://www.wikidata.org/entity/Q171091,Филип Дик,научная фантастика,1980-01-01T00:00:00Z,
http://www.wikidata.org/entity/Q7772778,The Virgin & the Wheels,http://www.wikidata.org/entity/Q316313,Лайон Спрэг де Камп,научная фантастика,1976-01-01T00:00:00Z,Popular Library
http://www.wikidata.org/entity/Q7766288,The Star Virus,http://www.wikidata.org/entity/Q790762,Баррингтон Джон Бейли,научная фантастика,1970-01-01T00:00:00Z,Ace Books
http://www.wikidata.org/entity/Q7736989,The Golden Age of Science Fiction,http://www.wikidata.org/entity/Q220078,Кингсли Эмис,научная фантастика,1981-01-01T00:00:00Z,Hutchinson
http://www.wikidata.org/entity/Q7766341,The Stars Around Us,http://www.wikidata.org/entity/Q1258959,Джон Джейкс,научная фантастика,1970-01-01T00:00:00Z,New American Library
http://www.wikidata.org/entity/Q7749964,The Man Who Never Missed,http://www.wikidata.org/entity/Q1368134,Стив Перри,научная фантастика,1985-08-01T00:00:00Z,Ace Books
http://www.wikidata.org/entity/Q7758202,The Priests of Psi,http://www.wikidata.org/entity/Q7934,Фрэнк Герберт,научная фантастика,1980-01-01T00:00:00Z,Victor Gollancz
http://www.wikidata.org/entity/Q7770867,The Twilight of Briareus,http://www.wikidata.org/entity/Q1701097,"John Middleton Murry, Jr.",научная фантастика,1974-01-01T00:00:00Z,Victor Gollancz
http://www.wikidata.org/entity/Q7770011,The Traveller in Black,http://www.wikidata.org/entity/Q378807,Джон Браннер,научная фантастика,1971-01-01T00:00:00Z,
http://www.wikidata.org/entity/Q7768583,The Texas-Israeli War: 1999,http://www.wikidata.org/entity/Q787382,Howard Waldrop,научная фантастика,1974-01-01T00:00:00Z,Del Rey Books
http://www.wikidata.org/entity/Q7741961,The Infinite Man,http://www.wikidata.org/entity/Q1160619,Дэниэл Ф. Галуйе,научная фантастика,1973-01-01T00:00:00Z,Bantam Books
http://www.wikidata.org/entity/Q7756755,The Persistence of Vision,http://www.wikidata.org/entity/Q504805,Джон Варли,научная фантастика,1978-03-01T00:00:00Z,
http://www.wikidata.org/entity/Q7762563,"The Science Fiction Hall of Fame, Volume One",http://www.wikidata.org/entity/Q314553,Роберт Силверберг,научная фантастика,1970-01-01T00:00:00Z,Doubleday
http://www.wikidata.org/entity/Q7811062,Накануне судного дня,http://www.wikidata.org/entity/Q708029,Кеннет Балмер,научная фантастика,1967-01-01T00:00:00Z,Ace Books
http://www.wikidata.org/entity/Q7736482,"Девушка, золотые часы… и всё остальное",http://www.wikidata.org/entity/Q558425,Джон Данн Макдональд,научная фантастика,1962-01-01T00:00:00Z,Gold Medal Books
http://www.wikidata.org/entity/Q7737756,Великий фетиш,http://www.wikidata.org/entity/Q316313,Лайон Спрэг де Камп,научная фантастика,1978-01-01T00:00:00Z,Doubleday
http://www.wikidata.org/entity/Q7767457,The Super Barbarians,http://www.wikidata.org/entity/Q378807,Джон Браннер,научная фантастика,1962-01-01T00:00:00Z,Ace Books
http://www.wikidata.org/entity/Q7762565,The Science Fictional Solar System,http://www.wikidata.org/entity/Q220883,Пол Уильям Андерсон,научная фантастика,1979-01-01T00:00:00Z,Harper
http://www.wikidata.org/entity/Q7749734,Создание Представителя для Планеты Восемь,http://www.wikidata.org/entity/Q40874,Дорис Лессинг,научная фантастика,1982-01-01T00:00:00Z,Jonathan Cape
http://www.wikidata.org/entity/Q7756317,Кукла из лоскутов,http://www.wikidata.org/entity/Q316610,Ларри Нивен,научная фантастика,1980-04-01T00:00:00Z,
http://www.wikidata.org/entity/Q7771491,Грааль скверны,http://www.wikidata.org/entity/Q313185,Фриц Лейбер,научная фантастика,1962-10-01T00:00:00Z,
http://www.wikidata.org/entity/Q7769303,The Time Dweller,http://www.wikidata.org/entity/Q316138,Майкл Муркок,научная фантастика,1969-01-01T00:00:00Z,
http://www.wikidata.org/entity/Q7757993,Дело практики,http://www.wikidata.org/entity/Q315069,Дэвид Брин,научная фантастика,1984-04-01T00:00:00Z,Bantam Books
http://www.wikidata.org/entity/Q7759119,The Quincunx of Time,http://www.wikidata.org/entity/Q248867,Джеймс Блиш,научная фантастика,1973-01-01T00:00:00Z,
http://www.wikidata.org/entity/Q7750628,The Masters of Solitude,http://www.wikidata.org/entity/Q3365451,Парк Годвин,научная фантастика,1978-07-01T00:00:00Z,Doubleday
http://www.wikidata.org/entity/Q7768486,The Terminal Beach,http://www.wikidata.org/entity/Q140201,Джеймс Баллард,научная фантастика,1964-01-01T00:00:00Z,Victor Gollancz
http://www.wikidata.org/entity/Q7758023,The Pre-persons,http://www.wikidata.org/entity/Q171091,Филип Дик,научная фантастика,1974-10-01T00:00:00Z,
http://www.wikidata.org/entity/Q7732126,Конец материи,http://www.wikidata.org/entity/Q575345,Алан Дин Фостер,научная фантастика,1977-01-01T00:00:00Z,Del Rey Books
http://www.wikidata.org/entity/Q7752158,The Moon Maiden,http://www.wikidata.org/entity/Q953962,Гаррет Сёвисс,научная фантастика,1978-01-01T00:00:00Z,"Fantasy Publishing Company, Inc."
http://www.wikidata.org/entity/Q7731231,The Dunwich Horror and Others,http://www.wikidata.org/entity/Q169566,Говард Филлипс Лавкрафт,научная фантастика,1963-01-01T00:00:00Z,Arkham House
http://www.wikidata.org/entity/Q7744407,The Kin of Ata Are Waiting for You,http://www.wikidata.org/entity/Q5298329,Dorothy Bryant,научная фантастика,1971-01-01T00:00:00Z,
http://www.wikidata.org/entity/Q7741981,The Infinitive of Go,http://www.wikidata.org/entity/Q378807,Джон Браннер,научная фантастика,1980-01-01T00:00:00Z,Del Rey Books
http://www.wikidata.org/entity/Q7741981,The Infinitive of Go,http://www.wikidata.org/entity/Q378807,Джон Браннер,научная фантастика,1980-01-01T00:00:00Z,Ballantine Books
http://www.wikidata.org/entity/Q7751169,The Metallic Muse,http://www.wikidata.org/entity/Q949829,Ллойд Биггл-младший,научная фантастика,1972-01-01T00:00:00Z,Doubleday
http://www.wikidata.org/entity/Q7754249,The Noah Conspiracy,http://www.wikidata.org/entity/Q739385,Майкл Шаара,научная фантастика,1981-01-01T00:00:00Z,McGraw-Hill Education
http://www.wikidata.org/entity/Q7756925,The Philosophical Corps,http://www.wikidata.org/entity/Q5416975,Everett B. Cole,научная фантастика,1962-01-01T00:00:00Z,Gnome Press
http://www.wikidata.org/entity/Q7750979,The Memory of Whiteness,http://www.wikidata.org/entity/Q130779,Ким Стенли Робинсон,научная фантастика,1985-09-01T00:00:00Z,
http://www.wikidata.org/entity/Q7738537,Стрелок,http://www.wikidata.org/entity/Q39829,Стивен Кинг,научная фантастика,1978-10-01T00:00:00Z,
http://www.wikidata.org/entity/Q7743875,The Jupiter Theft,http://www.wikidata.org/entity/Q5294891,Donald Moffitt,научная фантастика,1977-01-01T00:00:00Z,Ballantine Books
http://www.wikidata.org/entity/Q7771659,Фабрика Грёз Unlimited,http://www.wikidata.org/entity/Q140201,Джеймс Баллард,научная фантастика,1979-10-01T00:00:00Z,Jonathan Cape
http://www.wikidata.org/entity/Q7768583,The Texas-Israeli War: 1999,http://www.wikidata.org/entity/Q13426983,Jake Saunders,научная фантастика,1974-01-01T00:00:00Z,Del Rey Books
http://www.wikidata.org/entity/Q7759025,Королева Замбы,http://www.wikidata.org/entity/Q316313,Лайон Спрэг де Камп,научная фантастика,1977-01-01T00:00:00Z,
http://www.wikidata.org/entity/Q7748812,The Lost Worlds of 2001,http://www.wikidata.org/entity/Q47087,Артур Чарльз Кларк,научная фантастика,1972-01-01T00:00:00Z,New American Library
http://www.wikidata.org/entity/Q7743256,Человек в разрезе,http://www.wikidata.org/entity/Q316610,Ларри Нивен,научная фантастика,1967-01-01T00:00:00Z,
http://www.wikidata.org/entity/Q7744862,The Knights of the Limits,http://www.wikidata.org/entity/Q790762,Баррингтон Джон Бейли,научная фантастика,1978-01-01T00:00:00Z,Allison & Busby
http://www.wikidata.org/entity/Q7754424,The Notebooks of Lazarus Long,http://www.wikidata.org/entity/Q123078,Роберт Хайнлайн,научная фантастика,1978-01-01T00:00:00Z,Ace Books
http://www.wikidata.org/entity/Q7750454,The Martian Sphinx,http://www.wikidata.org/entity/Q378807,Джон Браннер,научная фантастика,1965-01-01T00:00:00Z,Ace Books
http://www.wikidata.org/entity/Q7766453,Стальной царь,http://www.wikidata.org/entity/Q316138,Майкл Муркок,научная фантастика,1981-01-01T00:00:00Z,Panther Books
http://www.wikidata.org/entity/Q7732318,Эффект энтропии,http://www.wikidata.org/entity/Q242162,Вонда Макинтайр,научная фантастика,1981-06-01T00:00:00Z,Pocket Books
http://www.wikidata.org/entity/Q7749903,The Man Who Awoke,http://www.wikidata.org/entity/Q15446586,Лоуренс Мэннинг,научная фантастика,1975-02-01T00:00:00Z,Ballantine Books
http://www.wikidata.org/entity/Q7758205,The Primal Urge,http://www.wikidata.org/entity/Q238702,Брайан Олдис,научная фантастика,1961-01-01T00:00:00Z,Ballantine Books
http://www.wikidata.org/entity/Q7747809,The Lives and Times of Jerry Cornelius,http://www.wikidata.org/entity/Q316138,Майкл Муркок,научная фантастика,1976-01-01T00:00:00Z,
http://www.wikidata.org/entity/Q7773670,Наблюдатели,http://www.wikidata.org/entity/Q509002,Август Дерлет,научная фантастика,1974-01-01T00:00:00Z,Arkham House
http://www.wikidata.org/entity/Q7752157,Лунная моль,http://www.wikidata.org/entity/Q312632,Джек Вэнс,научная фантастика,1961-08-01T00:00:00Z,
http://www.wikidata.org/entity/Q7765146,Крепость Сол,http://www.wikidata.org/entity/Q455951,Норман Спинрад,научная фантастика,1966-07-01T00:00:00Z,Hachette Book Group
http://www.wikidata.org/entity/Q7773670,Наблюдатели,http://www.wikidata.org/entity/Q169566,Говард Филлипс Лавкрафт,научная фантастика,1974-01-01T00:00:00Z,Arkham House
http://www.wikidata.org/entity/Q7751045,Война торговцев космосом,http://www.wikidata.org/entity/Q312641,Фредерик Пол,научная фантастика,1984-01-01T00:00:00Z,St. Martin's Press
http://www.wikidata.org/entity/Q7770974,The Two of Them,http://www.wikidata.org/entity/Q265270,Джоанна Расс,научная фантастика,1978-05-01T00:00:00Z,
http://www.wikidata.org/entity/Q7737506,The Grand Wheel,http://www.wikidata.org/entity/Q790762,Баррингтон Джон Бейли,научная фантастика,1977-08-01T00:00:00Z,DAW Books
http://www.wikidata.org/entity/Q7762326,Игры Сатурна,http://www.wikidata.org/entity/Q220883,Пол Уильям Андерсон,научная фантастика,1981-02-02T00:00:00Z,
http://www.wikidata.org/entity/Q7745700,The Last Disaster,http://www.wikidata.org/entity/Q12020889,Хью Уолтерс,научная фантастика,1978-01-01T00:00:00Z,
http://www.wikidata.org/entity/Q7762565,The Science Fictional Solar System,http://www.wikidata.org/entity/Q333246,Роберт Шекли,научная фантастика,1979-01-01T00:00:00Z,Harper
http://www.wikidata.org/entity/Q7759325,The Rainbow Cadenza,http://www.wikidata.org/entity/Q29621,Дж. Нейл Шульман,научная фантастика,1983-01-01T00:00:00Z,Simon & Schuster
http://www.wikidata.org/entity/Q7766678,The Stories of Ray Bradbury,http://www.wikidata.org/entity/Q40640,Рэй Брэдбери,научная фантастика,1980-01-01T00:00:00Z,
http://www.wikidata.org/entity/Q7738726,Рука Зеи,http://www.wikidata.org/entity/Q316313,Лайон Спрэг де Камп,научная фантастика,1981-01-01T00:00:00Z,
http://www.wikidata.org/entity/Q7762387,Козёл отпущения,http://www.wikidata.org/entity/Q234030,Кэролайн Черри,научная фантастика,1985-01-01T00:00:00Z,
http://www.wikidata.org/entity/Q7751905,The Mohole Mystery,http://www.wikidata.org/entity/Q12020889,Хью Уолтерс,научная фантастика,1968-01-01T00:00:00Z,
http://www.wikidata.org/entity/Q7755107,Уходящие из Омеласа,http://www.wikidata.org/entity/Q181659,Урсула Крёбер Ле Гуин,научная фантастика,1973-10-01T00:00:00Z,
http://www.wikidata.org/entity/Q7730933,The Dream Millennium,http://www.wikidata.org/entity/Q586756,Джеймс Уайт,научная фантастика,1974-06-14T00:00:00Z,
http://www.wikidata.org/entity/Q7748816,The Lotus Caves,http://www.wikidata.org/entity/Q552025,Джон Кристофер,научная фантастика,1969-01-01T00:00:00Z,Hamish Hamilton
http://www.wikidata.org/entity/Q7775599,The Women Men Don't See,http://www.wikidata.org/entity/Q234928,Джеймс Типтри-младший,научная фантастика,1973-01-01T00:00:00Z,
http://www.wikidata.org/entity/Q7775599,The Women Men Don't See,http://www.wikidata.org/entity/Q234928,Джеймс Типтри-младший,научная фантастика,1973-12-01T00:00:00Z,
http://www.wikidata.org/entity/Q7736542,The Girl Who Was Plugged In,http://www.wikidata.org/entity/Q234928,Джеймс Типтри-младший,научная фантастика,1973-10-01T00:00:00Z,
http://www.wikidata.org/entity/Q7811090,To Ride Pegasus,http://www.wikidata.org/entity/Q233046,Энн Маккефри,научная фантастика,1973-08-01T00:00:00Z,Ballantine Books
http://www.wikidata.org/entity/Q7762565,The Science Fictional Solar System,http://www.wikidata.org/entity/Q313185,Фриц Лейбер,научная фантастика,1979-01-01T00:00:00Z,Harper
http://www.wikidata.org/entity/Q7758526,The Prometheus Man,http://www.wikidata.org/entity/Q2324126,Рэй Нельсон,научная фантастика,1981-01-01T00:00:00Z,
http://www.wikidata.org/entity/Q7758526,The Prometheus Man,http://www.wikidata.org/entity/Q2324126,Рэй Нельсон,научная фантастика,1982-01-01T00:00:00Z,
http://www.wikidata.org/entity/Q7762565,The Science Fictional Solar System,http://www.wikidata.org/entity/Q34981,Айзек Азимов,научная фантастика,1979-01-01T00:00:00Z,Harper
http://www.wikidata.org/entity/Q7736092,The Genesis Machine,http://www.wikidata.org/entity/Q1061225,James P. Hogan,научная фантастика,1978-04-01T00:00:00Z,Del Rey Books
http://www.wikidata.org/entity/Q7766341,The Stars Around Us,http://www.wikidata.org/entity/Q286116,Альфред Бестер,научная фантастика,1970-01-01T00:00:00Z,New American Library
http://www.wikidata.org/entity/Q7772639,The Village,http://www.wikidata.org/entity/Q260560,Кейт Вильгельм,научная фантастика,1973-01-01T00:00:00Z,
http://www.wikidata.org/entity/Q7768818,The Third Millennium: A History of the World AD 2000–3000,http://www.wikidata.org/entity/Q720787,Дэвид Лэнгфорд,научная фантастика,1985-01-01T00:00:00Z,
http://www.wikidata.org/entity/Q7758392,The Prisoner of Zhamanak,http://www.wikidata.org/entity/Q316313,Лайон Спрэг де Камп,научная фантастика,1982-01-01T00:00:00Z,Phantasia Press
http://www.wikidata.org/entity/Q7734645,The Fog Horn & Other Stories,http://www.wikidata.org/entity/Q40640,Рэй Брэдбери,научная фантастика,1979-01-01T00:00:00Z,
http://www.wikidata.org/entity/Q7734647,The Fog Horn and Other Stories,http://www.wikidata.org/entity/Q40640,Рэй Брэдбери,научная фантастика,1981-01-01T00:00:00Z,
http://www.wikidata.org/entity/Q7810884,To Conquer Chaos,http://www.wikidata.org/entity/Q378807,Джон Браннер,научная фантастика,1964-01-01T00:00:00Z,Ace Books
http://www.wikidata.org/entity/Q7812213,Сегодня мы выбираем лица,http://www.wikidata.org/entity/Q295406,Роджер Желязны,научная фантастика,1973-04-01T00:00:00Z,New American Library
http://www.wikidata.org/entity/Q7736906,The God Machine,http://www.wikidata.org/entity/Q1277983,Мартин Кейдин,научная фантастика,1968-01-01T00:00:00Z,Dutton
http://www.wikidata.org/entity/Q7766433,The Steam-Driven Boy and other Strangers,http://www.wikidata.org/entity/Q1701769,John Sladek,научная фантастика,1973-01-01T00:00:00Z,Panther Books
http://www.wikidata.org/entity/Q7768818,The Third Millennium: A History of the World AD 2000–3000,http://www.wikidata.org/entity/Q2631376,Брайан Стэблфорд,научная фантастика,1985-01-01T00:00:00Z,
http://www.wikidata.org/entity/Q7762565,The Science Fictional Solar System,http://www.wikidata.org/entity/Q47087,Артур Чарльз Кларк,научная фантастика,1979-01-01T00:00:00Z,Harper
http://www.wikidata.org/entity/Q7734643,Туман,http://www.wikidata.org/entity/Q1110463,Джеймс Герберт,научная фантастика,1975-01-01T00:00:00Z,
http://www.wikidata.org/entity/Q7737964,Машина времени шутит,http://www.wikidata.org/entity/Q724395,Кит Лаумер,научная фантастика,1964-01-01T00:00:00Z,Simon & Schuster
http://www.wikidata.org/entity/Q7737612,Поместья Корифона. Серый принц,http://www.wikidata.org/entity/Q312632,Джек Вэнс,научная фантастика,1975-02-05T00:00:00Z,
http://www.wikidata.org/entity/Q7761331,The Rod of Light,http://www.wikidata.org/entity/Q790762,Баррингтон Джон Бейли,научная фантастика,1985-10-01T00:00:00Z,Methuen Publishing
http://www.wikidata.org/entity/Q7750628,The Masters of Solitude,http://www.wikidata.org/entity/Q6778397,Марвин Кэй,научная фантастика,1978-07-01T00:00:00Z,Doubleday
http://www.wikidata.org/entity/Q7776862,The Zen Gun,http://www.wikidata.org/entity/Q790762,Баррингтон Джон Бейли,научная фантастика,1983-08-01T00:00:00Z,DAW Books
http://www.wikidata.org/entity/Q7762565,The Science Fictional Solar System,http://www.wikidata.org/entity/Q440612,Алан Эдвард Нурс,научная фантастика,1979-01-01T00:00:00Z,Harper
http://www.wikidata.org/entity/Q7762565,The Science Fictional Solar System,http://www.wikidata.org/entity/Q316610,Ларри Нивен,научная фантастика,1979-01-01T00:00:00Z,Harper
http://www.wikidata.org/entity/Q7775193,The Winter Market,http://www.wikidata.org/entity/Q188987,Уильям Гибсон,научная фантастика,1985-11-01T00:00:00Z,
http://www.wikidata.org/entity/Q7743200,Драгоценности Эптора,http://www.wikidata.org/entity/Q438164,Сэмюэль Дилэни,научная фантастика,1962-01-01T00:00:00Z,Ace Books
http://www.wikidata.org/entity/Q7750420,"Браки между Зонами Три, Четыре и Пять",http://www.wikidata.org/entity/Q40874,Дорис Лессинг,научная фантастика,1980-01-01T00:00:00Z,Alfred A. Knopf
http://www.wikidata.org/entity/Q7736927,Богиня Ганимеда,http://www.wikidata.org/entity/Q913403,Майк Резник,научная фантастика,1967-01-01T00:00:00Z,"Donald M. Grant, Publisher"
http://www.wikidata.org/entity/Q7755671,Изгои Марса,http://www.wikidata.org/entity/Q7108757,Otis Adelbert Kline,научная фантастика,1961-01-01T00:00:00Z,Avalon Books
http://www.wikidata.org/entity/Q7760416,The Return of Nathan Brazil,http://www.wikidata.org/entity/Q1398751,Джек Чалкер,научная фантастика,1980-01-01T00:00:00Z,Del Rey Books
http://www.wikidata.org/entity/Q7751950,The Moment of Eclipse,http://www.wikidata.org/entity/Q238702,Брайан Олдис,научная фантастика,1970-01-01T00:00:00Z,Faber and Faber
http://www.wikidata.org/entity/Q7770111,The Trellisane Confrontation,http://www.wikidata.org/entity/Q47195215,David Dvorkin,научная фантастика,1984-02-01T00:00:00Z,Pocket Books
http://www.wikidata.org/entity/Q7738155,The Green Futures of Tycho,http://www.wikidata.org/entity/Q1515266,William Sleator,научная фантастика,1981-01-01T00:00:00Z,
http://www.wikidata.org/entity/Q7747544,The Listeners,http://www.wikidata.org/entity/Q715505,Джеймс Ганн,научная фантастика,1972-10-01T00:00:00Z,Charles Scribner's Sons
http://www.wikidata.org/entity/Q7754135,The Night of Kadar,http://www.wikidata.org/entity/Q3098488,Гарри Килуэрт,научная фантастика,1978-01-01T00:00:00Z,Faber and Faber
http://www.wikidata.org/entity/Q7744049,The Keeper's Price,http://www.wikidata.org/entity/Q465179,Мэрион Зиммер Брэдли,научная фантастика,1980-01-01T00:00:00Z,DAW Books
http://www.wikidata.org/entity/Q7734677,The Folsom Flint and Other Curious Tales,http://www.wikidata.org/entity/Q2365739,Дэвид Генри Келлер,научная фантастика,1969-01-01T00:00:00Z,Arkham House
http://www.wikidata.org/entity/Q7766313,The Starless World,http://www.wikidata.org/entity/Q3110895,Gordon Eklund,научная фантастика,1978-01-01T00:00:00Z,
http://www.wikidata.org/entity/Q7760086,The Reincarnation of Peter Proud,http://www.wikidata.org/entity/Q16010344,Макс Эрлих,научная фантастика,1973-01-01T00:00:00Z,Doubleday
http://www.wikidata.org/entity/Q7741348,The Identity Matrix,http://www.wikidata.org/entity/Q1398751,Джек Чалкер,научная фантастика,1982-01-01T00:00:00Z,Timescape Books
http://www.wikidata.org/entity/Q7772810,The Virgin of Zesh & The Tower of Zanid,http://www.wikidata.org/entity/Q316313,Лайон Спрэг де Камп,научная фантастика,1983-01-01T00:00:00Z,
http://www.wikidata.org/entity/Q7749734,Создание Представителя для Планеты Восемь,http://www.wikidata.org/entity/Q40874,Дорис Лессинг,научная фантастика,1981-01-01T00:00:00Z,Alfred A. Knopf
http://www.wikidata.org/entity/Q7760936,The Rithian Terror,http://www.wikidata.org/entity/Q534599,Деймон Найт,научная фантастика,1965-01-01T00:00:00Z,Ace Books
http://www.wikidata.org/entity/Q7768218,The Tears of the Singers,http://www.wikidata.org/entity/Q3196860,Melinda M. Snodgrass,научная фантастика,1984-08-15T00:00:00Z,Pocket Books
http://www.wikidata.org/entity/Q7750537,Маски времени,http://www.wikidata.org/entity/Q314553,Роберт Силверберг,научная фантастика,1968-05-01T00:00:00Z,Ballantine Books
http://www.wikidata.org/entity/Q7758618,The Proteus Operation,http://www.wikidata.org/entity/Q1061225,James P. Hogan,научная фантастика,1985-10-01T00:00:00Z,Bantam Spectra
http://www.wikidata.org/entity/Q7750420,"Браки между Зонами Три, Четыре и Пять",http://www.wikidata.org/entity/Q40874,Дорис Лессинг,научная фантастика,1980-01-01T00:00:00Z,Jonathan Cape
http://www.wikidata.org/entity/Q7734034,The Fireclown,http://www.wikidata.org/entity/Q316138,Майкл Муркок,научная фантастика,1965-01-01T00:00:00Z,
http://www.wikidata.org/entity/Q7756371,Формы Хаоса,http://www.wikidata.org/entity/Q2982625,Колин Капп,научная фантастика,1972-01-01T00:00:00Z,
http://www.wikidata.org/entity/Q7765377,The Soul of the Robot,http://www.wikidata.org/entity/Q790762,Баррингтон Джон Бейли,научная фантастика,1974-07-01T00:00:00Z,Doubleday
http://www.wikidata.org/entity/Q7741590,The Impossible Man,http://www.wikidata.org/entity/Q140201,Джеймс Баллард,научная фантастика,1966-01-01T00:00:00Z,Berkley Books
http://www.wikidata.org/entity/Q7749734,Создание Представителя для Планеты Восемь,http://www.wikidata.org/entity/Q40874,Дорис Лессинг,научная фантастика,1981-01-01T00:00:00Z,Jonathan Cape
http://www.wikidata.org/entity/Q7747507,The Lion of Comarre and Against the Fall of Night,http://www.wikidata.org/entity/Q47087,Артур Чарльз Кларк,научная фантастика,1968-01-01T00:00:00Z,Harcourt
http://www.wikidata.org/entity/Q10470079,The Third Book of Swords,http://www.wikidata.org/entity/Q497454,Фред Саберхаген,научная фантастика,1984-08-01T00:00:00Z,
http://www.wikidata.org/entity/Q7853298,Да здравствует Трансатлантический туннель! Ура!,http://www.wikidata.org/entity/Q489193,Гарри Гаррисон,научная фантастика,1972-01-01T00:00:00Z,G. P. Putnam's Sons
http://www.wikidata.org/entity/Q15033593,Mind Switch,http://www.wikidata.org/entity/Q534599,Деймон Найт,научная фантастика,1965-01-01T00:00:00Z,Berkley Books
http://www.wikidata.org/entity/Q7974459,Waterspider,http://www.wikidata.org/entity/Q171091,Филип Дик,научная фантастика,1964-01-01T00:00:00Z,
http://www.wikidata.org/entity/Q15033486,Пути Немезиды,http://www.wikidata.org/entity/Q298242,Ли Брэкетт,научная фантастика,1961-03-01T00:00:00Z,
http://www.wikidata.org/entity/Q12735035,Puppet Show,http://www.wikidata.org/entity/Q363227,Фредерик Браун,научная фантастика,1962-01-01T00:00:00Z,
http://www.wikidata.org/entity/Q7943448,Vulcan!,http://www.wikidata.org/entity/Q6376903,Kathleen Sky,научная фантастика,1978-01-01T00:00:00Z,
http://www.wikidata.org/entity/Q17007201,Isaac Asimov Presents The Great SF Stories 7,http://www.wikidata.org/entity/Q550449,Мюррей Лейнстер,научная фантастика,1982-01-01T00:00:00Z,DAW Books
http://www.wikidata.org/entity/Q7943448,Vulcan!,http://www.wikidata.org/entity/Q6376903,Kathleen Sky,научная фантастика,1978-09-01T00:00:00Z,
http://www.wikidata.org/entity/Q8026488,Wintermind,http://www.wikidata.org/entity/Q6778397,Марвин Кэй,научная фантастика,1982-11-01T00:00:00Z,Doubleday
http://www.wikidata.org/entity/Q17006709,The DAW Science Fiction Reader,http://www.wikidata.org/entity/Q908589,Доналд Э. Уоллхайм,научная фантастика,1976-01-01T00:00:00Z,DAW Books
http://www.wikidata.org/entity/Q7993051,Когда явились твермы...,http://www.wikidata.org/entity/Q47087,Артур Чарльз Кларк,научная фантастика,1972-05-01T00:00:00Z,
http://www.wikidata.org/entity/Q9368262,Вар — Мастер палицы,http://www.wikidata.org/entity/Q559409,Пирс Энтони,научная фантастика,1969-01-01T00:00:00Z,
http://www.wikidata.org/entity/Q12046476,Последняя команда,http://www.wikidata.org/entity/Q47087,Артур Чарльз Кларк,научная фантастика,1963-01-01T00:00:00Z,
http://www.wikidata.org/entity/Q11835096,Рождённый с мертвецами,http://www.wikidata.org/entity/Q314553,Роберт Силверберг,научная фантастика,1974-04-01T00:00:00Z,Doubleday
http://www.wikidata.org/entity/Q7882210,Unaccompanied Sonata and Other Stories,http://www.wikidata.org/entity/Q217110,Орсон Скотт Кард,научная фантастика,1980-01-01T00:00:00Z,Dial Press
http://www.wikidata.org/entity/Q12048205,Trouble with Time,http://www.wikidata.org/entity/Q47087,Артур Чарльз Кларк,научная фантастика,1960-07-01T00:00:00Z,
http://www.wikidata.org/entity/Q7762970,The Second Trip,http://www.wikidata.org/entity/Q314553,Роберт Силверберг,научная фантастика,1972-10-01T00:00:00Z,Doubleday
http://www.wikidata.org/entity/Q8049319,Yargo,http://www.wikidata.org/entity/Q241903,Жаклин Сюзанн,научная фантастика,1979-01-01T00:00:00Z,Bantam Books
http://www.wikidata.org/entity/Q7762713,The Screwfly Solution,http://www.wikidata.org/entity/Q234928,Джеймс Типтри-младший,научная фантастика,1977-01-01T00:00:00Z,
http://www.wikidata.org/entity/Q8028024,Мистфаль приходит утром,http://www.wikidata.org/entity/Q181677,Джордж Р. Р. Мартин,научная фантастика,1973-05-01T00:00:00Z,
http://www.wikidata.org/entity/Q7762713,The Screwfly Solution,http://www.wikidata.org/entity/Q234928,Джеймс Типтри-младший,научная фантастика,1977-06-01T00:00:00Z,
http://www.wikidata.org/entity/Q17010620,Souls,http://www.wikidata.org/entity/Q265270,Джоанна Расс,научная фантастика,1982-01-01T00:00:00Z,
http://www.wikidata.org/entity/Q9338967,Q9338967,http://www.wikidata.org/entity/Q438774,Альфред Шклярский,научная фантастика,1963-01-01T00:00:00Z,Издательство «Силезия»
http://www.wikidata.org/entity/Q15033717,The Unicorn Girl,http://www.wikidata.org/entity/Q1928341,Michael Kurland,научная фантастика,1969-01-01T00:00:00Z,
http://www.wikidata.org/entity/Q15033660,Skylark DuQuesne,http://www.wikidata.org/entity/Q144090,Эдвард Элмер Смит,научная фантастика,1966-06-01T00:00:00Z,Jove Books
http://www.wikidata.org/entity/Q7898125,Границы бытия,http://www.wikidata.org/entity/Q234928,Джеймс Типтри-младший,научная фантастика,1978-02-01T00:00:00Z,Berkley Books
http://www.wikidata.org/entity/Q13512122,"Красная звезда, орбита зимы",http://www.wikidata.org/entity/Q312995,Брюс Стерлинг,научная фантастика,1983-01-01T00:00:00Z,
http://www.wikidata.org/entity/Q13512122,"Красная звезда, орбита зимы",http://www.wikidata.org/entity/Q312995,Брюс Стерлинг,научная фантастика,1983-07-01T00:00:00Z,
http://www.wikidata.org/entity/Q7994991,Белый Свет,http://www.wikidata.org/entity/Q92849,Руди Рюкер,научная фантастика,1980-09-01T00:00:00Z,
http://www.wikidata.org/entity/Q7878026,Uhura's Song,http://www.wikidata.org/entity/Q1029714,Джанет Каган,научная фантастика,1985-01-01T00:00:00Z,Pocket Books
http://www.wikidata.org/entity/Q12729921,Лето Гелликонии,http://www.wikidata.org/entity/Q238702,Брайан Олдис,научная фантастика,1983-11-17T00:00:00Z,
http://www.wikidata.org/entity/Q17017155,Девять миллиардов имён Бога,http://www.wikidata.org/entity/Q47087,Артур Чарльз Кларк,научная фантастика,1967-01-01T00:00:00Z,Harcourt
http://www.wikidata.org/entity/Q7994680,White Fang Goes Dingo,http://www.wikidata.org/entity/Q708581,Томас М. Диш,научная фантастика,1971-01-01T00:00:00Z,Random House
http://www.wikidata.org/entity/Q15033779,Мост праха,http://www.wikidata.org/entity/Q295406,Роджер Желязны,научная фантастика,1976-01-01T00:00:00Z,
http://www.wikidata.org/entity/Q7776183,The Worlds of Frank Herbert,http://www.wikidata.org/entity/Q7934,Фрэнк Герберт,научная фантастика,1970-01-01T00:00:00Z,New English Library
http://www.wikidata.org/entity/Q7763152,The Secret of Sinharat,http://www.wikidata.org/entity/Q298242,Ли Брэкетт,научная фантастика,1964-01-01T00:00:00Z,Ace Books
http://www.wikidata.org/entity/Q7962593,Стена вокруг Звезды,http://www.wikidata.org/entity/Q316788,Джек Уильямсон,научная фантастика,1983-01-12T00:00:00Z,Del Rey Books
http://www.wikidata.org/entity/Q7981130,Источник Шиюна,http://www.wikidata.org/entity/Q234030,Кэролайн Черри,научная фантастика,1978-01-01T00:00:00Z,DAW Books
http://www.wikidata.org/entity/Q8052959,Yesterday's Son,http://www.wikidata.org/entity/Q440569,Энн Кэрол Криспин,научная фантастика,1983-01-01T00:00:00Z,Pocket Books
http://www.wikidata.org/entity/Q12040668,Ненависть,http://www.wikidata.org/entity/Q47087,Артур Чарльз Кларк,научная фантастика,1961-11-01T00:00:00Z,
http://www.wikidata.org/entity/Q7837949,Trek to Madworld,http://www.wikidata.org/entity/Q3498557,Stephen Goldin,научная фантастика,1979-01-01T00:00:00Z,
http://www.wikidata.org/entity/Q11993796,Saturn Rising,http://www.wikidata.org/entity/Q47087,Артур Чарльз Кларк,научная фантастика,1961-03-01T00:00:00Z,
http://www.wikidata.org/entity/Q10861400,Q10861400,http://www.wikidata.org/entity/Q47087,Артур Чарльз Кларк,научная фантастика,1982-01-01T00:00:00Z,
http://www.wikidata.org/entity/Q13512165,Левиафан шагает по земле,http://www.wikidata.org/entity/Q316138,Майкл Муркок,научная фантастика,1974-01-01T00:00:00Z,
http://www.wikidata.org/entity/Q7821194,Языки Луны,http://www.wikidata.org/entity/Q296256,Филип Хосе Фармер,научная фантастика,1964-01-01T00:00:00Z,
http://www.wikidata.org/entity/Q7973422,Water Witch,http://www.wikidata.org/entity/Q5200061,Cynthia Felice,научная фантастика,1982-01-01T00:00:00Z,Ace Books
http://www.wikidata.org/entity/Q7762565,The Science Fictional Solar System,http://www.wikidata.org/entity/Q3990238,Theodore L. Thomas,научная фантастика,1979-01-01T00:00:00Z,Harper
http://www.wikidata.org/entity/Q17007201,Isaac Asimov Presents The Great SF Stories 7,http://www.wikidata.org/entity/Q557512,Реймонд Джоунс,научная фантастика,1982-01-01T00:00:00Z,DAW Books
http://www.wikidata.org/entity/Q7883079,Under Compulsion,http://www.wikidata.org/entity/Q708581,Томас М. Диш,научная фантастика,1968-01-01T00:00:00Z,Руперт Харт-Дэвис
http://www.wikidata.org/entity/Q7762565,The Science Fictional Solar System,http://www.wikidata.org/entity/Q2305628,Алексей Паншин,научная фантастика,1979-01-01T00:00:00Z,Harper
http://www.wikidata.org/entity/Q7767354,Саботажники Солнца,http://www.wikidata.org/entity/Q534599,Деймон Найт,научная фантастика,1961-01-01T00:00:00Z,Ace Books
http://www.wikidata.org/entity/Q13182043,The Best of Philip K. Dick,http://www.wikidata.org/entity/Q171091,Филип Дик,научная фантастика,1977-01-01T00:00:00Z,Del Rey Books
http://www.wikidata.org/entity/Q17010579,The Sharing of Flesh,http://www.wikidata.org/entity/Q220883,Пол Уильям Андерсон,научная фантастика,1968-12-01T00:00:00Z,
http://www.wikidata.org/entity/Q8036749,Миры Империума,http://www.wikidata.org/entity/Q724395,Кит Лаумер,научная фантастика,1962-01-01T00:00:00Z,Ace Books
http://www.wikidata.org/entity/Q15026296,Kingdom of the Spiders,http://www.wikidata.org/entity/Q15026297,Bernhardt J. Hurwood,научная фантастика,1977-01-01T00:00:00Z,
http://www.wikidata.org/entity/Q7763214,Семя Земли,http://www.wikidata.org/entity/Q314553,Роберт Силверберг,научная фантастика,1962-01-01T00:00:00Z,
http://www.wikidata.org/entity/Q13512122,"Красная звезда, орбита зимы",http://www.wikidata.org/entity/Q188987,Уильям Гибсон,научная фантастика,1983-01-01T00:00:00Z,
http://www.wikidata.org/entity/Q13512122,"Красная звезда, орбита зимы",http://www.wikidata.org/entity/Q188987,Уильям Гибсон,научная фантастика,1983-07-01T00:00:00Z,
http://www.wikidata.org/entity/Q12267739,Солнечный ветер,http://www.wikidata.org/entity/Q47087,Артур Чарльз Кларк,научная фантастика,1964-03-01T00:00:00Z,
http://www.wikidata.org/entity/Q15032739,Башни Торона,http://www.wikidata.org/entity/Q438164,Сэмюэль Дилэни,научная фантастика,1964-01-01T00:00:00Z,Ace Books
http://www.wikidata.org/entity/Q7804907,Time After Time,http://www.wikidata.org/entity/Q4731507,Allen Appel,научная фантастика,1985-01-01T00:00:00Z,
http://www.wikidata.org/entity/Q12040574,The Longest Science-Fiction Story Ever Told,http://www.wikidata.org/entity/Q47087,Артур Чарльз Кларк,научная фантастика,1966-10-01T00:00:00Z,
http://www.wikidata.org/entity/Q7763215,The Seed of Evil,http://www.wikidata.org/entity/Q790762,Баррингтон Джон Бейли,научная фантастика,1979-01-01T00:00:00Z,Allison & Busby
http://www.wikidata.org/entity/Q7762884,The Second Book of Fritz Leiber,http://www.wikidata.org/entity/Q313185,Фриц Лейбер,научная фантастика,1975-01-01T00:00:00Z,DAW Books
http://www.wikidata.org/entity/Q12741161,"Живи, высочайшей милостью…",http://www.wikidata.org/entity/Q294625,Клиффорд Дональд Саймак,научная фантастика,1982-02-01T00:00:00Z,
http://www.wikidata.org/entity/Q8026488,Wintermind,http://www.wikidata.org/entity/Q3365451,Парк Годвин,научная фантастика,1982-11-01T00:00:00Z,Doubleday
http://www.wikidata.org/entity/Q7807819,Tin Woodman,http://www.wikidata.org/entity/Q5231419,Дэвид Бишоф,научная фантастика,1979-04-01T00:00:00Z,Doubleday
http://www.wikidata.org/entity/Q12034864,Maelstrom II,http://www.wikidata.org/entity/Q47087,Артур Чарльз Кларк,научная фантастика,1965-04-01T00:00:00Z,
http://www.wikidata.org/entity/Q8036235,World Soul,http://www.wikidata.org/entity/Q4175503,"Емцев, Михаил Тихонович",научная фантастика,1964-01-01T00:00:00Z,Macmillan Publishers
http://www.wikidata.org/entity/Q7776185,The Worlds of Robert A. Heinlein,http://www.wikidata.org/entity/Q123078,Роберт Хайнлайн,научная фантастика,1966-01-01T00:00:00Z,Ace Books
http://www.wikidata.org/entity/Q7762985,Тайна,http://www.wikidata.org/entity/Q47087,Артур Чарльз Кларк,научная фантастика,1963-08-11T00:00:00Z,
http://www.wikidata.org/entity/Q8036508,World Without End,http://www.wikidata.org/entity/Q347461,Джо Холдеман,научная фантастика,1979-02-01T00:00:00Z,
http://www.wikidata.org/entity/Q7856018,Turning On,http://www.wikidata.org/entity/Q534599,Деймон Найт,научная фантастика,1966-01-01T00:00:00Z,Doubleday
http://www.wikidata.org/entity/Q7991587,Что это за штука — любовь?,http://www.wikidata.org/entity/Q34981,Айзек Азимов,научная фантастика,1961-01-01T00:00:00Z,
http://www.wikidata.org/entity/Q11863164,До Эдема,http://www.wikidata.org/entity/Q47087,Артур Чарльз Кларк,научная фантастика,1961-06-01T00:00:00Z,
http://www.wikidata.org/entity/Q8024339,Окно,http://www.wikidata.org/entity/Q4933150,Боб Леман,научная фантастика,1980-05-01T00:00:00Z,
http://www.wikidata.org/entity/Q7942410,Voyage from Yesteryear,http://www.wikidata.org/entity/Q1061225,James P. Hogan,научная фантастика,1982-04-01T00:00:00Z,Del Rey Books
http://www.wikidata.org/entity/Q17007201,Isaac Asimov Presents The Great SF Stories 7,http://www.wikidata.org/entity/Q684748,Лестер дель Рей,научная фантастика,1982-01-01T00:00:00Z,DAW Books
http://www.wikidata.org/entity/Q7992621,When It Changed,http://www.wikidata.org/entity/Q265270,Джоанна Расс,научная фантастика,1972-03-17T00:00:00Z,
http://www.wikidata.org/entity/Q7846478,Проблема с лишайником,http://www.wikidata.org/entity/Q313673,Джон Уиндем,научная фантастика,1960-01-01T00:00:00Z,Michael Joseph
http://www.wikidata.org/entity/Q7942410,Voyage from Yesteryear,http://www.wikidata.org/entity/Q1061225,James P. Hogan,научная фантастика,1982-04-01T00:00:00Z,Ballantine Books
http://www.wikidata.org/entity/Q10354447,Проект «Ватикан»,http://www.wikidata.org/entity/Q294625,Клиффорд Дональд Саймак,научная фантастика,1981-03-01T00:00:00Z,Ballantine Books
http://www.wikidata.org/entity/Q7822514,"Tony Hale, Space Detective",http://www.wikidata.org/entity/Q12020889,Хью Уолтерс,научная фантастика,1973-01-01T00:00:00Z,Faber and Faber
http://www.wikidata.org/entity/Q13553715,Имя мне — легион,http://www.wikidata.org/entity/Q295406,Роджер Желязны,научная фантастика,1976-01-01T00:00:00Z,Ballantine Books
http://www.wikidata.org/entity/Q7762565,The Science Fictional Solar System,http://www.wikidata.org/entity/Q1292432,Терри Карр,научная фантастика,1979-01-01T00:00:00Z,Harper
http://www.wikidata.org/entity/Q8028088,С запутанным клубком,http://www.wikidata.org/entity/Q559409,Пирс Энтони,научная фантастика,1985-10-01T00:00:00Z,
http://www.wikidata.org/entity/Q7967186,Wanderer,http://www.wikidata.org/entity/Q5258930,Dennis Schmidt,научная фантастика,1985-01-01T00:00:00Z,
http://www.wikidata.org/entity/Q7834597,Transmigration,http://www.wikidata.org/entity/Q349508,J. T. McIntosh,научная фантастика,1970-01-01T00:00:00Z,
http://www.wikidata.org/entity/Q7763309,Сентиментальные агенты в Империи Волиен,http://www.wikidata.org/entity/Q40874,Дорис Лессинг,научная фантастика,1983-01-01T00:00:00Z,Alfred A. Knopf
http://www.wikidata.org/entity/Q12054345,Воссоединение,http://www.wikidata.org/entity/Q47087,Артур Чарльз Кларк,научная фантастика,1971-01-01T00:00:00Z,
http://www.wikidata.org/entity/Q17007201,Isaac Asimov Presents The Great SF Stories 7,http://www.wikidata.org/entity/Q551710,Генри Каттнер,научная фантастика,1982-01-01T00:00:00Z,DAW Books
http://www.wikidata.org/entity/Q7853297,Tunnel Through Time,http://www.wikidata.org/entity/Q684748,Лестер дель Рей,научная фантастика,1966-05-01T00:00:00Z,
http://www.wikidata.org/entity/Q8030746,Woman on the Edge of Time,http://www.wikidata.org/entity/Q273385,Мардж Пирси,научная фантастика,1976-01-01T00:00:00Z,Alfred A. Knopf
http://www.wikidata.org/entity/Q7798123,Thrice Upon a Time,http://www.wikidata.org/entity/Q1061225,James P. Hogan,научная фантастика,1980-03-01T00:00:00Z,Ballantine Books
http://www.wikidata.org/entity/Q12720515,Alien Embassy,http://www.wikidata.org/entity/Q1371639,Йен Уотсон,научная фантастика,1977-09-01T00:00:00Z,
http://www.wikidata.org/entity/Q17015631,The Gate of Worlds,http://www.wikidata.org/entity/Q314553,Роберт Силверберг,научная фантастика,1967-01-01T00:00:00Z,Holt McDougal
http://www.wikidata.org/entity/Q8000801,Wild Seed,http://www.wikidata.org/entity/Q239739,Октавия Батлер,научная фантастика,1980-07-01T00:00:00Z,Doubleday
http://www.wikidata.org/entity/Q11154413,The Long Result,http://www.wikidata.org/entity/Q378807,Джон Браннер,научная фантастика,1965-11-01T00:00:00Z,Faber and Faber
http://www.wikidata.org/entity/Q17007320,Isaac Asimov Presents The Great SF Stories 12,http://www.wikidata.org/entity/Q1680150,Martin H. Greenberg,научная фантастика,1984-01-01T00:00:00Z,DAW Books
http://www.wikidata.org/entity/Q7805407,Время великого холода,http://www.wikidata.org/entity/Q314553,Роберт Силверберг,научная фантастика,1964-01-01T00:00:00Z,
http://www.wikidata.org/entity/Q7882211,Unaccompanied Sonata,http://www.wikidata.org/entity/Q217110,Орсон Скотт Кард,научная фантастика,1979-03-01T00:00:00Z,
http://www.wikidata.org/entity/Q9395624,The Island of Doctor Death and Other Stories and Other Stories,http://www.wikidata.org/entity/Q361149,Джин Вулф,научная фантастика,1980-01-01T00:00:00Z,Pocket Books
http://www.wikidata.org/entity/Q7763309,Сентиментальные агенты в Империи Волиен,http://www.wikidata.org/entity/Q40874,Дорис Лессинг,научная фантастика,1983-01-01T00:00:00Z,Jonathan Cape
http://www.wikidata.org/entity/Q7805253,Time and Stars,http://www.wikidata.org/entity/Q220883,Пол Уильям Андерсон,научная фантастика,1964-01-01T00:00:00Z,Doubleday
http://www.wikidata.org/entity/Q15033851,High Crystal,http://www.wikidata.org/entity/Q1277983,Мартин Кейдин,научная фантастика,1974-01-01T00:00:00Z,Arbor House
http://www.wikidata.org/entity/Q15033698,Calculated Risk,http://www.wikidata.org/entity/Q5077413,Charles Eric Maine,научная фантастика,1960-01-01T00:00:00Z,Hodder & Stoughton
http://www.wikidata.org/entity/Q7858017,Twilight at the Well of Souls,http://www.wikidata.org/entity/Q1398751,Джек Чалкер,научная фантастика,1980-01-01T00:00:00Z,Del Rey Books
http://www.wikidata.org/entity/Q7842524,Trinity's Child,http://www.wikidata.org/entity/Q8017104,Уильям Прошно,научная фантастика,1983-10-01T00:00:00Z,
http://www.wikidata.org/entity/Q13725678,Восставшая из пепла,http://www.wikidata.org/entity/Q261962,Танит Ли,научная фантастика,1975-06-01T00:00:00Z,
http://www.wikidata.org/entity/Q17007201,Isaac Asimov Presents The Great SF Stories 7,http://www.wikidata.org/entity/Q313185,Фриц Лейбер,научная фантастика,1982-01-01T00:00:00Z,DAW Books
http://www.wikidata.org/entity/Q7833045,Предатель живых,http://www.wikidata.org/entity/Q296256,Филип Хосе Фармер,научная фантастика,1973-01-01T00:00:00Z,
http://www.wikidata.org/entity/Q17007201,Isaac Asimov Presents The Great SF Stories 7,http://www.wikidata.org/entity/Q34981,Айзек Азимов,научная фантастика,1982-01-01T00:00:00Z,DAW Books
http://www.wikidata.org/entity/Q7992696,"When No One Remembers His Name, Does God Retire?",http://www.wikidata.org/entity/Q217110,Орсон Скотт Кард,научная фантастика,1979-01-01T00:00:00Z,
http://www.wikidata.org/entity/Q7962593,Стена вокруг Звезды,http://www.wikidata.org/entity/Q312641,Фредерик Пол,научная фантастика,1983-01-12T00:00:00Z,Del Rey Books
http://www.wikidata.org/entity/Q7967196,Wanderers of Time,http://www.wikidata.org/entity/Q313673,Джон Уиндем,научная фантастика,1973-01-01T00:00:00Z,Coronet Books
http://www.wikidata.org/entity/Q17007201,Isaac Asimov Presents The Great SF Stories 7,http://www.wikidata.org/entity/Q363227,Фредерик Браун,научная фантастика,1982-01-01T00:00:00Z,DAW Books
http://www.wikidata.org/entity/Q15033515,Alpha Centauri or Die!,http://www.wikidata.org/entity/Q298242,Ли Брэкетт,научная фантастика,1963-01-01T00:00:00Z,Ace Books
http://www.wikidata.org/entity/Q17007320,Isaac Asimov Presents The Great SF Stories 12,http://www.wikidata.org/entity/Q34981,Айзек Азимов,научная фантастика,1984-01-01T00:00:00Z,DAW Books
http://www.wikidata.org/entity/Q7804959,"Время, точно низка самоцветов",http://www.wikidata.org/entity/Q438164,Сэмюэль Дилэни,научная фантастика,1968-12-01T00:00:00Z,
http://www.wikidata.org/entity/Q16996930,The Infinity Box,http://www.wikidata.org/entity/Q260560,Кейт Вильгельм,научная фантастика,1975-01-01T00:00:00Z,Harper
http://www.wikidata.org/entity/Q13194710,Iain am Measg Nan Reultan,http://www.wikidata.org/entity/Q3396459,Иэн Кричтон Смит,научная фантастика,1970-01-01T00:00:00Z,
http://www.wikidata.org/entity/Q7844314,Triton,http://www.wikidata.org/entity/Q438164,Сэмюэль Дилэни,научная фантастика,1976-02-01T00:00:00Z,Bantam Books
http://www.wikidata.org/entity/Q13459627,Phase IV,http://www.wikidata.org/entity/Q113554,Barry N. Malzberg,научная фантастика,1973-01-01T00:00:00Z,
http://www.wikidata.org/entity/Q7897672,Until the Celebration,http://www.wikidata.org/entity/Q8071937,Zilpha Keatley Snyder,научная фантастика,1977-01-01T00:00:00Z,Atheneum Books
http://www.wikidata.org/entity/Q17007201,Isaac Asimov Presents The Great SF Stories 7,http://www.wikidata.org/entity/Q298242,Ли Брэкетт,научная фантастика,1982-01-01T00:00:00Z,DAW Books
http://www.wikidata.org/entity/Q15033625,Планета проклятых,http://www.wikidata.org/entity/Q489193,Гарри Гаррисон,научная фантастика,1962-01-01T00:00:00Z,
http://www.wikidata.org/entity/Q7973422,Water Witch,http://www.wikidata.org/entity/Q234700,Конни Уиллис,научная фантастика,1982-01-01T00:00:00Z,Ace Books
http://www.wikidata.org/entity/Q7942431,Путешествие в Город мёртвых,http://www.wikidata.org/entity/Q575345,Алан Дин Фостер,научная фантастика,1984-01-01T00:00:00Z,Del Rey Books
http://www.wikidata.org/entity/Q11160398,Z — значит Захария,http://www.wikidata.org/entity/Q2156711,Роберт С. О’Брайэн,научная фантастика,1974-01-01T00:00:00Z,Atheneum Books
http://www.wikidata.org/entity/Q9339697,Сос по прозвищу «Верёвка»,http://www.wikidata.org/entity/Q559409,Пирс Энтони,научная фантастика,1968-01-01T00:00:00Z,
http://www.wikidata.org/entity/Q7762565,The Science Fictional Solar System,http://www.wikidata.org/entity/Q1360721,Роберт Франклин Янг,научная фантастика,1979-01-01T00:00:00Z,Harper
http://www.wikidata.org/entity/Q7801518,Tiger by the Tail and Other Science Fiction Stories,http://www.wikidata.org/entity/Q440612,Алан Эдвард Нурс,научная фантастика,1961-01-01T00:00:00Z,
http://www.wikidata.org/entity/Q8036235,World Soul,http://www.wikidata.org/entity/Q971447,Еремей Иудович Парнов,научная фантастика,1964-01-01T00:00:00Z,Macmillan Publishers
http://www.wikidata.org/entity/Q12047902,Transit of Earth,http://www.wikidata.org/entity/Q47087,Артур Чарльз Кларк,научная фантастика,1971-01-01T00:00:00Z,
http://www.wikidata.org/entity/Q15033698,Calculated Risk,http://www.wikidata.org/entity/Q5077413,Charles Eric Maine,научная фантастика,1960-01-01T00:00:00Z,Transworld Publishers
http://www.wikidata.org/entity/Q7834379,Транзитом до скорпиона,http://www.wikidata.org/entity/Q708029,Кеннет Балмер,научная фантастика,1972-01-01T00:00:00Z,DAW Books
http://www.wikidata.org/entity/Q12720083,Агент Хаоса,http://www.wikidata.org/entity/Q455951,Норман Спинрад,научная фантастика,1967-01-01T00:00:00Z,Belmont Books
http://www.wikidata.org/entity/Q11082123,Playback,http://www.wikidata.org/entity/Q47087,Артур Чарльз Кларк,научная фантастика,1966-12-01T00:00:00Z,
http://www.wikidata.org/entity/Q7977856,We Who Are About To...,http://www.wikidata.org/entity/Q265270,Джоанна Расс,научная фантастика,1977-07-01T00:00:00Z,
http://www.wikidata.org/entity/Q11082383,The Shining Ones,http://www.wikidata.org/entity/Q47087,Артур Чарльз Кларк,научная фантастика,1962-01-01T00:00:00Z,
http://www.wikidata.org/entity/Q23056596,Flies,http://www.wikidata.org/entity/Q314553,Роберт Силверберг,научная фантастика,1967-10-01T00:00:00Z,
http://www.wikidata.org/entity/Q17033355,Warm Worlds and Otherwise,http://www.wikidata.org/entity/Q234928,Джеймс Типтри-младший,научная фантастика,1975-01-01T00:00:00Z,Ballantine Books
http://www.wikidata.org/entity/Q17026037,Песнь о Лии,http://www.wikidata.org/entity/Q181677,Джордж Р. Р. Мартин,научная фантастика,1974-06-01T00:00:00Z,
http://www.wikidata.org/entity/Q16651119,Зима Гелликонии,http://www.wikidata.org/entity/Q238702,Брайан Олдис,научная фантастика,1985-01-01T00:00:00Z,
http://www.wikidata.org/entity/Q11513252,Blade Runner,http://www.wikidata.org/entity/Q440612,Алан Эдвард Нурс,научная фантастика,1979-01-01T00:00:00Z,
http://www.wikidata.org/entity/Q23307057,"Androids, Time Machines and Blue Giraffes",http://www.wikidata.org/entity/Q34981,Айзек Азимов,научная фантастика,1973-01-01T00:00:00Z,
http://www.wikidata.org/entity/Q11788296,Press Enter■,http://www.wikidata.org/entity/Q504805,Джон Варли,научная фантастика,1984-05-01T00:00:00Z,
http://www.wikidata.org/entity/Q18639378,A Report from Group 17,http://www.wikidata.org/entity/Q2156711,Роберт С. О’Брайэн,научная фантастика,1972-03-01T00:00:00Z,Macmillan Publishers
http://www.wikidata.org/entity/Q18352174,Manhounds of Antares,http://www.wikidata.org/entity/Q708029,Кеннет Балмер,научная фантастика,1974-01-01T00:00:00Z,DAW Books
http://www.wikidata.org/entity/Q23307384,Five-Odd,http://www.wikidata.org/entity/Q34981,Айзек Азимов,научная фантастика,1964-01-01T00:00:00Z,
http://www.wikidata.org/entity/Q18209750,Space Lords,http://www.wikidata.org/entity/Q937000,Пол Смит,научная фантастика,1965-05-01T00:00:00Z,
http://www.wikidata.org/entity/Q21197441,Луна охотника,http://www.wikidata.org/entity/Q220883,Пол Уильям Андерсон,научная фантастика,1978-11-01T00:00:00Z,
http://www.wikidata.org/entity/Q15033982,The Unsleeping Eye,http://www.wikidata.org/entity/Q1174491,David G. Compton,научная фантастика,1974-05-01T00:00:00Z,
http://www.wikidata.org/entity/Q15047955,Властелин Тигр,http://www.wikidata.org/entity/Q296256,Филип Хосе Фармер,научная фантастика,1970-01-01T00:00:00Z,
http://www.wikidata.org/entity/Q23307384,Five-Odd,http://www.wikidata.org/entity/Q220078,Кингсли Эмис,научная фантастика,1964-01-01T00:00:00Z,
http://www.wikidata.org/entity/Q23021213,Halfway House,http://www.wikidata.org/entity/Q314553,Роберт Силверберг,научная фантастика,1966-11-01T00:00:00Z,
http://www.wikidata.org/entity/Q16828311,And I Awoke and Found Me Here on the Cold Hill's Side,http://www.wikidata.org/entity/Q234928,Джеймс Типтри-младший,научная фантастика,1972-03-01T00:00:00Z,
http://www.wikidata.org/entity/Q18344600,Prince of Scorpio,http://www.wikidata.org/entity/Q708029,Кеннет Балмер,научная фантастика,1974-01-01T00:00:00Z,DAW Books
http://www.wikidata.org/entity/Q16069786,"I Have No Mouth, and I Must Scream",http://www.wikidata.org/entity/Q311253,Харлан Эллисон,научная фантастика,1967-01-01T00:00:00Z,
http://www.wikidata.org/entity/Q17062770,Passengers,http://www.wikidata.org/entity/Q314553,Роберт Силверберг,научная фантастика,1968-01-01T00:00:00Z,
http://www.wikidata.org/entity/Q15034311,Them Bones,http://www.wikidata.org/entity/Q787382,Howard Waldrop,научная фантастика,1984-11-01T00:00:00Z,Ace Books
http://www.wikidata.org/entity/Q15094120,Враг мой,http://www.wikidata.org/entity/Q809012,Барри Брукс Лонгиер,научная фантастика,1979-09-01T00:00:00Z,
http://www.wikidata.org/entity/Q23307057,"Androids, Time Machines and Blue Giraffes",http://www.wikidata.org/entity/Q3290528,Margaret St. Clair,научная фантастика,1973-01-01T00:00:00Z,
http://www.wikidata.org/entity/Q23307366,13 Great Stories of Science Fiction,http://www.wikidata.org/entity/Q220883,Пол Уильям Андерсон,научная фантастика,1960-01-01T00:00:00Z,Gold Medal Books
http://www.wikidata.org/entity/Q17143996,Tin Soldier,http://www.wikidata.org/entity/Q268371,Джоан Виндж,научная фантастика,1974-04-01T00:00:00Z,
http://www.wikidata.org/entity/Q23307366,13 Great Stories of Science Fiction,http://www.wikidata.org/entity/Q313673,Джон Уиндем,научная фантастика,1960-01-01T00:00:00Z,Gold Medal Books
http://www.wikidata.org/entity/Q21404517,Sur,http://www.wikidata.org/entity/Q181659,Урсула Крёбер Ле Гуин,научная фантастика,1982-02-01T00:00:00Z,
http://www.wikidata.org/entity/Q23038229,Patternmaster,http://www.wikidata.org/entity/Q239739,Октавия Батлер,научная фантастика,1976-01-01T00:00:00Z,
http://www.wikidata.org/entity/Q21197424,Palely Loitering,http://www.wikidata.org/entity/Q707796,Кристофер Прист,научная фантастика,1979-01-01T00:00:00Z,
http://www.wikidata.org/entity/Q21893627,Q21893627,http://www.wikidata.org/entity/Q378807,Джон Браннер,научная фантастика,1983-06-01T00:00:00Z,
http://www.wikidata.org/entity/Q16654763,Ishmael in Love,http://www.wikidata.org/entity/Q314553,Роберт Силверберг,научная фантастика,1970-07-01T00:00:00Z,
http://www.wikidata.org/entity/Q23307225,Мир Мендеров,http://www.wikidata.org/entity/Q949829,Ллойд Биггл-младший,научная фантастика,1971-02-01T00:00:00Z,
http://www.wikidata.org/entity/Q15879384,Midsummer Century,http://www.wikidata.org/entity/Q248867,Джеймс Блиш,научная фантастика,1972-04-01T00:00:00Z,
http://www.wikidata.org/entity/Q16653928,Q16653928,http://www.wikidata.org/entity/Q455951,Норман Спинрад,научная фантастика,1978-01-01T00:00:00Z,
http://www.wikidata.org/entity/Q15731473,The Last Hurrah of the Golden Horde,http://www.wikidata.org/entity/Q455951,Норман Спинрад,научная фантастика,1979-01-01T00:00:00Z,Avon Publications
http://www.wikidata.org/entity/Q21893627,Q21893627,http://www.wikidata.org/entity/Q361149,Джин Вулф,научная фантастика,1983-06-01T00:00:00Z,
http://www.wikidata.org/entity/Q11681570,Escape to Witch Mountain,http://www.wikidata.org/entity/Q905100,Александр Ки,научная фантастика,1968-01-01T00:00:00Z,
http://www.wikidata.org/entity/Q21893627,Q21893627,http://www.wikidata.org/entity/Q938710,С. П. Сомтоу,научная фантастика,1983-06-01T00:00:00Z,
http://www.wikidata.org/entity/Q16253550,I Put My Blue Genes On,http://www.wikidata.org/entity/Q217110,Орсон Скотт Кард,научная фантастика,1978-08-01T00:00:00Z,
http://www.wikidata.org/entity/Q15241828,The Spawn of Death Machine,http://www.wikidata.org/entity/Q6145872,Тед Уайт,научная фантастика,1968-01-01T00:00:00Z,
http://www.wikidata.org/entity/Q15033983,The Bones of Zora,http://www.wikidata.org/entity/Q1050951,Catherine Crook de Camp,научная фантастика,1983-01-01T00:00:00Z,Phantasia Press
http://www.wikidata.org/entity/Q11296113,The Gentle Giants of Ganymede,http://www.wikidata.org/entity/Q1061225,James P. Hogan,научная фантастика,1978-01-01T00:00:00Z,
http://www.wikidata.org/entity/Q16068755,Nightfall and Other Stories,http://www.wikidata.org/entity/Q34981,Айзек Азимов,научная фантастика,1976-01-01T00:00:00Z,
http://www.wikidata.org/entity/Q19109874,Masters of Space,http://www.wikidata.org/entity/Q5321848,Эдвард Эверетт Эванс,научная фантастика,1962-01-01T00:00:00Z,
http://www.wikidata.org/entity/Q16800876,The Ultimate Crime,http://www.wikidata.org/entity/Q34981,Айзек Азимов,научная фантастика,1976-01-01T00:00:00Z,
http://www.wikidata.org/entity/Q19768285,The Floating Zombie,http://www.wikidata.org/entity/Q5258405,Dennis Feltham Jones,научная фантастика,1975-01-01T00:00:00Z,
http://www.wikidata.org/entity/Q15443659,Летающие колдуны,http://www.wikidata.org/entity/Q1174539,Дэвид Герролд,научная фантастика,1971-01-01T00:00:00Z,Ballantine Books
http://www.wikidata.org/entity/Q21197405,Хранители,http://www.wikidata.org/entity/Q181677,Джордж Р. Р. Мартин,научная фантастика,1981-10-12T00:00:00Z,
http://www.wikidata.org/entity/Q16386314,The Incandescent Ones,http://www.wikidata.org/entity/Q5534685,Geoffrey Hoyle,научная фантастика,1977-05-01T00:00:00Z,Harper
http://www.wikidata.org/entity/Q16545362,Cosmolinea B-1,http://www.wikidata.org/entity/Q363227,Фредерик Браун,научная фантастика,1982-01-01T00:00:00Z,
http://www.wikidata.org/entity/Q23307383,Fifty Short Science Fiction Tales,http://www.wikidata.org/entity/Q5131996,Cleve Cartmill,научная фантастика,1963-01-01T00:00:00Z,Collier Books
http://www.wikidata.org/entity/Q11479750,Giants' Star,http://www.wikidata.org/entity/Q1061225,James P. Hogan,научная фантастика,1981-07-01T00:00:00Z,
http://www.wikidata.org/entity/Q17428391,За бокалом сапфирового вина,http://www.wikidata.org/entity/Q261962,Танит Ли,научная фантастика,1979-09-01T00:00:00Z,
http://www.wikidata.org/entity/Q17063360,Рой,http://www.wikidata.org/entity/Q312995,Брюс Стерлинг,научная фантастика,1982-04-01T00:00:00Z,
http://www.wikidata.org/entity/Q16056012,Летящие сквозь ночь,http://www.wikidata.org/entity/Q181677,Джордж Р. Р. Мартин,научная фантастика,1980-04-01T00:00:00Z,
http://www.wikidata.org/entity/Q23307383,Fifty Short Science Fiction Tales,http://www.wikidata.org/entity/Q34981,Айзек Азимов,научная фантастика,1963-01-01T00:00:00Z,Collier Books
http://www.wikidata.org/entity/Q16068893,Q16068893,http://www.wikidata.org/entity/Q314553,Роберт Силверберг,научная фантастика,1971-01-01T00:00:00Z,
http://www.wikidata.org/entity/Q23307383,Fifty Short Science Fiction Tales,http://www.wikidata.org/entity/Q363227,Фредерик Браун,научная фантастика,1963-01-01T00:00:00Z,Collier Books
http://www.wikidata.org/entity/Q15047943,The Pillars of Eternity,http://www.wikidata.org/entity/Q790762,Баррингтон Джон Бейли,научная фантастика,1982-03-01T00:00:00Z,DAW Books
http://www.wikidata.org/entity/Q16545365,Cosmolinea B-2,http://www.wikidata.org/entity/Q363227,Фредерик Браун,научная фантастика,1983-01-01T00:00:00Z,
http://www.wikidata.org/entity/Q23307057,"Androids, Time Machines and Blue Giraffes",http://www.wikidata.org/entity/Q7358154,Roger Elwood,научная фантастика,1973-01-01T00:00:00Z,
http://www.wikidata.org/entity/Q15526386,Танцовщица из Атлантиды,http://www.wikidata.org/entity/Q220883,Пол Уильям Андерсон,научная фантастика,1972-01-01T00:00:00Z,Nelson Doubleday
http://www.wikidata.org/entity/Q17065596,Зачем звать их обратно с небес?,http://www.wikidata.org/entity/Q294625,Клиффорд Дональд Саймак,научная фантастика,1967-01-01T00:00:00Z,Doubleday
http://www.wikidata.org/entity/Q23307416,Буря над планетой Колдун,http://www.wikidata.org/entity/Q235899,Андре Нортон,научная фантастика,1960-01-01T00:00:00Z,
http://www.wikidata.org/entity/Q23307405,Поиск на перекрёстке времён,http://www.wikidata.org/entity/Q235899,Андре Нортон,научная фантастика,1965-01-01T00:00:00Z,
http://www.wikidata.org/entity/Q23017361,The Fangs of the Trees,http://www.wikidata.org/entity/Q314553,Роберт Силверберг,научная фантастика,1968-10-01T00:00:00Z,
http://www.wikidata.org/entity/Q21402981,The Secret Place,http://www.wikidata.org/entity/Q5982082,Ричард МакКенна,научная фантастика,1966-10-01T00:00:00Z,
http://www.wikidata.org/entity/Q23307057,"Androids, Time Machines and Blue Giraffes",http://www.wikidata.org/entity/Q3568605,Уильям Ф. Темпл,научная фантастика,1973-01-01T00:00:00Z,
http://www.wikidata.org/entity/Q17062412,The Zanzibar Cat,http://www.wikidata.org/entity/Q265270,Джоанна Расс,научная фантастика,1983-10-01T00:00:00Z,
http://www.wikidata.org/entity/Q23307323,Clay's Ark,http://www.wikidata.org/entity/Q239739,Октавия Батлер,научная фантастика,1984-03-01T00:00:00Z,St. Martin's Press
http://www.wikidata.org/entity/Q23307384,Five-Odd,http://www.wikidata.org/entity/Q1406489,Джеймс Шмиц,научная фантастика,1964-01-01T00:00:00Z,
http://www.wikidata.org/entity/Q23307057,"Androids, Time Machines and Blue Giraffes",http://www.wikidata.org/entity/Q509002,Август Дерлет,научная фантастика,1973-01-01T00:00:00Z,
http://www.wikidata.org/entity/Q15116202,Песни звёзд и теней,http://www.wikidata.org/entity/Q181677,Джордж Р. Р. Мартин,научная фантастика,1977-07-01T00:00:00Z,
http://www.wikidata.org/entity/Q15075646,Android Avenger,http://www.wikidata.org/entity/Q6145872,Тед Уайт,научная фантастика,1965-01-01T00:00:00Z,
http://www.wikidata.org/entity/Q16386319,Непостоянная Луна,http://www.wikidata.org/entity/Q316610,Ларри Нивен,научная фантастика,1971-01-01T00:00:00Z,Victor Gollancz
http://www.wikidata.org/entity/Q17017447,Passport to Eternity,http://www.wikidata.org/entity/Q140201,Джеймс Баллард,научная фантастика,1963-01-01T00:00:00Z,Berkley Books
http://www.wikidata.org/entity/Q18636855,Han Solo and the Lost Legacy,http://www.wikidata.org/entity/Q4963506,Brian Daley,научная фантастика,1980-08-12T00:00:00Z,Del Rey Books
http://www.wikidata.org/entity/Q19109874,Masters of Space,http://www.wikidata.org/entity/Q144090,Эдвард Элмер Смит,научная фантастика,1962-01-01T00:00:00Z,
http://www.wikidata.org/entity/Q16000543,Двенадцать ноль одна пополуночи,http://www.wikidata.org/entity/Q3430446,Ричард А Лупофф,научная фантастика,1973-12-01T00:00:00Z,
http://www.wikidata.org/entity/Q15615978,The Edge of Tomorrow,http://www.wikidata.org/entity/Q34981,Айзек Азимов,научная фантастика,1985-01-01T00:00:00Z,Tor Books
http://www.wikidata.org/entity/Q16385407,Darkworld Detective,http://www.wikidata.org/entity/Q1191315,Майкл Ривз,научная фантастика,1982-01-01T00:00:00Z,Bantam Books
http://www.wikidata.org/entity/Q18636852,Han Solo's Revenge,http://www.wikidata.org/entity/Q4963506,Brian Daley,научная фантастика,1979-10-12T00:00:00Z,Del Rey Books
http://www.wikidata.org/entity/Q16653675,The Dybbuk of Mazel Tov IV,http://www.wikidata.org/entity/Q314553,Роберт Силверберг,научная фантастика,1974-01-01T00:00:00Z,
http://www.wikidata.org/entity/Q16386314,The Incandescent Ones,http://www.wikidata.org/entity/Q183397,Фред Хойл,научная фантастика,1977-05-01T00:00:00Z,Harper
http://www.wikidata.org/entity/Q15874384,The Dark Light-Years,http://www.wikidata.org/entity/Q238702,Брайан Олдис,научная фантастика,1964-01-01T00:00:00Z,
http://www.wikidata.org/entity/Q18209773,Свет звёзд,http://www.wikidata.org/entity/Q34981,Айзек Азимов,научная фантастика,1962-01-01T00:00:00Z,
http://www.wikidata.org/entity/Q16387042,Mission to Horatius,http://www.wikidata.org/entity/Q1849325,Мак Рейнольдс,научная фантастика,1968-01-01T00:00:00Z,Western Publishing
http://www.wikidata.org/entity/Q23307057,"Androids, Time Machines and Blue Giraffes",http://www.wikidata.org/entity/Q191050,Амброз Гвиннет Бирс,научная фантастика,1973-01-01T00:00:00Z,
http://www.wikidata.org/entity/Q21893627,Q21893627,http://www.wikidata.org/entity/Q982489,R. A. Lafferty,научная фантастика,1983-06-01T00:00:00Z,
http://www.wikidata.org/entity/Q16385825,Goat Song,http://www.wikidata.org/entity/Q220883,Пол Уильям Андерсон,научная фантастика,1972-02-01T00:00:00Z,
http://www.wikidata.org/entity/Q23307366,13 Great Stories of Science Fiction,http://www.wikidata.org/entity/Q47087,Артур Чарльз Кларк,научная фантастика,1960-01-01T00:00:00Z,Gold Medal Books
http://www.wikidata.org/entity/Q15033870,Имперские звёзды,http://www.wikidata.org/entity/Q144090,Эдвард Элмер Смит,научная фантастика,1976-01-01T00:00:00Z,Panther Books
http://www.wikidata.org/entity/Q22076670,Web of Everywhere,http://www.wikidata.org/entity/Q378807,Джон Браннер,научная фантастика,1974-01-01T00:00:00Z,
http://www.wikidata.org/entity/Q17056219,Shadow Lord,http://www.wikidata.org/entity/Q6140101,Лоуренс Е,научная фантастика,1985-03-01T00:00:00Z,Pocket Books
http://www.wikidata.org/entity/Q17636163,Дэйр,http://www.wikidata.org/entity/Q296256,Филип Хосе Фармер,научная фантастика,1965-01-01T00:00:00Z,
http://www.wikidata.org/entity/Q17486797,Повести летающих гор,http://www.wikidata.org/entity/Q220883,Пол Уильям Андерсон,научная фантастика,1970-01-01T00:00:00Z,
http://www.wikidata.org/entity/Q15874396,After Things Fell Apart,http://www.wikidata.org/entity/Q1081888,Рон Гуларт,научная фантастика,1970-01-01T00:00:00Z,
http://www.wikidata.org/entity/Q22009279,"Как всё было, когда не стало прошлого",http://www.wikidata.org/entity/Q314553,Роберт Силверберг,научная фантастика,1969-10-01T00:00:00Z,
http://www.wikidata.org/entity/Q21190287,Genesis Two,http://www.wikidata.org/entity/Q94054,Лесли Пёрнелл Дэвис,научная фантастика,1969-01-01T00:00:00Z,
http://www.wikidata.org/entity/Q17287397,The Darkest of Nights,http://www.wikidata.org/entity/Q5077413,Charles Eric Maine,научная фантастика,1962-01-01T00:00:00Z,
http://www.wikidata.org/entity/Q16386980,Удача торговца,http://www.wikidata.org/entity/Q234030,Кэролайн Черри,научная фантастика,1982-07-01T00:00:00Z,DAW Books
http://www.wikidata.org/entity/Q23307366,13 Great Stories of Science Fiction,http://www.wikidata.org/entity/Q547414,Альгис Будрис,научная фантастика,1960-01-01T00:00:00Z,Gold Medal Books
http://www.wikidata.org/entity/Q18210144,Воин скорпиона,http://www.wikidata.org/entity/Q708029,Кеннет Балмер,научная фантастика,1973-01-01T00:00:00Z,DAW Books
http://www.wikidata.org/entity/Q15876644,The Ring,http://www.wikidata.org/entity/Q559409,Пирс Энтони,научная фантастика,1968-01-01T00:00:00Z,
http://www.wikidata.org/entity/Q15883143,Furthest,http://www.wikidata.org/entity/Q2741191,Сьюзет Хейден Элджин,научная фантастика,1971-01-01T00:00:00Z,
http://www.wikidata.org/entity/Q23307366,13 Great Stories of Science Fiction,http://www.wikidata.org/entity/Q1006918,G. C. Edmondson,научная фантастика,1960-01-01T00:00:00Z,Gold Medal Books
http://www.wikidata.org/entity/Q16385572,Eight Fantasms and Magics,http://www.wikidata.org/entity/Q312632,Джек Вэнс,научная фантастика,1969-01-01T00:00:00Z,Macmillan Publishers
http://www.wikidata.org/entity/Q17480147,The Dueling Machine,http://www.wikidata.org/entity/Q436664,Бен Бова,научная фантастика,1969-01-01T00:00:00Z,
http://www.wikidata.org/entity/Q16655056,Бессмертные,http://www.wikidata.org/entity/Q715505,Джеймс Ганн,научная фантастика,1962-11-01T00:00:00Z,Bantam Books
http://www.wikidata.org/entity/Q17460823,Ключ,http://www.wikidata.org/entity/Q34981,Айзек Азимов,научная фантастика,1966-01-01T00:00:00Z,
http://www.wikidata.org/entity/Q21893627,Q21893627,http://www.wikidata.org/entity/Q953288,Майкл Бишоп,научная фантастика,1983-06-01T00:00:00Z,
http://www.wikidata.org/entity/Q16653930,Q16653930,http://www.wikidata.org/entity/Q123078,Роберт Хайнлайн,научная фантастика,1981-01-01T00:00:00Z,
http://www.wikidata.org/entity/Q11513252,Blade Runner,http://www.wikidata.org/entity/Q188176,Уильям Сьюард Берроуз,научная фантастика,1979-01-01T00:00:00Z,
http://www.wikidata.org/entity/Q19800977,The Man who saw Tomorrow,http://www.wikidata.org/entity/Q6175507,Jeff Sutton,научная фантастика,1968-01-01T00:00:00Z,
http://www.wikidata.org/entity/Q23307383,Fifty Short Science Fiction Tales,http://www.wikidata.org/entity/Q246303,Энтони Бучер,научная фантастика,1963-01-01T00:00:00Z,Collier Books
http://www.wikidata.org/entity/Q16654271,Мой двойник — робот,http://www.wikidata.org/entity/Q333246,Роберт Шекли,научная фантастика,1978-01-01T00:00:00Z,
http://www.wikidata.org/entity/Q15954493,Wish Monkey God,http://www.wikidata.org/entity/Q4131339,Ni Kuang,научная фантастика,1979-01-01T00:00:00Z,
http://www.wikidata.org/entity/Q11664467,Adapted,http://www.wikidata.org/entity/Q2939834,Кэрол Эмшвиллер,научная фантастика,1961-05-01T00:00:00Z,
http://www.wikidata.org/entity/Q16237372,Ящик,http://www.wikidata.org/entity/Q39829,Стивен Кинг,научная фантастика,1979-07-01T00:00:00Z,
http://www.wikidata.org/entity/Q23307366,13 Great Stories of Science Fiction,http://www.wikidata.org/entity/Q5099598,Уаймен Гвин,научная фантастика,1960-01-01T00:00:00Z,Gold Medal Books
http://www.wikidata.org/entity/Q23307384,Five-Odd,http://www.wikidata.org/entity/Q349508,J. T. McIntosh,научная фантастика,1964-01-01T00:00:00Z,
http://www.wikidata.org/entity/Q23307127,Mind of My Mind,http://www.wikidata.org/entity/Q239739,Октавия Батлер,научная фантастика,1977-01-01T00:00:00Z,
http://www.wikidata.org/entity/Q23307385,Galactic Sibyl Sue Blue,http://www.wikidata.org/entity/Q7368222,Rosel George Brown,научная фантастика,1966-01-01T00:00:00Z,Doubleday
http://www.wikidata.org/entity/Q15033856,The Hostage of Zir,http://www.wikidata.org/entity/Q316313,Лайон Спрэг де Камп,научная фантастика,1977-01-01T00:00:00Z,Berkley Books
http://www.wikidata.org/entity/Q16654196,Q16654196,http://www.wikidata.org/entity/Q333246,Роберт Шекли,научная фантастика,1983-01-01T00:00:00Z,
http://www.wikidata.org/entity/Q17112308,Last Letters from Hav,http://www.wikidata.org/entity/Q3395844,Ян Моррис,научная фантастика,1985-01-01T00:00:00Z,Random House
http://www.wikidata.org/entity/Q15034210,Roderick,http://www.wikidata.org/entity/Q1701769,John Sladek,научная фантастика,1980-11-13T00:00:00Z,Гранада
http://www.wikidata.org/entity/Q21402963,Успеть на цеппелин!,http://www.wikidata.org/entity/Q313185,Фриц Лейбер,научная фантастика,1975-03-01T00:00:00Z,
http://www.wikidata.org/entity/Q17017617,Not Before Time,http://www.wikidata.org/entity/Q378807,Джон Браннер,научная фантастика,1968-01-01T00:00:00Z,New English Library
http://www.wikidata.org/entity/Q16387285,Нейтронная звезда,http://www.wikidata.org/entity/Q316610,Ларри Нивен,научная фантастика,1966-10-01T00:00:00Z,
http://www.wikidata.org/entity/Q17640539,Neighbor,http://www.wikidata.org/entity/Q314553,Роберт Силверберг,научная фантастика,1964-08-01T00:00:00Z,
http://www.wikidata.org/entity/Q16040277,Interurban Queen,http://www.wikidata.org/entity/Q982489,R. A. Lafferty,научная фантастика,1970-01-01T00:00:00Z,
http://www.wikidata.org/entity/Q23307134,Moonstar Odyssey,http://www.wikidata.org/entity/Q1174539,Дэвид Герролд,научная фантастика,1977-02-01T00:00:00Z,New American Library
http://www.wikidata.org/entity/Q15883096,Коридоры времени,http://www.wikidata.org/entity/Q220883,Пол Уильям Андерсон,научная фантастика,1965-01-01T00:00:00Z,
http://www.wikidata.org/entity/Q23307057,"Androids, Time Machines and Blue Giraffes",http://www.wikidata.org/entity/Q4342243,Рэйчел Косгроув Пайес,научная фантастика,1973-01-01T00:00:00Z,
http://www.wikidata.org/entity/Q16385779,The Garments of Caean,http://www.wikidata.org/entity/Q790762,Баррингтон Джон Бейли,научная фантастика,1976-02-01T00:00:00Z,Doubleday
http://www.wikidata.org/entity/Q23307057,"Androids, Time Machines and Blue Giraffes",http://www.wikidata.org/entity/Q435056,Джон Вуд Кэмпбелл,научная фантастика,1973-01-01T00:00:00Z,
http://www.wikidata.org/entity/Q23307383,Fifty Short Science Fiction Tales,http://www.wikidata.org/entity/Q220883,Пол Уильям Андерсон,научная фантастика,1963-01-01T00:00:00Z,Collier Books
http://www.wikidata.org/entity/Q15033983,The Bones of Zora,http://www.wikidata.org/entity/Q316313,Лайон Спрэг де Камп,научная фантастика,1983-01-01T00:00:00Z,Phantasia Press
http://www.wikidata.org/entity/Q16387190,"Друг мой, враг мой",http://www.wikidata.org/entity/Q445930,Диана Дуэйн,научная фантастика,1984-07-01T00:00:00Z,Pocket Books
http://www.wikidata.org/entity/Q16271791,Вся плоть — трава,http://www.wikidata.org/entity/Q294625,Клиффорд Дональд Саймак,научная фантастика,1965-01-01T00:00:00Z,Doubleday
http://www.wikidata.org/entity/Q11519513,The Two Faces of Tomorrow,http://www.wikidata.org/entity/Q1061225,James P. Hogan,научная фантастика,1979-06-01T00:00:00Z,
http://www.wikidata.org/entity/Q15443659,Летающие колдуны,http://www.wikidata.org/entity/Q316610,Ларри Нивен,научная фантастика,1971-01-01T00:00:00Z,Ballantine Books
http://www.wikidata.org/entity/Q16386319,Непостоянная Луна,http://www.wikidata.org/entity/Q316610,Ларри Нивен,научная фантастика,1973-01-01T00:00:00Z,Victor Gollancz
http://www.wikidata.org/entity/Q15033870,Имперские звёзды,http://www.wikidata.org/entity/Q3498557,Stephen Goldin,научная фантастика,1976-01-01T00:00:00Z,Panther Books
http://www.wikidata.org/entity/Q23307057,"Androids, Time Machines and Blue Giraffes",http://www.wikidata.org/entity/Q316788,Джек Уильямсон,научная фантастика,1973-01-01T00:00:00Z,
http://www.wikidata.org/entity/Q17493061,And All the Stars a Stage,http://www.wikidata.org/entity/Q248867,Джеймс Блиш,научная фантастика,1971-07-01T00:00:00Z,
http://www.wikidata.org/entity/Q28703405,Sure Thing,http://www.wikidata.org/entity/Q34981,Айзек Азимов,научная фантастика,1977-01-01T00:00:00Z,
http://www.wikidata.org/entity/Q48743838,Strange Seas and Shores,http://www.wikidata.org/entity/Q782991,Эйв Дэвидсон,научная фантастика,1971-01-01T00:00:00Z,
http://www.wikidata.org/entity/Q27905652,"Of Mist, and Grass, and Sand",http://www.wikidata.org/entity/Q242162,Вонда Макинтайр,научная фантастика,1973-10-01T00:00:00Z,
http://www.wikidata.org/entity/Q28007964,If the Stars Are Gods,http://www.wikidata.org/entity/Q358312,Грегори Бенфорд,научная фантастика,1974-03-01T00:00:00Z,
http://www.wikidata.org/entity/Q28808673,Death of a Foy,http://www.wikidata.org/entity/Q34981,Айзек Азимов,научная фантастика,1980-10-01T00:00:00Z,
http://www.wikidata.org/entity/Q24965488,Outpost Mars,http://www.wikidata.org/entity/Q376859,Сирил Корнблат,научная фантастика,1979-01-01T00:00:00Z,
http://www.wikidata.org/entity/Q20033415,Престол Эсконела,http://www.wikidata.org/entity/Q378807,Джон Браннер,научная фантастика,1965-01-01T00:00:00Z,Q15881724
http://www.wikidata.org/entity/Q18414002,Shaffery Among the Immortals,http://www.wikidata.org/entity/Q312641,Фредерик Пол,научная фантастика,1972-07-01T00:00:00Z,
http://www.wikidata.org/entity/Q27870205,Се человек,http://www.wikidata.org/entity/Q316138,Майкл Муркок,научная фантастика,1966-09-01T00:00:00Z,
http://www.wikidata.org/entity/Q27887329,Another Orphan,http://www.wikidata.org/entity/Q3066599,Джон Кессел,научная фантастика,1982-09-01T00:00:00Z,
http://www.wikidata.org/entity/Q25381788,Sundance,http://www.wikidata.org/entity/Q314553,Роберт Силверберг,научная фантастика,1969-06-01T00:00:00Z,
http://www.wikidata.org/entity/Q21558225,Дикий берег,http://www.wikidata.org/entity/Q130779,Ким Стенли Робинсон,научная фантастика,1984-03-01T00:00:00Z,
http://www.wikidata.org/entity/Q25381780,Ringing the Changes,http://www.wikidata.org/entity/Q314553,Роберт Силверберг,научная фантастика,1970-11-01T00:00:00Z,
http://www.wikidata.org/entity/Q28401440,The Delicate Dependency,http://www.wikidata.org/entity/Q2639435,Майкл Талбот,научная фантастика,1982-03-01T00:00:00Z,
http://www.wikidata.org/entity/Q28808642,As Chemist to Chemist,http://www.wikidata.org/entity/Q34981,Айзек Азимов,научная фантастика,1970-05-01T00:00:00Z,
http://www.wikidata.org/entity/Q27231256,The Remaking of Sigmund Freud,http://www.wikidata.org/entity/Q113554,Barry N. Malzberg,научная фантастика,1985-07-01T00:00:00Z,
http://www.wikidata.org/entity/Q29994240,The Samurai and the Willows,http://www.wikidata.org/entity/Q953288,Майкл Бишоп,научная фантастика,1976-02-01T00:00:00Z,
http://www.wikidata.org/entity/Q24951244,Башня из пепла,http://www.wikidata.org/entity/Q181677,Джордж Р. Р. Мартин,научная фантастика,1976-04-01T00:00:00Z,
http://www.wikidata.org/entity/Q21893607,Мастодония,http://www.wikidata.org/entity/Q294625,Клиффорд Дональд Саймак,научная фантастика,1978-01-01T00:00:00Z,Del Rey Books
http://www.wikidata.org/entity/Q20084641,И пришел Город,http://www.wikidata.org/entity/Q1346126,Джон Ширли,научная фантастика,1980-07-01T00:00:00Z,
http://www.wikidata.org/entity/Q21013594,Picnic on Paradise,http://www.wikidata.org/entity/Q265270,Джоанна Расс,научная фантастика,1968-01-01T00:00:00Z,
http://www.wikidata.org/entity/Q24951295,Вспоминая Мелоди,http://www.wikidata.org/entity/Q181677,Джордж Р. Р. Мартин,научная фантастика,1981-04-01T00:00:00Z,
http://www.wikidata.org/entity/Q30334378,Eclipse,http://www.wikidata.org/entity/Q1346126,Джон Ширли,научная фантастика,1985-01-01T00:00:00Z,
http://www.wikidata.org/entity/Q24951244,Башня из пепла,http://www.wikidata.org/entity/Q181677,Джордж Р. Р. Мартин,научная фантастика,1983-04-01T00:00:00Z,
http://www.wikidata.org/entity/Q30880226,Q30880226,http://www.wikidata.org/entity/Q42511,Герберт Уэллс,научная фантастика,1980-01-01T00:00:00Z,
http://www.wikidata.org/entity/Q19947806,To See the Invisible Man,http://www.wikidata.org/entity/Q314553,Роберт Силверберг,научная фантастика,1963-04-01T00:00:00Z,
http://www.wikidata.org/entity/Q20874614,Путешествие Иеро,http://www.wikidata.org/entity/Q2345563,Стерлинг Ланье,научная фантастика,1973-06-01T00:00:00Z,
http://www.wikidata.org/entity/Q20011920,Могу я попросить Нину?,http://www.wikidata.org/entity/Q360292,Кир Булычёв,научная фантастика,1977-01-01T00:00:00Z,
http://www.wikidata.org/entity/Q27902535,Out of All Them Bright Stars,http://www.wikidata.org/entity/Q238438,Нэнси Кресс,научная фантастика,1985-03-01T00:00:00Z,
http://www.wikidata.org/entity/Q20874930,Winners,http://www.wikidata.org/entity/Q220883,Пол Уильям Андерсон,научная фантастика,1981-01-01T00:00:00Z,Tor Books
http://www.wikidata.org/entity/Q25397805,The Peacemaker,http://www.wikidata.org/entity/Q720562,Гарднер Дозуа,научная фантастика,1983-08-01T00:00:00Z,
http://www.wikidata.org/entity/Q27680100,Олмос жилоси,http://www.wikidata.org/entity/Q4519524,"Шайхов, Ходжиакбар Исламович",научная фантастика,1983-01-01T00:00:00Z,
http://www.wikidata.org/entity/Q25381959,Something Wild Is Loose,http://www.wikidata.org/entity/Q314553,Роберт Силверберг,научная фантастика,1971-09-01T00:00:00Z,
http://www.wikidata.org/entity/Q27945493,Ship of Shadows,http://www.wikidata.org/entity/Q313185,Фриц Лейбер,научная фантастика,1969-07-01T00:00:00Z,
http://www.wikidata.org/entity/Q29468815,Померкнет воздух рая,http://www.wikidata.org/entity/Q234928,Джеймс Типтри-младший,научная фантастика,1985-02-01T00:00:00Z,Tor Books
http://www.wikidata.org/entity/Q29917820,"Djinn, No Chaser",http://www.wikidata.org/entity/Q311253,Харлан Эллисон,научная фантастика,1982-04-01T00:00:00Z,
http://www.wikidata.org/entity/Q18414149,Outward Bound,http://www.wikidata.org/entity/Q455951,Норман Спинрад,научная фантастика,1964-01-01T00:00:00Z,
http://www.wikidata.org/entity/Q45209012,The Colors of Space,http://www.wikidata.org/entity/Q465179,Мэрион Зиммер Брэдли,научная фантастика,1963-01-01T00:00:00Z,
http://www.wikidata.org/entity/Q28808694,About Nothing,http://www.wikidata.org/entity/Q34981,Айзек Азимов,научная фантастика,1983-01-01T00:00:00Z,
http://www.wikidata.org/entity/Q27566273,giANTS,http://www.wikidata.org/entity/Q5342047,Эдвард Брайант,научная фантастика,1979-08-01T00:00:00Z,
http://www.wikidata.org/entity/Q25492175,Q25492175,http://www.wikidata.org/entity/Q34981,Айзек Азимов,научная фантастика,1969-01-01T00:00:00Z,
http://www.wikidata.org/entity/Q27973661,The Meeting,http://www.wikidata.org/entity/Q312641,Фредерик Пол,научная фантастика,1972-11-01T00:00:00Z,
http://www.wikidata.org/entity/Q29994400,The Only Neat Thing to Do,http://www.wikidata.org/entity/Q234928,Джеймс Типтри-младший,научная фантастика,1985-10-01T00:00:00Z,
http://www.wikidata.org/entity/Q28540523,Anything You Can Do,http://www.wikidata.org/entity/Q1193106,Randall Garrett,научная фантастика,1962-01-01T00:00:00Z,
http://www.wikidata.org/entity/Q21893627,Q21893627,http://www.wikidata.org/entity/Q295406,Роджер Желязны,научная фантастика,1983-06-01T00:00:00Z,
http://www.wikidata.org/entity/Q17985968,The Blue Aura,http://www.wikidata.org/entity/Q12020889,Хью Уолтерс,научная фантастика,1979-01-01T00:00:00Z,Faber and Faber
http://www.wikidata.org/entity/Q27657096,The Dowry of Angyar,http://www.wikidata.org/entity/Q181659,Урсула Крёбер Ле Гуин,научная фантастика,1964-01-01T00:00:00Z,
http://www.wikidata.org/entity/Q19913276,The run,http://www.wikidata.org/entity/Q707796,Кристофер Прист,научная фантастика,1966-01-01T00:00:00Z,
http://www.wikidata.org/entity/Q17993749,"Кнопка, кнопка",http://www.wikidata.org/entity/Q325130,Ричард Мэтисон,научная фантастика,1970-01-01T00:00:00Z,
http://www.wikidata.org/entity/Q18155206,The Throne of Saturn,http://www.wikidata.org/entity/Q733850,Аллен Друри,научная фантастика,1971-01-01T00:00:00Z,
http://www.wikidata.org/entity/Q27956412,Смертельная хватка,http://www.wikidata.org/entity/Q317491,Грег Бир,научная фантастика,1983-02-01T00:00:00Z,
http://www.wikidata.org/entity/Q27044690,Bad Ronald,http://www.wikidata.org/entity/Q312632,Джек Вэнс,научная фантастика,1973-09-01T00:00:00Z,Ballantine Books
http://www.wikidata.org/entity/Q28449917,The Furious Masters,http://www.wikidata.org/entity/Q456245,Марго Беннетт,научная фантастика,1968-01-01T00:00:00Z,
http://www.wikidata.org/entity/Q18418830,Мир Звёздных волков,http://www.wikidata.org/entity/Q1285626,Эдмонд Гамильтон,научная фантастика,1969-01-01T00:00:00Z,
http://www.wikidata.org/entity/Q25381966,The Reality Trip,http://www.wikidata.org/entity/Q314553,Роберт Силверберг,научная фантастика,1970-01-01T00:00:00Z,
http://www.wikidata.org/entity/Q25493695,Paradox Lost,http://www.wikidata.org/entity/Q363227,Фредерик Браун,научная фантастика,1981-01-01T00:00:00Z,Kinneret Zmora-Bitan Dvir
http://www.wikidata.org/entity/Q25381764,Going Down Smooth,http://www.wikidata.org/entity/Q314553,Роберт Силверберг,научная фантастика,1968-08-01T00:00:00Z,
http://www.wikidata.org/entity/Q20052178,He Who Shapes,http://www.wikidata.org/entity/Q295406,Роджер Желязны,научная фантастика,1965-01-01T00:00:00Z,
http://www.wikidata.org/entity/Q18414139,A Child of Mind,http://www.wikidata.org/entity/Q455951,Норман Спинрад,научная фантастика,1965-01-01T00:00:00Z,
http://www.wikidata.org/entity/Q27921682,With Virgil Oddum at the East Pole,http://www.wikidata.org/entity/Q311253,Харлан Эллисон,научная фантастика,1985-01-01T00:00:00Z,
http://www.wikidata.org/entity/Q28007964,If the Stars Are Gods,http://www.wikidata.org/entity/Q3110895,Gordon Eklund,научная фантастика,1974-03-01T00:00:00Z,
http://www.wikidata.org/entity/Q29869070,Count the Clock That Tells the Time,http://www.wikidata.org/entity/Q311253,Харлан Эллисон,научная фантастика,1978-12-01T00:00:00Z,
http://www.wikidata.org/entity/Q27973661,The Meeting,http://www.wikidata.org/entity/Q376859,Сирил Корнблат,научная фантастика,1972-11-01T00:00:00Z,
http://www.wikidata.org/entity/Q29994238,Шторм в Гавани Ветров,http://www.wikidata.org/entity/Q181677,Джордж Р. Р. Мартин,научная фантастика,1975-05-01T00:00:00Z,
http://www.wikidata.org/entity/Q19947342,A Thing of Beauty,http://www.wikidata.org/entity/Q455951,Норман Спинрад,научная фантастика,1973-01-01T00:00:00Z,
http://www.wikidata.org/entity/Q27650714,Flight of Exiles,http://www.wikidata.org/entity/Q436664,Бен Бова,научная фантастика,1972-01-01T00:00:00Z,
http://www.wikidata.org/entity/Q27945516,Home Is the Hangman,http://www.wikidata.org/entity/Q295406,Роджер Желязны,научная фантастика,1975-11-01T00:00:00Z,
http://www.wikidata.org/entity/Q16941274,Песни мёртвых мужей,http://www.wikidata.org/entity/Q181677,Джордж Р. Р. Мартин,научная фантастика,1983-01-01T00:00:00Z,
http://www.wikidata.org/entity/Q30612309,Elemental,http://www.wikidata.org/entity/Q918443,Джеффри Лэндис,научная фантастика,1984-12-01T00:00:00Z,
http://www.wikidata.org/entity/Q20052181,The Saliva Tree,http://www.wikidata.org/entity/Q238702,Брайан Олдис,научная фантастика,1965-09-01T00:00:00Z,
http://www.wikidata.org/entity/Q27968597,Cascade Point,http://www.wikidata.org/entity/Q434029,Тимоти Зан,научная фантастика,1983-12-01T00:00:00Z,
http://www.wikidata.org/entity/Q25381957,We Know Who We Are,http://www.wikidata.org/entity/Q314553,Роберт Силверберг,научная фантастика,1970-07-01T00:00:00Z,
http://www.wikidata.org/entity/Q18208339,Systemic Shock,http://www.wikidata.org/entity/Q1181085,Dean Ing,научная фантастика,1981-06-01T00:00:00Z,
http://www.wikidata.org/entity/Q24952369,Women of Wonder,http://www.wikidata.org/entity/Q453835,Pamela Sargent,научная фантастика,1975-01-01T00:00:00Z,Vintage Books
http://www.wikidata.org/entity/Q20311870,Alton's Unguessable,http://www.wikidata.org/entity/Q6175507,Jeff Sutton,научная фантастика,1970-01-01T00:00:00Z,
http://www.wikidata.org/entity/Q30880438,Брат Берсеркер,http://www.wikidata.org/entity/Q497454,Фред Саберхаген,научная фантастика,1969-01-01T00:00:00Z,
http://www.wikidata.org/entity/Q24951297,Лишь за одно вчера,http://www.wikidata.org/entity/Q181677,Джордж Р. Р. Мартин,научная фантастика,1975-11-01T00:00:00Z,
http://www.wikidata.org/entity/Q25529452,Загадка Ренэ,http://www.wikidata.org/entity/Q4519524,"Шайхов, Ходжиакбар Исламович",научная фантастика,1977-01-01T00:00:00Z,
http://www.wikidata.org/entity/Q24951298,«...И берегись двуногого кровь пролить»,http://www.wikidata.org/entity/Q181677,Джордж Р. Р. Мартин,научная фантастика,1975-07-01T00:00:00Z,
http://www.wikidata.org/entity/Q19913264,Breeding Ground,http://www.wikidata.org/entity/Q707796,Кристофер Прист,научная фантастика,1970-01-01T00:00:00Z,
http://www.wikidata.org/entity/Q25345350,Маски,http://www.wikidata.org/entity/Q534599,Деймон Найт,научная фантастика,1968-07-01T00:00:00Z,
http://www.wikidata.org/entity/Q19913348,Real-Time World,http://www.wikidata.org/entity/Q707796,Кристофер Прист,научная фантастика,1972-01-01T00:00:00Z,
http://www.wikidata.org/entity/Q18389547,Дьявольское отродье,http://www.wikidata.org/entity/Q1406489,Джеймс Шмиц,научная фантастика,1968-01-01T00:00:00Z,Ace Books
http://www.wikidata.org/entity/Q19573259,Neanderthal Planet,http://www.wikidata.org/entity/Q238702,Брайан Олдис,научная фантастика,1969-01-01T00:00:00Z,
http://www.wikidata.org/entity/Q24951210,Лечение мартышками,http://www.wikidata.org/entity/Q181677,Джордж Р. Р. Мартин,научная фантастика,1983-07-01T00:00:00Z,
http://www.wikidata.org/entity/Q30880434,Берсеркер «Голубая смерть»,http://www.wikidata.org/entity/Q497454,Фред Саберхаген,научная фантастика,1985-01-01T00:00:00Z,
http://www.wikidata.org/entity/Q21893621,Q21893621,http://www.wikidata.org/entity/Q314553,Роберт Силверберг,научная фантастика,1979-01-01T00:00:00Z,
http://www.wikidata.org/entity/Q18206332,The Dark Between the Stars,http://www.wikidata.org/entity/Q220883,Пол Уильям Андерсон,научная фантастика,1981-01-01T00:00:00Z,Berkley Books
http://www.wikidata.org/entity/Q19916682,Я иду встречать брата,http://www.wikidata.org/entity/Q308711,Владислав Петрович Крапивин,научная фантастика,1962-01-01T00:00:00Z,Средне-Уральское книжное издательство
http://www.wikidata.org/entity/Q27975991,Tricentennial,http://www.wikidata.org/entity/Q347461,Джо Холдеман,научная фантастика,1976-07-01T00:00:00Z,
http://www.wikidata.org/entity/Q21893627,Q21893627,http://www.wikidata.org/entity/Q181677,Джордж Р. Р. Мартин,научная фантастика,1983-06-01T00:00:00Z,
http://www.wikidata.org/entity/Q28808617,The Key Word,http://www.wikidata.org/entity/Q34981,Айзек Азимов,научная фантастика,1977-01-01T00:00:00Z,
http://www.wikidata.org/entity/Q18418421,Галактическое оружие,http://www.wikidata.org/entity/Q1285626,Эдмонд Гамильтон,научная фантастика,1967-01-01T00:00:00Z,
http://www.wikidata.org/entity/Q19356072,The Jonah Kit,http://www.wikidata.org/entity/Q1371639,Йен Уотсон,научная фантастика,1975-01-01T00:00:00Z,Victor Gollancz
http://www.wikidata.org/entity/Q47785836,The Crucified City,http://www.wikidata.org/entity/Q7177457,Питер Ван Гринауэй,научная фантастика,1962-01-01T00:00:00Z,
http://www.wikidata.org/entity/Q21893627,Q21893627,http://www.wikidata.org/entity/Q314553,Роберт Силверберг,научная фантастика,1983-06-01T00:00:00Z,
http://www.wikidata.org/entity/Q26157223,Q26157223,http://www.wikidata.org/entity/Q123078,Роберт Хайнлайн,научная фантастика,1964-08-01T00:00:00Z,Uitgeverij Unieboek | Het Spectrum b.v.
http://www.wikidata.org/entity/Q20874643,The Many Worlds of Poul Anderson,http://www.wikidata.org/entity/Q220883,Пол Уильям Андерсон,научная фантастика,1974-01-01T00:00:00Z,Chilton Company
http://www.wikidata.org/entity/Q18384647,Deathwatch,http://www.wikidata.org/entity/Q455951,Норман Спинрад,научная фантастика,1965-01-01T00:00:00Z,
http://www.wikidata.org/entity/Q27049463,Exiled from Earth,http://www.wikidata.org/entity/Q436664,Бен Бова,научная фантастика,1969-01-01T00:00:00Z,
http://www.wikidata.org/entity/Q20968457,The Chalk Giants,http://www.wikidata.org/entity/Q1379856,Кит Робертс,научная фантастика,1974-01-01T00:00:00Z,
http://www.wikidata.org/entity/Q28808677,Nothing for Nothing,http://www.wikidata.org/entity/Q34981,Айзек Азимов,научная фантастика,1979-02-01T00:00:00Z,
http://www.wikidata.org/entity/Q20379672,Kiteworld,http://www.wikidata.org/entity/Q1379856,Кит Робертс,научная фантастика,1985-06-01T00:00:00Z,
http://www.wikidata.org/entity/Q27244964,A Crowd of Shadows,http://www.wikidata.org/entity/Q3666432,Charles L. Grant,научная фантастика,1976-06-01T00:00:00Z,
http://www.wikidata.org/entity/Q28497599,Человек с мясной фабрики,http://www.wikidata.org/entity/Q181677,Джордж Р. Р. Мартин,научная фантастика,1976-06-01T00:00:00Z,
http://www.wikidata.org/entity/Q28008019,The Quickening,http://www.wikidata.org/entity/Q953288,Майкл Бишоп,научная фантастика,1981-06-01T00:00:00Z,
http://www.wikidata.org/entity/Q27881786,The Death of Dr. Island,http://www.wikidata.org/entity/Q361149,Джин Вулф,научная фантастика,1973-10-01T00:00:00Z,Random House
http://www.wikidata.org/entity/Q26849055,The Planners,http://www.wikidata.org/entity/Q260560,Кейт Вильгельм,научная фантастика,1968-01-01T00:00:00Z,
http://www.wikidata.org/entity/Q19898204,Web of Angels,http://www.wikidata.org/entity/Q328949,"Форд, Джон Майлоу",научная фантастика,1980-07-01T00:00:00Z,
http://www.wikidata.org/entity/Q20900462,Пьяный корабль,http://www.wikidata.org/entity/Q937000,Пол Смит,научная фантастика,1963-01-01T00:00:00Z,
http://www.wikidata.org/entity/Q18393836,Солнца скорпиона,http://www.wikidata.org/entity/Q708029,Кеннет Балмер,научная фантастика,1973-01-01T00:00:00Z,DAW Books
http://www.wikidata.org/entity/Q18387015,Swordships of Scorpio,http://www.wikidata.org/entity/Q708029,Кеннет Балмер,научная фантастика,1973-01-01T00:00:00Z,DAW Books
http://www.wikidata.org/entity/Q20432161,"Paradox Lost, and Twelve Other Great Science Fiction Stories",http://www.wikidata.org/entity/Q363227,Фредерик Браун,научная фантастика,1973-01-01T00:00:00Z,
http://www.wikidata.org/entity/Q27973662,Eurema's Dam,http://www.wikidata.org/entity/Q982489,R. A. Lafferty,научная фантастика,1972-01-01T00:00:00Z,
http://www.wikidata.org/entity/Q27973662,Eurema's Dam,http://www.wikidata.org/entity/Q982489,R. A. Lafferty,научная фантастика,1972-12-01T00:00:00Z,
http://www.wikidata.org/entity/Q24963670,The Gold at the Starbow's End,http://www.wikidata.org/entity/Q312641,Фредерик Пол,научная фантастика,1972-03-01T00:00:00Z,
http://www.wikidata.org/entity/Q19947732,Tom O'Bedlam,http://www.wikidata.org/entity/Q314553,Роберт Силверберг,научная фантастика,1985-07-01T00:00:00Z,
http://www.wikidata.org/entity/Q24951215,Каменный город,http://www.wikidata.org/entity/Q181677,Джордж Р. Р. Мартин,научная фантастика,1977-02-01T00:00:00Z,
http://www.wikidata.org/entity/Q25381757,Bride Ninety-One,http://www.wikidata.org/entity/Q314553,Роберт Силверберг,научная фантастика,1967-09-01T00:00:00Z,
http://www.wikidata.org/entity/Q18420273,Закрытые миры,http://www.wikidata.org/entity/Q1285626,Эдмонд Гамильтон,научная фантастика,1968-01-01T00:00:00Z,
http://www.wikidata.org/entity/Q23581141,"Двери лица его, пламенники пасти его",http://www.wikidata.org/entity/Q295406,Роджер Желязны,научная фантастика,1965-03-01T00:00:00Z,
http://www.wikidata.org/entity/Q27981216,The Falling Astronauts,http://www.wikidata.org/entity/Q113554,Barry N. Malzberg,научная фантастика,1971-01-01T00:00:00Z,Ace Books
http://www.wikidata.org/entity/Q29994238,Шторм в Гавани Ветров,http://www.wikidata.org/entity/Q440744,Лиза Таттл,научная фантастика,1975-05-01T00:00:00Z,
http://www.wikidata.org/entity/Q30737530,Schwartz Between the Galaxies,http://www.wikidata.org/entity/Q314553,Роберт Силверберг,научная фантастика,1974-09-01T00:00:00Z,
http://www.wikidata.org/entity/Q18086832,What's It Like Out There? and Other Stories,http://www.wikidata.org/entity/Q1285626,Эдмонд Гамильтон,научная фантастика,1974-01-01T00:00:00Z,
http://www.wikidata.org/entity/Q21009589,Capricorn One,http://www.wikidata.org/entity/Q1081888,Рон Гуларт,научная фантастика,1978-01-01T00:00:00Z,A.W. Bruna Uitgevers
http://www.wikidata.org/entity/Q20983753,Time of the Fourth Horseman,http://www.wikidata.org/entity/Q275172,Челси Куинн Ярбро,научная фантастика,1976-07-01T00:00:00Z,
http://www.wikidata.org/entity/Q30765118,Many Mansions,http://www.wikidata.org/entity/Q314553,Роберт Силверберг,научная фантастика,1973-10-01T00:00:00Z,
http://www.wikidata.org/entity/Q20429943,The Mind Game,http://www.wikidata.org/entity/Q455951,Норман Спинрад,научная фантастика,1980-08-01T00:00:00Z,
http://www.wikidata.org/entity/Q28146970,Universe Day,http://www.wikidata.org/entity/Q113554,Barry N. Malzberg,научная фантастика,1971-01-01T00:00:00Z,
http://www.wikidata.org/entity/Q16912244,All Judgment Fled,http://www.wikidata.org/entity/Q586756,Джеймс Уайт,научная фантастика,1968-04-01T00:00:00Z,
http://www.wikidata.org/entity/Q18384640,The Age of Invention,http://www.wikidata.org/entity/Q455951,Норман Спинрад,научная фантастика,1966-01-01T00:00:00Z,
http://www.wikidata.org/entity/Q25652849,Андромеда,http://www.wikidata.org/entity/Q183397,Фред Хойл,научная фантастика,1962-01-01T00:00:00Z,
http://www.wikidata.org/entity/Q29705019,Зловещий кратер Тихо,http://www.wikidata.org/entity/Q294625,Клиффорд Дональд Саймак,научная фантастика,1960-01-01T00:00:00Z,
http://www.wikidata.org/entity/Q21893627,Q21893627,http://www.wikidata.org/entity/Q328949,"Форд, Джон Майлоу",научная фантастика,1983-06-01T00:00:00Z,
http://www.wikidata.org/entity/Q24965488,Outpost Mars,http://www.wikidata.org/entity/Q276304,Джудит Меррил,научная фантастика,1979-01-01T00:00:00Z,
http://www.wikidata.org/entity/Q25380725,The Pope of the Chimps,http://www.wikidata.org/entity/Q314553,Роберт Силверберг,научная фантастика,1982-01-01T00:00:00Z,
http://www.wikidata.org/entity/Q25380725,The Pope of the Chimps,http://www.wikidata.org/entity/Q314553,Роберт Силверберг,научная фантастика,1982-10-01T00:00:00Z,
http://www.wikidata.org/entity/Q29994398,Her Habiline Husband,http://www.wikidata.org/entity/Q953288,Майкл Бишоп,научная фантастика,1983-06-01T00:00:00Z,
http://www.wikidata.org/entity/Q19520771,Вот сокровище…,http://www.wikidata.org/entity/Q314553,Роберт Силверберг,научная фантастика,1965-02-01T00:00:00Z,
http://www.wikidata.org/entity/Q24951300,The Needle Men,http://www.wikidata.org/entity/Q181677,Джордж Р. Р. Мартин,научная фантастика,1981-10-01T00:00:00Z,
http://www.wikidata.org/entity/Q30094651,Киберпанк,http://www.wikidata.org/entity/Q4085972,Брюс Бетке,научная фантастика,1983-11-01T00:00:00Z,
http://www.wikidata.org/entity/Q24951300,The Needle Men,http://www.wikidata.org/entity/Q181677,Джордж Р. Р. Мартин,научная фантастика,1982-10-01T00:00:00Z,
http://www.wikidata.org/entity/Q16840873,Best SF: 1968,http://www.wikidata.org/entity/Q489193,Гарри Гаррисон,научная фантастика,1969-01-01T00:00:00Z,Sphere Books
http://www.wikidata.org/entity/Q30880178,The Time Machine and Other Science Fiction Adventures,http://www.wikidata.org/entity/Q42511,Герберт Уэллс,научная фантастика,1980-01-01T00:00:00Z,
http://www.wikidata.org/entity/Q28007792,Mother to the World,http://www.wikidata.org/entity/Q3071789,Ричард Уилсон,научная фантастика,1968-06-01T00:00:00Z,
http://www.wikidata.org/entity/Q48997417,The Web of the Chozen,http://www.wikidata.org/entity/Q1398751,Джек Чалкер,научная фантастика,1978-01-01T00:00:00Z,
http://www.wikidata.org/entity/Q20739593,San Diego Lightfoot Sue,http://www.wikidata.org/entity/Q328550,Tom Reamy,научная фантастика,1975-08-01T00:00:00Z,
http://www.wikidata.org/entity/Q20739756,Новая Атлантида,http://www.wikidata.org/entity/Q181659,Урсула Крёбер Ле Гуин,научная фантастика,1975-01-01T00:00:00Z,
http://www.wikidata.org/entity/Q54807271,The Trouble with Tribbles,http://www.wikidata.org/entity/Q248867,Джеймс Блиш,научная фантастика,1969-04-01T00:00:00Z,
http://www.wikidata.org/entity/Q41793715,Blood Music,http://www.wikidata.org/entity/Q317491,Грег Бир,научная фантастика,1983-06-01T00:00:00Z,
http://www.wikidata.org/entity/Q66383073,Rork!,http://www.wikidata.org/entity/Q782991,Эйв Дэвидсон,научная фантастика,1965-01-01T00:00:00Z,
http://www.wikidata.org/entity/Q55230550,The Truth Machine,http://www.wikidata.org/entity/Q5112078,Кристофер Серф,научная фантастика,1977-01-01T00:00:00Z,
http://www.wikidata.org/entity/Q55635398,The Morphology of the Kirkham Wreck,http://www.wikidata.org/entity/Q3785610,Hilbert Schenck,научная фантастика,1978-09-01T00:00:00Z,
http://www.wikidata.org/entity/Q56302118,Алая цитадель,http://www.wikidata.org/entity/Q555298,Кларк Эштон Смит,научная фантастика,1979-06-01T00:00:00Z,
http://www.wikidata.org/entity/Q48802267,"Женщина, которую любил единорог",http://www.wikidata.org/entity/Q361149,Джин Вулф,научная фантастика,1981-06-08T00:00:00Z,
http://www.wikidata.org/entity/Q55605603,Blind Voices,http://www.wikidata.org/entity/Q328550,Tom Reamy,научная фантастика,1978-09-05T00:00:00Z,
http://www.wikidata.org/entity/Q48753758,Q48753758,http://www.wikidata.org/entity/Q242530,Кэтрин Люсиль Мур,научная фантастика,1979-10-31T00:00:00Z,
http://www.wikidata.org/entity/Q48773115,Второй род одиночества,http://www.wikidata.org/entity/Q181677,Джордж Р. Р. Мартин,научная фантастика,1972-01-01T00:00:00Z,
http://www.wikidata.org/entity/Q56301172,Caliban,http://www.wikidata.org/entity/Q314553,Роберт Силверберг,научная фантастика,1972-01-01T00:00:00Z,
http://www.wikidata.org/entity/Q48773115,Второй род одиночества,http://www.wikidata.org/entity/Q181677,Джордж Р. Р. Мартин,научная фантастика,1972-12-01T00:00:00Z,
http://www.wikidata.org/entity/Q20739684,Eyes of Amber,http://www.wikidata.org/entity/Q268371,Джоан Виндж,научная фантастика,1977-06-01T00:00:00Z,
http://www.wikidata.org/entity/Q54920965,The Unreal McCoy,http://www.wikidata.org/entity/Q248867,Джеймс Блиш,научная фантастика,1967-01-01T00:00:00Z,
http://www.wikidata.org/entity/Q56302118,Алая цитадель,http://www.wikidata.org/entity/Q207640,Роберт Ирвин Говард,научная фантастика,1979-06-01T00:00:00Z,
http://www.wikidata.org/entity/Q47044583,В осаде,http://www.wikidata.org/entity/Q181677,Джордж Р. Р. Мартин,научная фантастика,1985-01-01T00:00:00Z,
http://www.wikidata.org/entity/Q47044583,В осаде,http://www.wikidata.org/entity/Q181677,Джордж Р. Р. Мартин,научная фантастика,1985-10-01T00:00:00Z,
http://www.wikidata.org/entity/Q56300295,In the Group,http://www.wikidata.org/entity/Q314553,Роберт Силверберг,научная фантастика,1973-01-01T00:00:00Z,
http://www.wikidata.org/entity/Q20874578,The Best of Poul Anderson,http://www.wikidata.org/entity/Q220883,Пол Уильям Андерсон,научная фантастика,1976-01-01T00:00:00Z,Pocket Books
http://www.wikidata.org/entity/Q56302123,More Women of Wonder,http://www.wikidata.org/entity/Q298242,Ли Брэкетт,научная фантастика,1976-01-01T00:00:00Z,
http://www.wikidata.org/entity/Q57272114,Гордость Шанур,http://www.wikidata.org/entity/Q234030,Кэролайн Черри,научная фантастика,1982-01-01T00:00:00Z,
http://www.wikidata.org/entity/Q54921128,Balance of Terror,http://www.wikidata.org/entity/Q248867,Джеймс Блиш,научная фантастика,1967-01-01T00:00:00Z,
http://www.wikidata.org/entity/Q54942518,A Piece of the Action,http://www.wikidata.org/entity/Q248867,Джеймс Блиш,научная фантастика,1971-07-01T00:00:00Z,
http://www.wikidata.org/entity/Q56302118,Алая цитадель,http://www.wikidata.org/entity/Q1248054,Лин Картер,научная фантастика,1979-06-01T00:00:00Z,
http://www.wikidata.org/entity/Q54942485,Space Seed,http://www.wikidata.org/entity/Q248867,Джеймс Блиш,научная фантастика,1968-02-01T00:00:00Z,
http://www.wikidata.org/entity/Q42723389,Q42723389,http://www.wikidata.org/entity/Q34981,Айзек Азимов,научная фантастика,1985-01-01T00:00:00Z,
http://www.wikidata.org/entity/Q56302123,More Women of Wonder,http://www.wikidata.org/entity/Q18921140,Josephine Saxton,научная фантастика,1976-01-01T00:00:00Z,
http://www.wikidata.org/entity/Q47044567,Герой,http://www.wikidata.org/entity/Q181677,Джордж Р. Р. Мартин,научная фантастика,1971-01-01T00:00:00Z,
http://www.wikidata.org/entity/Q60459668,Личный космос,http://www.wikidata.org/entity/Q296256,Филип Хосе Фармер,научная фантастика,1968-01-01T00:00:00Z,Ace Books
http://www.wikidata.org/entity/Q67187231,Бартер,http://www.wikidata.org/entity/Q229369,Лоис Макмастер Буджолд,научная фантастика,1985-01-01T00:00:00Z,
http://www.wikidata.org/entity/Q54942567,Metamorphosis,http://www.wikidata.org/entity/Q248867,Джеймс Блиш,научная фантастика,1972-07-01T00:00:00Z,
http://www.wikidata.org/entity/Q60790432,The Fire When It Comes,http://www.wikidata.org/entity/Q3365451,Парк Годвин,научная фантастика,1981-01-01T00:00:00Z,
http://www.wikidata.org/entity/Q56302106,Q56302106,http://www.wikidata.org/entity/Q378807,Джон Браннер,научная фантастика,1979-04-01T00:00:00Z,
http://www.wikidata.org/entity/Q60790432,The Fire When It Comes,http://www.wikidata.org/entity/Q3365451,Парк Годвин,научная фантастика,1981-05-01T00:00:00Z,
http://www.wikidata.org/entity/Q63930155,Q63930155,http://www.wikidata.org/entity/Q181659,Урсула Крёбер Ле Гуин,научная фантастика,1978-01-01T00:00:00Z,
http://www.wikidata.org/entity/Q56302274,Q56302274,http://www.wikidata.org/entity/Q316138,Майкл Муркок,научная фантастика,1981-03-27T00:00:00Z,
http://www.wikidata.org/entity/Q56302118,Алая цитадель,http://www.wikidata.org/entity/Q42511,Герберт Уэллс,научная фантастика,1979-06-01T00:00:00Z,
http://www.wikidata.org/entity/Q50596652,The Sun of Return,http://www.wikidata.org/entity/Q2382526,Ansen Dibell,научная фантастика,1985-01-01T00:00:00Z,
http://www.wikidata.org/entity/Q61086496,За стенами Терры,http://www.wikidata.org/entity/Q296256,Филип Хосе Фармер,научная фантастика,1970-01-01T00:00:00Z,
http://www.wikidata.org/entity/Q54942673,And the Children Shall Lead,http://www.wikidata.org/entity/Q248867,Джеймс Блиш,научная фантастика,1977-11-01T00:00:00Z,
http://www.wikidata.org/entity/Q54942589,Where No Man Has Gone Before,http://www.wikidata.org/entity/Q248867,Джеймс Блиш,научная фантастика,1972-01-01T00:00:00Z,
http://www.wikidata.org/entity/Q55635626,The Web Between the Worlds,http://www.wikidata.org/entity/Q943997,Чарльз Шеффилд,научная фантастика,1979-08-01T00:00:00Z,
http://www.wikidata.org/entity/Q48997316,Bolo: Annals of the Dinochrome Brigade,http://www.wikidata.org/entity/Q724395,Кит Лаумер,научная фантастика,1976-01-01T00:00:00Z,
http://www.wikidata.org/entity/Q54942544,The Lights of Zetar,http://www.wikidata.org/entity/Q248867,Джеймс Блиш,научная фантастика,1972-04-01T00:00:00Z,
http://www.wikidata.org/entity/Q56302123,More Women of Wonder,http://www.wikidata.org/entity/Q260560,Кейт Вильгельм,научная фантастика,1976-01-01T00:00:00Z,
http://www.wikidata.org/entity/Q54942607,That Which Survives,http://www.wikidata.org/entity/Q248867,Джеймс Блиш,научная фантастика,1973-08-01T00:00:00Z,
http://www.wikidata.org/entity/Q54942586,Catspaw,http://www.wikidata.org/entity/Q248867,Джеймс Блиш,научная фантастика,1972-11-01T00:00:00Z,
http://www.wikidata.org/entity/Q54942526,Да будет это твоим последним полем битвы,http://www.wikidata.org/entity/Q248867,Джеймс Блиш,научная фантастика,1972-02-01T00:00:00Z,
http://www.wikidata.org/entity/Q54942473,Errand of Mercy,http://www.wikidata.org/entity/Q248867,Джеймс Блиш,научная фантастика,1968-02-01T00:00:00Z,
http://www.wikidata.org/entity/Q20737828,Bloodchild,http://www.wikidata.org/entity/Q239739,Октавия Батлер,научная фантастика,1984-06-01T00:00:00Z,
http://www.wikidata.org/entity/Q54921036,The Naked Time,http://www.wikidata.org/entity/Q248867,Джеймс Блиш,научная фантастика,1967-01-01T00:00:00Z,
http://www.wikidata.org/entity/Q54942523,Толианская паутина,http://www.wikidata.org/entity/Q248867,Джеймс Блиш,научная фантастика,1972-02-01T00:00:00Z,
http://www.wikidata.org/entity/Q61086500,Лавалитовый мир,http://www.wikidata.org/entity/Q296256,Филип Хосе Фармер,научная фантастика,1977-12-01T00:00:00Z,
http://www.wikidata.org/entity/Q55609439,Devil You Don't Know,http://www.wikidata.org/entity/Q1181085,Dean Ing,научная фантастика,1978-01-01T00:00:00Z,
http://www.wikidata.org/entity/Q54942678,The Corbomite Maneuver,http://www.wikidata.org/entity/Q248867,Джеймс Блиш,научная фантастика,1977-11-01T00:00:00Z,
http://www.wikidata.org/entity/Q42565517,Звездолёт и хайку,http://www.wikidata.org/entity/Q938710,С. П. Сомтоу,научная фантастика,1981-09-01T00:00:00Z,
http://www.wikidata.org/entity/Q54870896,The Mindblocked Man,http://www.wikidata.org/entity/Q6175507,Jeff Sutton,научная фантастика,1972-01-01T00:00:00Z,
http://www.wikidata.org/entity/Q54942491,Assignment: Earth,http://www.wikidata.org/entity/Q248867,Джеймс Блиш,научная фантастика,1969-04-01T00:00:00Z,
http://www.wikidata.org/entity/Q67014624,"The still, small voice of trumpets",http://www.wikidata.org/entity/Q949829,Ллойд Биггл-младший,научная фантастика,1968-01-01T00:00:00Z,
http://www.wikidata.org/entity/Q54942495,"Mirror, Mirror",http://www.wikidata.org/entity/Q248867,Джеймс Блиш,научная фантастика,1969-04-01T00:00:00Z,
http://www.wikidata.org/entity/Q60839408,Если звёзды — боги,http://www.wikidata.org/entity/Q3110895,Gordon Eklund,научная фантастика,1977-03-01T00:00:00Z,
http://www.wikidata.org/entity/Q54942552,The Cloud Minders,http://www.wikidata.org/entity/Q248867,Джеймс Блиш,научная фантастика,1972-04-01T00:00:00Z,
http://www.wikidata.org/entity/Q54942489,The Doomsday Machine,http://www.wikidata.org/entity/Q248867,Джеймс Блиш,научная фантастика,1969-04-01T00:00:00Z,
http://www.wikidata.org/entity/Q30900485,The Thing,http://www.wikidata.org/entity/Q575345,Алан Дин Фостер,научная фантастика,1981-01-01T00:00:00Z,
http://www.wikidata.org/entity/Q56353084,Circumpolar!,http://www.wikidata.org/entity/Q3430446,Ричард А Лупофф,научная фантастика,1984-09-01T00:00:00Z,
http://www.wikidata.org/entity/Q66305640,Дом в ноябре,http://www.wikidata.org/entity/Q724395,Кит Лаумер,научная фантастика,1970-01-01T00:00:00Z,
http://www.wikidata.org/entity/Q56302112,The Golden Book of science fiction: Frank Herbert,http://www.wikidata.org/entity/Q7934,Фрэнк Герберт,научная фантастика,1978-03-10T00:00:00Z,
http://www.wikidata.org/entity/Q47007737,Beyond the Dead Reef,http://www.wikidata.org/entity/Q234928,Джеймс Типтри-младший,научная фантастика,1983-01-01T00:00:00Z,
http://www.wikidata.org/entity/Q61774903,Green Mars,http://www.wikidata.org/entity/Q130779,Ким Стенли Робинсон,научная фантастика,1985-09-01T00:00:00Z,
http://www.wikidata.org/entity/Q54942536,Реквием Мафусаилу,http://www.wikidata.org/entity/Q248867,Джеймс Блиш,научная фантастика,1972-02-01T00:00:00Z,
http://www.wikidata.org/entity/Q54802750,Mudd's Angels,http://www.wikidata.org/entity/Q28020353,J. A. Lawrence,научная фантастика,1978-05-01T00:00:00Z,
http://www.wikidata.org/entity/Q54942476,Court Martial,http://www.wikidata.org/entity/Q248867,Джеймс Блиш,научная фантастика,1968-02-01T00:00:00Z,
http://www.wikidata.org/entity/Q56302118,Алая цитадель,http://www.wikidata.org/entity/Q316138,Майкл Муркок,научная фантастика,1979-06-01T00:00:00Z,
http://www.wikidata.org/entity/Q24887846,На штемпеле — звёзды,http://www.wikidata.org/entity/Q235899,Андре Нортон,научная фантастика,1969-01-01T00:00:00Z,
http://www.wikidata.org/entity/Q53475469,The Day They H-Bombed Los Angeles,http://www.wikidata.org/entity/Q3938376,Роберт Мур Уильямс,научная фантастика,1961-01-01T00:00:00Z,
http://www.wikidata.org/entity/Q60791686,Her Furry Face,http://www.wikidata.org/entity/Q1815038,Ли Кеннеди,научная фантастика,1983-12-15T00:00:00Z,
http://www.wikidata.org/entity/Q64777496,Дети наших детей,http://www.wikidata.org/entity/Q294625,Клиффорд Дональд Саймак,научная фантастика,1973-01-01T00:00:00Z,
http://www.wikidata.org/entity/Q54942469,Tomorrow is Yesterday,http://www.wikidata.org/entity/Q248867,Джеймс Блиш,научная фантастика,1968-02-01T00:00:00Z,
http://www.wikidata.org/entity/Q56302118,Алая цитадель,http://www.wikidata.org/entity/Q316313,Лайон Спрэг де Камп,научная фантастика,1979-06-01T00:00:00Z,
http://www.wikidata.org/entity/Q54942537,The Way to Eden,http://www.wikidata.org/entity/Q248867,Джеймс Блиш,научная фантастика,1972-02-01T00:00:00Z,
http://www.wikidata.org/entity/Q53778539,Gods and Golems,http://www.wikidata.org/entity/Q684748,Лестер дель Рей,научная фантастика,1973-01-01T00:00:00Z,
http://www.wikidata.org/entity/Q56358274,Витки,http://www.wikidata.org/entity/Q295406,Роджер Желязны,научная фантастика,1982-05-01T00:00:00Z,
http://www.wikidata.org/entity/Q56302123,More Women of Wonder,http://www.wikidata.org/entity/Q265270,Джоанна Расс,научная фантастика,1976-01-01T00:00:00Z,
http://www.wikidata.org/entity/Q56300334,"{Now + n, Now - n}",http://www.wikidata.org/entity/Q314553,Роберт Силверберг,научная фантастика,1972-01-01T00:00:00Z,
http://www.wikidata.org/entity/Q52107911,Trips,http://www.wikidata.org/entity/Q314553,Роберт Силверберг,научная фантастика,1974-01-01T00:00:00Z,
http://www.wikidata.org/entity/Q54942634,A Private Little War,http://www.wikidata.org/entity/Q248867,Джеймс Блиш,научная фантастика,1974-02-01T00:00:00Z,
http://www.wikidata.org/entity/Q55635423,The Ninth Symphony of Ludwig van Beethoven and Other Lost Songs,http://www.wikidata.org/entity/Q5047212,Carter Scholz,научная фантастика,1977-01-01T00:00:00Z,
http://www.wikidata.org/entity/Q56302118,Алая цитадель,http://www.wikidata.org/entity/Q313185,Фриц Лейбер,научная фантастика,1979-06-01T00:00:00Z,
http://www.wikidata.org/entity/Q54942564,Райский синдром,http://www.wikidata.org/entity/Q248867,Джеймс Блиш,научная фантастика,1972-07-01T00:00:00Z,
http://www.wikidata.org/entity/Q60791040,The Geometry of Narrative,http://www.wikidata.org/entity/Q3785610,Hilbert Schenck,научная фантастика,1983-08-01T00:00:00Z,
http://www.wikidata.org/entity/Q55635369,The Man Who Had No Idea,http://www.wikidata.org/entity/Q708581,Томас М. Диш,научная фантастика,1978-10-01T00:00:00Z,
http://www.wikidata.org/entity/Q56064058,Полночь по часам Морфи,http://www.wikidata.org/entity/Q313185,Фриц Лейбер,научная фантастика,1974-07-01T00:00:00Z,
http://www.wikidata.org/entity/Q56302123,More Women of Wonder,http://www.wikidata.org/entity/Q242530,Кэтрин Люсиль Мур,научная фантастика,1976-01-01T00:00:00Z,
http://www.wikidata.org/entity/Q55163765,Visit to a Weird Planet Revisited,http://www.wikidata.org/entity/Q7382894,Ruth Berman,научная фантастика,1976-01-01T00:00:00Z,
http://www.wikidata.org/entity/Q56312611,Q56312611,http://www.wikidata.org/entity/Q982489,R. A. Lafferty,научная фантастика,1984-06-01T00:00:00Z,
http://www.wikidata.org/entity/Q56302118,Алая цитадель,http://www.wikidata.org/entity/Q295406,Роджер Желязны,научная фантастика,1979-06-01T00:00:00Z,
http://www.wikidata.org/entity/Q47087010,The Possessors,http://www.wikidata.org/entity/Q552025,Джон Кристофер,научная фантастика,1964-01-01T00:00:00Z,
http://www.wikidata.org/entity/Q30961798,Звёздный корсар,http://www.wikidata.org/entity/Q4084087,"Бердник, Олесь Павлович",научная фантастика,1971-01-01T00:00:00Z,
http://www.wikidata.org/entity/Q54942575,Элаан из Трои,http://www.wikidata.org/entity/Q248867,Джеймс Блиш,научная фантастика,1972-07-01T00:00:00Z,
http://www.wikidata.org/entity/Q56302250,Le Livre d'or de la science-fiction : Thomas Disch,http://www.wikidata.org/entity/Q708581,Томас М. Диш,научная фантастика,1981-11-01T00:00:00Z,
http://www.wikidata.org/entity/Q46721790,Hijack,http://www.wikidata.org/entity/Q57901667,Edward Wellen,научная фантастика,1970-01-01T00:00:00Z,
http://www.wikidata.org/entity/Q56305663,"Парень, который женился на дочке Мэксилла",http://www.wikidata.org/entity/Q947986,Уорд Мур,научная фантастика,1960-01-01T00:00:00Z,
http://www.wikidata.org/entity/Q54920779,Dagger of the Mind,http://www.wikidata.org/entity/Q248867,Джеймс Блиш,научная фантастика,1967-01-01T00:00:00Z,
http://www.wikidata.org/entity/Q54942550,By Any Other Name,http://www.wikidata.org/entity/Q248867,Джеймс Блиш,научная фантастика,1972-04-01T00:00:00Z,
http://www.wikidata.org/entity/Q56309518,Chains of the Sea,http://www.wikidata.org/entity/Q720562,Гарднер Дозуа,научная фантастика,1973-09-01T00:00:00Z,
http://www.wikidata.org/entity/Q48816262,What Strange Stars and Skies,http://www.wikidata.org/entity/Q782991,Эйв Дэвидсон,научная фантастика,1965-01-01T00:00:00Z,
http://www.wikidata.org/entity/Q35177786,THX 1138,http://www.wikidata.org/entity/Q436664,Бен Бова,научная фантастика,1971-01-01T00:00:00Z,
http://www.wikidata.org/entity/Q61685459,Плавание в Византий,http://www.wikidata.org/entity/Q314553,Роберт Силверберг,научная фантастика,1985-02-01T00:00:00Z,
http://www.wikidata.org/entity/Q24639583,Рождённый под властью Марса,http://www.wikidata.org/entity/Q378807,Джон Браннер,научная фантастика,1967-01-01T00:00:00Z,
http://www.wikidata.org/entity/Q56302123,More Women of Wonder,http://www.wikidata.org/entity/Q181659,Урсула Крёбер Ле Гуин,научная фантастика,1976-01-01T00:00:00Z,
http://www.wikidata.org/entity/Q56300335,The Feast of St. Dionysus,http://www.wikidata.org/entity/Q314553,Роберт Силверберг,научная фантастика,1973-06-01T00:00:00Z,
http://www.wikidata.org/entity/Q54942615,The Immunity Syndrome,http://www.wikidata.org/entity/Q248867,Джеймс Блиш,научная фантастика,1973-08-01T00:00:00Z,
http://www.wikidata.org/entity/Q54942507,The Devil in the Dark,http://www.wikidata.org/entity/Q248867,Джеймс Блиш,научная фантастика,1971-07-01T00:00:00Z,
http://www.wikidata.org/entity/Q54942533,Turnabout Intruder,http://www.wikidata.org/entity/Q248867,Джеймс Блиш,научная фантастика,1972-02-01T00:00:00Z,
http://www.wikidata.org/entity/Q60838422,Danger from Vega,http://www.wikidata.org/entity/Q1701926,John T. Phillifent,научная фантастика,1966-01-01T00:00:00Z,
http://www.wikidata.org/entity/Q48783262,The Girl with the Jade Green Eyes,http://www.wikidata.org/entity/Q3181114,Джон Бойд,научная фантастика,1978-01-01T00:00:00Z,
http://www.wikidata.org/entity/Q54942464,A Taste of Armageddon,http://www.wikidata.org/entity/Q248867,Джеймс Блиш,научная фантастика,1968-02-01T00:00:00Z,
http://www.wikidata.org/entity/Q54942510,The Menagerie,http://www.wikidata.org/entity/Q248867,Джеймс Блиш,научная фантастика,1971-07-01T00:00:00Z,
http://www.wikidata.org/entity/Q54870863,Quatermass II,http://www.wikidata.org/entity/Q1278904,Найджел Нил,научная фантастика,1960-01-01T00:00:00Z,
http://www.wikidata.org/entity/Q56358274,Витки,http://www.wikidata.org/entity/Q497454,Фред Саберхаген,научная фантастика,1982-05-01T00:00:00Z,
http://www.wikidata.org/entity/Q60835560,"Девочка, с которой ничего не случится",http://www.wikidata.org/entity/Q360292,Кир Булычёв,научная фантастика,1965-01-01T00:00:00Z,
http://www.wikidata.org/entity/Q48753758,Q48753758,http://www.wikidata.org/entity/Q551710,Генри Каттнер,научная фантастика,1979-10-31T00:00:00Z,
http://www.wikidata.org/entity/Q56302123,More Women of Wonder,http://www.wikidata.org/entity/Q268371,Джоан Виндж,научная фантастика,1976-01-01T00:00:00Z,
http://www.wikidata.org/entity/Q56302118,Алая цитадель,http://www.wikidata.org/entity/Q1258959,Джон Джейкс,научная фантастика,1979-06-01T00:00:00Z,
http://www.wikidata.org/entity/Q24578928,The Pleasure of Their Company,http://www.wikidata.org/entity/Q314553,Роберт Силверберг,научная фантастика,1970-01-01T00:00:00Z,
http://www.wikidata.org/entity/Q54942515,The Enterprise Incident,http://www.wikidata.org/entity/Q248867,Джеймс Блиш,научная фантастика,1971-07-01T00:00:00Z,
http://www.wikidata.org/entity/Q61113554,Огнесмех,http://www.wikidata.org/entity/Q4084087,"Бердник, Олесь Павлович",научная фантастика,1975-01-01T00:00:00Z,
http://www.wikidata.org/entity/Q65129562,Звёздное наследие,http://www.wikidata.org/entity/Q294625,Клиффорд Дональд Саймак,научная фантастика,1977-06-02T00:00:00Z,
http://www.wikidata.org/entity/Q71294530,The Piccadilly Interval,http://www.wikidata.org/entity/Q1286138,Эдмунд Купер,научная фантастика,1963-01-01T00:00:00Z,Panther Books
http://www.wikidata.org/entity/Q54942478,Operation — Annihilate!,http://www.wikidata.org/entity/Q248867,Джеймс Блиш,научная фантастика,1968-02-01T00:00:00Z,
http://www.wikidata.org/entity/Q55163761,Intersection Point,http://www.wikidata.org/entity/Q3187871,Juanita Coulson,научная фантастика,1976-01-01T00:00:00Z,
http://www.wikidata.org/entity/Q66305620,The Infinite Cage,http://www.wikidata.org/entity/Q724395,Кит Лаумер,научная фантастика,1972-01-01T00:00:00Z,
http://www.wikidata.org/entity/Q54806986,Patterns of Force,http://www.wikidata.org/entity/Q248867,Джеймс Блиш,научная фантастика,1977-11-01T00:00:00Z,
http://www.wikidata.org/entity/Q46590021,Wave Without a Shore,http://www.wikidata.org/entity/Q234030,Кэролайн Черри,научная фантастика,1981-08-01T00:00:00Z,
http://www.wikidata.org/entity/Q66305334,The Other Human Race,http://www.wikidata.org/entity/Q1364100,Г. Бим Пайпер,научная фантастика,1964-01-01T00:00:00Z,Avon Publications
http://www.wikidata.org/entity/Q60839408,Если звёзды — боги,http://www.wikidata.org/entity/Q358312,Грегори Бенфорд,научная фантастика,1977-03-01T00:00:00Z,
http://www.wikidata.org/entity/Q54871034,Серебряный любовник,http://www.wikidata.org/entity/Q261962,Танит Ли,научная фантастика,1981-01-01T00:00:00Z,
http://www.wikidata.org/entity/Q20874604,Полёт лошади,http://www.wikidata.org/entity/Q316610,Ларри Нивен,научная фантастика,1973-01-01T00:00:00Z,Ballantine Books
http://www.wikidata.org/entity/Q48773143,Basileus,http://www.wikidata.org/entity/Q314553,Роберт Силверберг,научная фантастика,1983-01-01T00:00:00Z,
http://www.wikidata.org/entity/Q54942482,Город на краю Вечности,http://www.wikidata.org/entity/Q248867,Джеймс Блиш,научная фантастика,1968-02-01T00:00:00Z,
http://www.wikidata.org/entity/Q54942487,The Last Gunfight,http://www.wikidata.org/entity/Q248867,Джеймс Блиш,научная фантастика,1969-04-01T00:00:00Z,
http://www.wikidata.org/entity/Q50657067,Tidestorm Limit,http://www.wikidata.org/entity/Q2382526,Ansen Dibell,научная фантастика,1983-01-01T00:00:00Z,
http://www.wikidata.org/entity/Q47007736,The Region Between,http://www.wikidata.org/entity/Q311253,Харлан Эллисон,научная фантастика,1970-03-01T00:00:00Z,
http://www.wikidata.org/entity/Q56302248,Q56302248,http://www.wikidata.org/entity/Q312632,Джек Вэнс,научная фантастика,1980-08-01T00:00:00Z,
http://www.wikidata.org/entity/Q103669594,Fears,http://www.wikidata.org/entity/Q453835,Pamela Sargent,научная фантастика,1984-01-01T00:00:00Z,
http://www.wikidata.org/entity/Q105702268,Zanthodon,http://www.wikidata.org/entity/Q1248054,Лин Картер,научная фантастика,1979-01-01T00:00:00Z,DAW Books
http://www.wikidata.org/entity/Q103669594,Fears,http://www.wikidata.org/entity/Q453835,Pamela Sargent,научная фантастика,1984-11-01T00:00:00Z,
http://www.wikidata.org/entity/Q88636275,Space Relations: A Slightly Gothic Interplanetary Tale,http://www.wikidata.org/entity/Q5294012,Donald Barr,научная фантастика,1973-09-17T00:00:00Z,
http://www.wikidata.org/entity/Q107213370,За небесной рекой,http://www.wikidata.org/entity/Q317491,Грег Бир,научная фантастика,1980-01-01T00:00:00Z,Random House
http://www.wikidata.org/entity/Q109173536,Q109173536,http://www.wikidata.org/entity/Q7934,Фрэнк Герберт,научная фантастика,1985-01-01T00:00:00Z,
http://www.wikidata.org/entity/Q88284557,The Haunted Tower,http://www.wikidata.org/entity/Q234030,Кэролайн Черри,научная фантастика,1981-01-01T00:00:00Z,
http://www.wikidata.org/entity/Q85803229,Дитя звёзд,http://www.wikidata.org/entity/Q316788,Джек Уильямсон,научная фантастика,1965-01-01T00:00:00Z,
http://www.wikidata.org/entity/Q108913248,Myrrha,http://www.wikidata.org/entity/Q301372,Гэри Дженнингс,научная фантастика,1962-09-01T00:00:00Z,
http://www.wikidata.org/entity/Q88284557,The Haunted Tower,http://www.wikidata.org/entity/Q234030,Кэролайн Черри,научная фантастика,1981-05-01T00:00:00Z,
http://www.wikidata.org/entity/Q104911438,The Lake Was Full of Artificial Things,http://www.wikidata.org/entity/Q4383379,Карен Джой Фаулер,научная фантастика,1985-10-01T00:00:00Z,
http://www.wikidata.org/entity/Q96371315,A Planet in Arms,http://www.wikidata.org/entity/Q5294012,Donald Barr,научная фантастика,1981-05-01T00:00:00Z,
http://www.wikidata.org/entity/Q122581084,Sight of Proteus,http://www.wikidata.org/entity/Q943997,Чарльз Шеффилд,научная фантастика,1978-09-01T00:00:00Z,
http://www.wikidata.org/entity/Q119095240,The Heavenly Host,http://www.wikidata.org/entity/Q34981,Айзек Азимов,научная фантастика,1974-01-01T00:00:00Z,
http://www.wikidata.org/entity/Q96406025,Songs from the Stars,http://www.wikidata.org/entity/Q455951,Норман Спинрад,научная фантастика,1980-06-01T00:00:00Z,
http://www.wikidata.org/entity/Q109267015,Звёздный охотник,http://www.wikidata.org/entity/Q235899,Андре Нортон,научная фантастика,1961-01-01T00:00:00Z,
http://www.wikidata.org/entity/Q104542430,Wives,http://www.wikidata.org/entity/Q440744,Лиза Таттл,научная фантастика,1979-01-01T00:00:00Z,
http://www.wikidata.org/entity/Q85808804,Вулканический Великан,http://www.wikidata.org/entity/Q1248054,Лин Картер,научная фантастика,1976-01-01T00:00:00Z,Doubleday
http://www.wikidata.org/entity/Q96392366,Mayflies,http://www.wikidata.org/entity/Q3195779,"Kevin O'Donnell, Jr.",научная фантастика,1979-12-01T00:00:00Z,
http://www.wikidata.org/entity/Q104208801,The Flesh-Man from Far Wide,http://www.wikidata.org/entity/Q1176217,David R. Bunch,научная фантастика,1971-05-01T00:00:00Z,
http://www.wikidata.org/entity/Q88087489,Pots,http://www.wikidata.org/entity/Q234030,Кэролайн Черри,научная фантастика,1985-06-01T00:00:00Z,
http://www.wikidata.org/entity/Q102038001,Зверь для Норна,http://www.wikidata.org/entity/Q181677,Джордж Р. Р. Мартин,научная фантастика,1976-01-01T00:00:00Z,
http://www.wikidata.org/entity/Q71707507,Incident in Moderan,http://www.wikidata.org/entity/Q1176217,David R. Bunch,научная фантастика,1967-01-01T00:00:00Z,
http://www.wikidata.org/entity/Q96373475,Beyond Rejection,http://www.wikidata.org/entity/Q6317823,Justin Leiber,научная фантастика,1980-09-01T00:00:00Z,
http://www.wikidata.org/entity/Q104871746,Йана. Прикосновение бессмертия,http://www.wikidata.org/entity/Q6834335,Майкл Ши,научная фантастика,1985-12-01T00:00:00Z,
http://www.wikidata.org/entity/Q105686641,Journey to the Underground World,http://www.wikidata.org/entity/Q1248054,Лин Картер,научная фантастика,1979-01-01T00:00:00Z,DAW Books
http://www.wikidata.org/entity/Q74362287,A Solar Labyrinth,http://www.wikidata.org/entity/Q361149,Джин Вулф,научная фантастика,1983-04-01T00:00:00Z,
http://www.wikidata.org/entity/Q111143073,Эпитафия ржавчиной,http://www.wikidata.org/entity/Q363810,Тим Пауэрс,научная фантастика,1976-01-01T00:00:00Z,
http://www.wikidata.org/entity/Q96402429,Roderick at Random,http://www.wikidata.org/entity/Q1701769,John Sladek,научная фантастика,1983-01-01T00:00:00Z,
http://www.wikidata.org/entity/Q101597065,Подарок из космоса,http://www.wikidata.org/entity/Q639538,Уильям Коцуинкл,научная фантастика,1985-01-01T00:00:00Z,
http://www.wikidata.org/entity/Q103891446,Скромный гений,http://www.wikidata.org/entity/Q844501,"Шефнер, Вадим Сергеевич",научная фантастика,1963-01-01T00:00:00Z,
http://www.wikidata.org/entity/Q83610851,The Transmigration of Philip K.,http://www.wikidata.org/entity/Q455510,Майкл Суэнвик,научная фантастика,1985-01-01T00:00:00Z,
http://www.wikidata.org/entity/Q83610851,The Transmigration of Philip K.,http://www.wikidata.org/entity/Q455510,Майкл Суэнвик,научная фантастика,1985-02-01T00:00:00Z,
http://www.wikidata.org/entity/Q83719891,The Winter Beach,http://www.wikidata.org/entity/Q260560,Кейт Вильгельм,научная фантастика,1981-09-01T00:00:00Z,
http://www.wikidata.org/entity/Q97279628,Superluminal,http://www.wikidata.org/entity/Q242162,Вонда Макинтайр,научная фантастика,1983-09-01T00:00:00Z,
http://www.wikidata.org/entity/Q104856775,"Welcome, Chaos",http://www.wikidata.org/entity/Q260560,Кейт Вильгельм,научная фантастика,1983-09-01T00:00:00Z,
http://www.wikidata.org/entity/Q72101295,Быстрее света,http://www.wikidata.org/entity/Q181677,Джордж Р. Р. Мартин,научная фантастика,1974-05-01T00:00:00Z,
http://www.wikidata.org/entity/Q85750951,Catacomb Years,http://www.wikidata.org/entity/Q953288,Майкл Бишоп,научная фантастика,1979-01-01T00:00:00Z,
http://www.wikidata.org/entity/Q75551719,Artifact,http://www.wikidata.org/entity/Q358312,Грегори Бенфорд,научная фантастика,1985-06-01T00:00:00Z,
http://www.wikidata.org/entity/Q71943278,Evensong,http://www.wikidata.org/entity/Q684748,Лестер дель Рей,научная фантастика,1967-01-01T00:00:00Z,
http://www.wikidata.org/entity/Q85807026,Землекрушитель,http://www.wikidata.org/entity/Q1248054,Лин Картер,научная фантастика,1982-01-01T00:00:00Z,Doubleday
http://www.wikidata.org/entity/Q75167728,Ночь «Вампиров»,http://www.wikidata.org/entity/Q181677,Джордж Р. Р. Мартин,научная фантастика,1975-05-01T00:00:00Z,
http://www.wikidata.org/entity/Q98141417,Have You Seen These?,http://www.wikidata.org/entity/Q34981,Айзек Азимов,научная фантастика,1974-01-01T00:00:00Z,NESFA Press
http://www.wikidata.org/entity/Q83611450,Trojan Horse,http://www.wikidata.org/entity/Q455510,Майкл Суэнвик,научная фантастика,1984-01-01T00:00:00Z,
http://www.wikidata.org/entity/Q83611450,Trojan Horse,http://www.wikidata.org/entity/Q455510,Майкл Суэнвик,научная фантастика,1984-12-01T00:00:00Z,
http://www.wikidata.org/entity/Q85803229,Дитя звёзд,http://www.wikidata.org/entity/Q312641,Фредерик Пол,научная фантастика,1965-01-01T00:00:00Z,
http://www.wikidata.org/entity/Q102238560,Зовите его Моисеем,http://www.wikidata.org/entity/Q181677,Джордж Р. Р. Мартин,научная фантастика,1978-01-01T00:00:00Z,
http://www.wikidata.org/entity/Q104723577,Variation on a Man,http://www.wikidata.org/entity/Q266947,Пэт Кэдиган,научная фантастика,1984-01-01T00:00:00Z,
http://www.wikidata.org/entity/Q104089630,Nine Hundred Grandmothers,http://www.wikidata.org/entity/Q982489,R. A. Lafferty,научная фантастика,1966-02-01T00:00:00Z,
http://www.wikidata.org/entity/Q72252159,Рывок к звёздному свету,http://www.wikidata.org/entity/Q181677,Джордж Р. Р. Мартин,научная фантастика,1974-12-01T00:00:00Z,
http://www.wikidata.org/entity/Q107377342,The Best of Cordwainer Smith,http://www.wikidata.org/entity/Q937000,Пол Смит,научная фантастика,1975-07-01T00:00:00Z,
http://www.wikidata.org/entity/Q97355160,Золотые колдуны,http://www.wikidata.org/entity/Q387693,Mary Gentle,научная фантастика,1983-09-01T00:00:00Z,
http://www.wikidata.org/entity/Q102126984,Тупиковый вариант,http://www.wikidata.org/entity/Q181677,Джордж Р. Р. Мартин,научная фантастика,1982-01-01T00:00:00Z,
http://www.wikidata.org/entity/Q107259782,Миры запредельные,http://www.wikidata.org/entity/Q347461,Джо Холдеман,научная фантастика,1983-10-01T00:00:00Z,
http://www.wikidata.org/entity/Q68578752,The Best of Robert Silverberg,http://www.wikidata.org/entity/Q314553,Роберт Силверберг,научная фантастика,1976-02-01T00:00:00Z,
http://www.wikidata.org/entity/Q106200931,Hurok of the Stone Age,http://www.wikidata.org/entity/Q1248054,Лин Картер,научная фантастика,1981-01-01T00:00:00Z,DAW Books
http://www.wikidata.org/entity/Q104859620,Чёрный спецназ,http://www.wikidata.org/entity/Q434029,Тимоти Зан,научная фантастика,1983-07-01T00:00:00Z,
http://www.wikidata.org/entity/Q104851785,Ike at the Mike,http://www.wikidata.org/entity/Q787382,Howard Waldrop,научная фантастика,1982-06-01T00:00:00Z,
http://www.wikidata.org/entity/Q104840720,The Isle of Glass,http://www.wikidata.org/entity/Q539418,Judith Tarr,научная фантастика,1985-03-01T00:00:00Z,
http://www.wikidata.org/entity/Q71864880,Override,http://www.wikidata.org/entity/Q181677,Джордж Р. Р. Мартин,научная фантастика,1973-09-01T00:00:00Z,
http://www.wikidata.org/entity/Q97357253,Aurelia,http://www.wikidata.org/entity/Q982489,R. A. Lafferty,научная фантастика,1982-09-01T00:00:00Z,
http://www.wikidata.org/entity/Q104208327,New Kings Are Not for Laughing,http://www.wikidata.org/entity/Q1176217,David R. Bunch,научная фантастика,1971-05-01T00:00:00Z,
http://www.wikidata.org/entity/Q96409921,Tintagel,http://www.wikidata.org/entity/Q7149951,Пол Кук,научная фантастика,1981-09-01T00:00:00Z,
http://www.wikidata.org/entity/Q107259794,Миры обетованные,http://www.wikidata.org/entity/Q347461,Джо Холдеман,научная фантастика,1981-03-01T00:00:00Z,
http://www.wikidata.org/entity/Q104854337,Molly Zero,http://www.wikidata.org/entity/Q1379856,Кит Робертс,научная фантастика,1980-07-01T00:00:00Z,
http://www.wikidata.org/entity/Q102217909,Чумная звезда,http://www.wikidata.org/entity/Q181677,Джордж Р. Р. Мартин,научная фантастика,1985-01-01T00:00:00Z,
http://www.wikidata.org/entity/Q104543487,The Snake Who Had Read Chomsky,http://www.wikidata.org/entity/Q18921140,Josephine Saxton,научная фантастика,1981-01-01T00:00:00Z,
http://www.wikidata.org/entity/Q104500474,Sporting with the Chid,http://www.wikidata.org/entity/Q790762,Баррингтон Джон Бейли,научная фантастика,1979-01-01T00:00:00Z,
http://www.wikidata.org/entity/Q85769854,Невидимая Смерть,http://www.wikidata.org/entity/Q1248054,Лин Картер,научная фантастика,1975-01-01T00:00:00Z,Doubleday
http://www.wikidata.org/entity/Q97173155,Starburst,http://www.wikidata.org/entity/Q312641,Фредерик Пол,научная фантастика,1982-06-01T00:00:00Z,
http://www.wikidata.org/entity/Q96371325,A Rose for Armageddon,http://www.wikidata.org/entity/Q3785610,Hilbert Schenck,научная фантастика,1982-10-01T00:00:00Z,
http://www.wikidata.org/entity/Q104114129,Day Million,http://www.wikidata.org/entity/Q312641,Фредерик Пол,научная фантастика,1966-02-01T00:00:00Z,
http://www.wikidata.org/entity/Q97452915,Against Infinity,http://www.wikidata.org/entity/Q358312,Грегори Бенфорд,научная фантастика,1983-04-01T00:00:00Z,
http://www.wikidata.org/entity/Q85806956,The Diary of the Rose,http://www.wikidata.org/entity/Q181659,Урсула Крёбер Ле Гуин,научная фантастика,1976-01-01T00:00:00Z,
http://www.wikidata.org/entity/Q104907386,Электрическое тело пою!,http://www.wikidata.org/entity/Q40640,Рэй Брэдбери,научная фантастика,1969-08-01T00:00:00Z,
http://www.wikidata.org/entity/Q109769614,The Autopsy,http://www.wikidata.org/entity/Q6834335,Майкл Ши,научная фантастика,1980-12-01T00:00:00Z,
http://www.wikidata.org/entity/Q97355083,Сопоставление,http://www.wikidata.org/entity/Q559409,Пирс Энтони,научная фантастика,1982-01-01T00:00:00Z,
http://www.wikidata.org/entity/Q97355083,Сопоставление,http://www.wikidata.org/entity/Q559409,Пирс Энтони,научная фантастика,1982-03-01T00:00:00Z,
http://www.wikidata.org/entity/Q103897959,День гнева,http://www.wikidata.org/entity/Q2275423,Север Феликсович Гансовский,научная фантастика,1965-01-01T00:00:00Z,
http://www.wikidata.org/entity/Q104203656,No Cracks or Saggings,http://www.wikidata.org/entity/Q1176217,David R. Bunch,научная фантастика,1970-01-01T00:00:00Z,
http://www.wikidata.org/entity/Q118104912,Дорога к Дюне,http://www.wikidata.org/entity/Q7934,Фрэнк Герберт,научная фантастика,1985-01-01T00:00:00Z,
http://www.wikidata.org/entity/Q97656902,Broken Symmetries,http://www.wikidata.org/entity/Q708198,Paul Preuss,научная фантастика,1983-10-01T00:00:00Z,
http://www.wikidata.org/entity/Q83610445,Праздник святой Дженис,http://www.wikidata.org/entity/Q455510,Майкл Суэнвик,научная фантастика,1980-01-01T00:00:00Z,
http://www.wikidata.org/entity/Q83610445,Праздник святой Дженис,http://www.wikidata.org/entity/Q455510,Майкл Суэнвик,научная фантастика,1980-07-01T00:00:00Z,
http://www.wikidata.org/entity/Q88284550,The Only Death in the City,http://www.wikidata.org/entity/Q234030,Кэролайн Черри,научная фантастика,1981-01-01T00:00:00Z,
http://www.wikidata.org/entity/Q88284550,The Only Death in the City,http://www.wikidata.org/entity/Q234030,Кэролайн Черри,научная фантастика,1981-05-01T00:00:00Z,
http://www.wikidata.org/entity/Q72816051,The Man Who Went to the Moon — Twice,http://www.wikidata.org/entity/Q104839624,Howard Rodman,научная фантастика,1967-10-01T00:00:00Z,
http://www.wikidata.org/entity/Q104821896,In the Western Tradition,http://www.wikidata.org/entity/Q768776,Phyllis Eisenstein,научная фантастика,1981-03-01T00:00:00Z,
http://www.wikidata.org/entity/Q111140907,Низвергнутые небеса,http://www.wikidata.org/entity/Q363810,Тим Пауэрс,научная фантастика,1976-01-01T00:00:00Z,
http://www.wikidata.org/entity/Q71709045,What Happened to Auguste Clarot?,http://www.wikidata.org/entity/Q6490249,Ларри Эйзенберг,научная фантастика,1967-01-01T00:00:00Z,
http://www.wikidata.org/entity/Q112999016,Nor the Many-Colored Fires of a Star Ring,http://www.wikidata.org/entity/Q181677,Джордж Р. Р. Мартин,научная фантастика,1976-01-01T00:00:00Z,
http://www.wikidata.org/entity/Q106311025,Eric of Zanthodon,http://www.wikidata.org/entity/Q1248054,Лин Картер,научная фантастика,1982-01-01T00:00:00Z,
http://www.wikidata.org/entity/Q109264998,Четырёхдневная планета,http://www.wikidata.org/entity/Q1364100,Г. Бим Пайпер,научная фантастика,1961-01-01T00:00:00Z,
http://www.wikidata.org/entity/Q123477390,Looking for Something?,http://www.wikidata.org/entity/Q7934,Фрэнк Герберт,научная фантастика,1978-03-01T00:00:00Z,
http://www.wikidata.org/entity/Q83611229,Mummer Kiss,http://www.wikidata.org/entity/Q455510,Майкл Суэнвик,научная фантастика,1981-01-01T00:00:00Z,
http://www.wikidata.org/entity/Q83611229,Mummer Kiss,http://www.wikidata.org/entity/Q455510,Майкл Суэнвик,научная фантастика,1981-06-01T00:00:00Z,
http://www.wikidata.org/entity/Q103841136,Астронавт,http://www.wikidata.org/entity/Q3892030,Валентина Николаевна Журавлёва,научная фантастика,1960-01-01T00:00:00Z,
http://www.wikidata.org/entity/Q111271495,The Mystery of the Young Gentleman,http://www.wikidata.org/entity/Q265270,Джоанна Расс,научная фантастика,1982-01-01T00:00:00Z,
http://www.wikidata.org/entity/Q120467985,The Mary Celeste Move,http://www.wikidata.org/entity/Q7934,Фрэнк Герберт,научная фантастика,1964-10-01T00:00:00Z,
http://www.wikidata.org/entity/Q101545403,Злоцветы,http://www.wikidata.org/entity/Q181677,Джордж Р. Р. Мартин,научная фантастика,1977-01-01T00:00:00Z,
http://www.wikidata.org/entity/Q101545403,Злоцветы,http://www.wikidata.org/entity/Q181677,Джордж Р. Р. Мартин,научная фантастика,1977-11-01T00:00:00Z,
http://www.wikidata.org/entity/Q111271503,Bodies,http://www.wikidata.org/entity/Q265270,Джоанна Расс,научная фантастика,1984-01-01T00:00:00Z,
http://www.wikidata.org/entity/Q111271503,Bodies,http://www.wikidata.org/entity/Q265270,Джоанна Расс,научная фантастика,1984-04-01T00:00:00Z,
http://www.wikidata.org/entity/Q104864828,Карты печали,http://www.wikidata.org/entity/Q2394387,Jane Yolen,научная фантастика,1984-12-01T00:00:00Z,
http://www.wikidata.org/entity/Q74205583,The Runners,http://www.wikidata.org/entity/Q181677,Джордж Р. Р. Мартин,научная фантастика,1975-09-01T00:00:00Z,
http://www.wikidata.org/entity/Q104144914,The Hall of Machines,http://www.wikidata.org/entity/Q28691768,Langdon Jones,научная фантастика,1968-03-01T00:00:00Z,
http://www.wikidata.org/entity/Q104451996,The House of Compassionate Sharers,http://www.wikidata.org/entity/Q953288,Майкл Бишоп,научная фантастика,1977-05-01T00:00:00Z,
http://www.wikidata.org/entity/Q111577663,Nobody's Home,http://www.wikidata.org/entity/Q265270,Джоанна Расс,научная фантастика,1972-01-01T00:00:00Z,
http://www.wikidata.org/entity/Q102238474,Повторная помощь,http://www.wikidata.org/entity/Q181677,Джордж Р. Р. Мартин,научная фантастика,1985-01-01T00:00:00Z,
http://www.wikidata.org/entity/Q108913871,Ersatz,http://www.wikidata.org/entity/Q94280,Генри Слезар,научная фантастика,1967-01-01T00:00:00Z,
http://www.wikidata.org/entity/Q109727917,The Psychologist Who Wouldn't Do Awful Things to Rats,http://www.wikidata.org/entity/Q234928,Джеймс Типтри-младший,научная фантастика,1976-01-01T00:00:00Z,
http://www.wikidata.org/entity/Q109727917,The Psychologist Who Wouldn't Do Awful Things to Rats,http://www.wikidata.org/entity/Q234928,Джеймс Типтри-младший,научная фантастика,1976-05-01T00:00:00Z,
http://www.wikidata.org/entity/Q111462305,The Extraordinary Voyages of Amélie Bertrand,http://www.wikidata.org/entity/Q265270,Джоанна Расс,научная фантастика,1979-01-01T00:00:00Z,
http://www.wikidata.org/entity/Q111462305,The Extraordinary Voyages of Amélie Bertrand,http://www.wikidata.org/entity/Q265270,Джоанна Расс,научная фантастика,1979-09-01T00:00:00Z,
http://www.wikidata.org/entity/Q104377006,Пересечение пути,http://www.wikidata.org/entity/Q613453,Дмитрий Александрович Биленкин,научная фантастика,1973-10-01T00:00:00Z,
http://www.wikidata.org/entity/Q85807974,Принц Заркон,http://www.wikidata.org/entity/Q1248054,Лин Картер,научная фантастика,1975-01-01T00:00:00Z,Doubleday
http://www.wikidata.org/entity/Q72251867,Ночная смена,http://www.wikidata.org/entity/Q181677,Джордж Р. Р. Мартин,научная фантастика,1973-01-01T00:00:00Z,
http://www.wikidata.org/entity/Q102217973,Хлеба и рыбы,http://www.wikidata.org/entity/Q181677,Джордж Р. Р. Мартин,научная фантастика,1985-10-01T00:00:00Z,
http://www.wikidata.org/entity/Q83610656,The Blind Minotaur,http://www.wikidata.org/entity/Q455510,Майкл Суэнвик,научная фантастика,1985-01-01T00:00:00Z,
http://www.wikidata.org/entity/Q83610656,The Blind Minotaur,http://www.wikidata.org/entity/Q455510,Майкл Суэнвик,научная фантастика,1985-03-01T00:00:00Z,
http://www.wikidata.org/entity/Q104205667,Moderan,http://www.wikidata.org/entity/Q1176217,David R. Bunch,научная фантастика,1971-05-01T00:00:00Z,
http://www.wikidata.org/entity/Q96410644,Transfigurations,http://www.wikidata.org/entity/Q953288,Майкл Бишоп,научная фантастика,1979-10-01T00:00:00Z,
http://www.wikidata.org/entity/Q106311064,Darya of the Bronze Age,http://www.wikidata.org/entity/Q1248054,Лин Картер,научная фантастика,1981-01-01T00:00:00Z,DAW Books
http://www.wikidata.org/entity/Q122581051,Millennium,http://www.wikidata.org/entity/Q436664,Бен Бова,научная фантастика,1976-03-01T00:00:00Z,
http://www.wikidata.org/entity/Q122583925,Leviathan,http://www.wikidata.org/entity/Q314215,Роберт Антон Уилсон,научная фантастика,1975-11-01T00:00:00Z,
http://www.wikidata.org/entity/Q131374931,First Channel,http://www.wikidata.org/entity/Q537473,Jean Lorrah,научная фантастика,1980-01-01T00:00:00Z,
http://www.wikidata.org/entity/Q123229706,Rockets in Ursa Major,http://www.wikidata.org/entity/Q183397,Фред Хойл,научная фантастика,1969-01-01T00:00:00Z,
http://www.wikidata.org/entity/Q131076580,This Moment of the Storm,http://www.wikidata.org/entity/Q295406,Роджер Желязны,научная фантастика,1966-06-01T00:00:00Z,
http://www.wikidata.org/entity/Q122581061,A Little Knowledge,http://www.wikidata.org/entity/Q953288,Майкл Бишоп,научная фантастика,1977-05-01T00:00:00Z,
http://www.wikidata.org/entity/Q115753253,No Direction Home,http://www.wikidata.org/entity/Q455951,Норман Спинрад,научная фантастика,1971-09-01T00:00:00Z,
http://www.wikidata.org/entity/Q122581098,Угасающее солнце: Шон'джир,http://www.wikidata.org/entity/Q234030,Кэролайн Черри,научная фантастика,1978-10-01T00:00:00Z,
http://www.wikidata.org/entity/Q121742313,The Pathways of Desire,http://www.wikidata.org/entity/Q181659,Урсула Крёбер Ле Гуин,научная фантастика,1979-01-01T00:00:00Z,
http://www.wikidata.org/entity/Q121742313,The Pathways of Desire,http://www.wikidata.org/entity/Q181659,Урсула Крёбер Ле Гуин,научная фантастика,1979-04-01T00:00:00Z,
http://www.wikidata.org/entity/Q122581054,The Clewiston Test,http://www.wikidata.org/entity/Q260560,Кейт Вильгельм,научная фантастика,1976-01-01T00:00:00Z,
http://www.wikidata.org/entity/Q131375459,Золотой торквес,http://www.wikidata.org/entity/Q443306,Julian May,научная фантастика,1982-01-01T00:00:00Z,
http://www.wikidata.org/entity/Q131375075,Deathhunter,http://www.wikidata.org/entity/Q1371639,Йен Уотсон,научная фантастика,1981-10-01T00:00:00Z,
http://www.wikidata.org/entity/Q125946443,The Steiger Effect,http://www.wikidata.org/entity/Q56849881,Betsy Curtis,научная фантастика,1968-10-01T00:00:00Z,
http://www.wikidata.org/entity/Q110785608,Трава времени,http://www.wikidata.org/entity/Q455951,Норман Спинрад,научная фантастика,1970-01-01T00:00:00Z,
http://www.wikidata.org/entity/Q109778823,The Little Dirty Girl,http://www.wikidata.org/entity/Q265270,Джоанна Расс,научная фантастика,1982-01-01T00:00:00Z,
http://www.wikidata.org/entity/Q109778823,The Little Dirty Girl,http://www.wikidata.org/entity/Q265270,Джоанна Расс,научная фантастика,1982-11-01T00:00:00Z,
http://www.wikidata.org/entity/Q125947709,Семенной фонд,http://www.wikidata.org/entity/Q7934,Фрэнк Герберт,научная фантастика,1970-04-01T00:00:00Z,
http://www.wikidata.org/entity/Q122582878,The Eye in the Pyramid,http://www.wikidata.org/entity/Q967627,Роберт Ши,научная фантастика,1975-09-01T00:00:00Z,
http://www.wikidata.org/entity/Q117211419,Монолог над бездной,http://www.wikidata.org/entity/Q4404279,"Савченко, Виктор Васильевич",научная фантастика,1984-01-01T00:00:00Z,
http://www.wikidata.org/entity/Q122582878,The Eye in the Pyramid,http://www.wikidata.org/entity/Q314215,Роберт Антон Уилсон,научная фантастика,1975-09-01T00:00:00Z,
http://www.wikidata.org/entity/Q124809773,Q124809773,http://www.wikidata.org/entity/Q613453,Дмитрий Александрович Биленкин,научная фантастика,1984-01-01T00:00:00Z,
http://www.wikidata.org/entity/Q115329449,Целительный яд,http://www.wikidata.org/entity/Q294625,Клиффорд Дональд Саймак,научная фантастика,1976-02-01T00:00:00Z,
http://www.wikidata.org/entity/Q124809775,Q124809775,http://www.wikidata.org/entity/Q5595763,Grania Davis,научная фантастика,1983-06-01T00:00:00Z,
http://www.wikidata.org/entity/Q109824970,Blue Champagne,http://www.wikidata.org/entity/Q504805,Джон Варли,научная фантастика,1981-08-01T00:00:00Z,
http://www.wikidata.org/entity/Q131279104,Hothouse,http://www.wikidata.org/entity/Q238702,Брайан Олдис,научная фантастика,1961-02-01T00:00:00Z,
http://www.wikidata.org/entity/Q124809775,Q124809775,http://www.wikidata.org/entity/Q181677,Джордж Р. Р. Мартин,научная фантастика,1983-06-01T00:00:00Z,
http://www.wikidata.org/entity/Q124809775,Q124809775,http://www.wikidata.org/entity/Q982489,R. A. Lafferty,научная фантастика,1983-06-01T00:00:00Z,
http://www.wikidata.org/entity/Q131076405,An Ornament to His Profession,http://www.wikidata.org/entity/Q4496029,Чарлз Леонард Харнесс,научная фантастика,1966-02-01T00:00:00Z,
http://www.wikidata.org/entity/Q122581045,Cloned Lives,http://www.wikidata.org/entity/Q453835,Pamela Sargent,научная фантастика,1976-06-01T00:00:00Z,
http://www.wikidata.org/entity/Q131374845,Kinsman,http://www.wikidata.org/entity/Q436664,Бен Бова,научная фантастика,1979-08-01T00:00:00Z,
http://www.wikidata.org/entity/Q121362719,Painwise,http://www.wikidata.org/entity/Q234928,Джеймс Типтри-младший,научная фантастика,1972-02-01T00:00:00Z,
http://www.wikidata.org/entity/Q131301501,Wings,http://www.wikidata.org/entity/Q242162,Вонда Макинтайр,научная фантастика,1973-04-01T00:00:00Z,
http://www.wikidata.org/entity/Q122581019,Рыцарь призраков и теней,http://www.wikidata.org/entity/Q220883,Пол Уильям Андерсон,научная фантастика,1975-05-01T00:00:00Z,
http://www.wikidata.org/entity/Q124809773,Q124809773,http://www.wikidata.org/entity/Q460329,Николай Асеев,научная фантастика,1984-01-01T00:00:00Z,
http://www.wikidata.org/entity/Q124809775,Q124809775,http://www.wikidata.org/entity/Q720562,Гарднер Дозуа,научная фантастика,1983-06-01T00:00:00Z,
http://www.wikidata.org/entity/Q131076541,The Alchemist,http://www.wikidata.org/entity/Q4496029,Чарлз Леонард Харнесс,научная фантастика,1966-05-01T00:00:00Z,
http://www.wikidata.org/entity/Q124809775,Q124809775,http://www.wikidata.org/entity/Q504805,Джон Варли,научная фантастика,1983-06-01T00:00:00Z,
http://www.wikidata.org/entity/Q131308014,Wong's Lost and Found Emporium,http://www.wikidata.org/entity/Q8008898,Уильям Ф. Ву,научная фантастика,1983-05-01T00:00:00Z,
http://www.wikidata.org/entity/Q131375009,The Sardonyx Net,http://www.wikidata.org/entity/Q443462,Elizabeth A. Lynn,научная фантастика,1981-01-01T00:00:00Z,
http://www.wikidata.org/entity/Q124758011,Дети Безграничности,http://www.wikidata.org/entity/Q4084087,"Бердник, Олесь Павлович",научная фантастика,1964-01-01T00:00:00Z,
http://www.wikidata.org/entity/Q131300842,"Open to Me, My Sister",http://www.wikidata.org/entity/Q296256,Филип Хосе Фармер,научная фантастика,1960-05-01T00:00:00Z,
http://www.wikidata.org/entity/Q125117035,Исчадия разума,http://www.wikidata.org/entity/Q294625,Клиффорд Дональд Саймак,научная фантастика,1970-01-01T00:00:00Z,
http://www.wikidata.org/entity/Q117321862,Voyagers,http://www.wikidata.org/entity/Q436664,Бен Бова,научная фантастика,1981-08-01T00:00:00Z,
http://www.wikidata.org/entity/Q122581074,A Different Light,http://www.wikidata.org/entity/Q443462,Elizabeth A. Lynn,научная фантастика,1978-08-01T00:00:00Z,
http://www.wikidata.org/entity/Q114031591,Growing Boys,http://www.wikidata.org/entity/Q906193,Роберт Эйкман,научная фантастика,1977-01-01T00:00:00Z,
http://www.wikidata.org/entity/Q122581028,Stargate,http://www.wikidata.org/entity/Q7610390,Stephen Robinett,научная фантастика,1976-01-01T00:00:00Z,
http://www.wikidata.org/entity/Q116199699,Seven American Nights,http://www.wikidata.org/entity/Q361149,Джин Вулф,научная фантастика,1978-03-01T00:00:00Z,
http://www.wikidata.org/entity/Q122581041,Lifeboat,http://www.wikidata.org/entity/Q489193,Гарри Гаррисон,научная фантастика,1976-05-01T00:00:00Z,
http://www.wikidata.org/entity/Q116269419,The Funeral,http://www.wikidata.org/entity/Q260560,Кейт Вильгельм,научная фантастика,1972-03-17T00:00:00Z,
http://www.wikidata.org/entity/Q124809775,Q124809775,http://www.wikidata.org/entity/Q2939834,Кэрол Эмшвиллер,научная фантастика,1983-06-01T00:00:00Z,
http://www.wikidata.org/entity/Q131375052,The Dreamers,http://www.wikidata.org/entity/Q715505,Джеймс Ганн,научная фантастика,1981-01-01T00:00:00Z,
http://www.wikidata.org/entity/Q124655691,Horrible Example,http://www.wikidata.org/entity/Q294625,Клиффорд Дональд Саймак,научная фантастика,1961-01-01T00:00:00Z,
http://www.wikidata.org/entity/Q124809773,Q124809773,http://www.wikidata.org/entity/Q266127,Даниил Хармс,научная фантастика,1984-01-01T00:00:00Z,
http://www.wikidata.org/entity/Q124809773,Q124809773,http://www.wikidata.org/entity/Q497925,Александр Романович Беляев,научная фантастика,1984-01-01T00:00:00Z,
http://www.wikidata.org/entity/Q113623182,Лачуга должника,http://www.wikidata.org/entity/Q844501,"Шефнер, Вадим Сергеевич",научная фантастика,1982-06-01T00:00:00Z,
http://www.wikidata.org/entity/Q122581022,How Are the Mighty Fallen,http://www.wikidata.org/entity/Q346490,Thomas Burnett Swann,научная фантастика,1974-03-01T00:00:00Z,
http://www.wikidata.org/entity/Q124809773,Q124809773,http://www.wikidata.org/entity/Q461336,"Гор, Геннадий Самойлович",научная фантастика,1984-01-01T00:00:00Z,
http://www.wikidata.org/entity/Q131300841,Need,http://www.wikidata.org/entity/Q240253,Теодор Старджон,научная фантастика,1960-06-01T00:00:00Z,
http://www.wikidata.org/entity/Q124814760,Паломничество в волшебство,http://www.wikidata.org/entity/Q294625,Клиффорд Дональд Саймак,научная фантастика,1975-01-01T00:00:00Z,
http://www.wikidata.org/entity/Q131374854,The Day of the Klesh,http://www.wikidata.org/entity/Q1669902,M. A. Foster,научная фантастика,1979-10-01T00:00:00Z,
http://www.wikidata.org/entity/Q116792583,"Daisy, in the Sun",http://www.wikidata.org/entity/Q234700,Конни Уиллис,научная фантастика,1979-11-01T00:00:00Z,
http://www.wikidata.org/entity/Q122581034,Walk to the End of the World,http://www.wikidata.org/entity/Q441603,Сюзи Макки Чарнас,научная фантастика,1974-02-01T00:00:00Z,
http://www.wikidata.org/entity/Q131301486,Земля осенняя,http://www.wikidata.org/entity/Q294625,Клиффорд Дональд Саймак,научная фантастика,1971-10-01T00:00:00Z,
http://www.wikidata.org/entity/Q124809772,Q124809772,http://www.wikidata.org/entity/Q294625,Клиффорд Дональд Саймак,научная фантастика,1985-01-01T00:00:00Z,
http://www.wikidata.org/entity/Q124809773,Q124809773,http://www.wikidata.org/entity/Q1363261,Алексей Капитонович Гастев,научная фантастика,1984-01-01T00:00:00Z,
http://www.wikidata.org/entity/Q122581064,Вспомнятся мои грехи...,http://www.wikidata.org/entity/Q347461,Джо Холдеман,научная фантастика,1977-10-01T00:00:00Z,
http://www.wikidata.org/entity/Q131374931,First Channel,http://www.wikidata.org/entity/Q3157753,Jacqueline Lichtenberg,научная фантастика,1980-01-01T00:00:00Z,
http://www.wikidata.org/entity/Q122581094,Аватара,http://www.wikidata.org/entity/Q220883,Пол Уильям Андерсон,научная фантастика,1978-10-01T00:00:00Z,
http://www.wikidata.org/entity/Q110611912,Needle in a Timestack,http://www.wikidata.org/entity/Q314553,Роберт Силверберг,научная фантастика,1983-01-01T00:00:00Z,
http://www.wikidata.org/entity/Q110611912,Needle in a Timestack,http://www.wikidata.org/entity/Q314553,Роберт Силверберг,научная фантастика,1983-06-01T00:00:00Z,
http://www.wikidata.org/entity/Q124809775,Q124809775,http://www.wikidata.org/entity/Q550614,Джордж Алек Эффинджер,научная фантастика,1983-06-01T00:00:00Z,
http://www.wikidata.org/entity/Q122581044,The Warriors of Dawn,http://www.wikidata.org/entity/Q1669902,M. A. Foster,научная фантастика,1975-01-01T00:00:00Z,
http://www.wikidata.org/entity/Q110722878,"On Venus, Have We Got a Rabbi!",http://www.wikidata.org/entity/Q968565,Уильям Тенн,научная фантастика,1974-01-01T00:00:00Z,
http://www.wikidata.org/entity/Q131199757,The Lordly Ones,http://www.wikidata.org/entity/Q1379856,Кит Робертс,научная фантастика,1980-03-01T00:00:00Z,
http://www.wikidata.org/entity/Q124809773,Q124809773,http://www.wikidata.org/entity/Q54828,Иван Антонович Ефремов,научная фантастика,1984-01-01T00:00:00Z,
http://www.wikidata.org/entity/Q115623734,Going Under,http://www.wikidata.org/entity/Q6112002,Jack Dann,научная фантастика,1981-01-01T00:00:00Z,
http://www.wikidata.org/entity/Q115623734,Going Under,http://www.wikidata.org/entity/Q6112002,Jack Dann,научная фантастика,1981-09-01T00:00:00Z,
http://www.wikidata.org/entity/Q116786195,View from a Height,http://www.wikidata.org/entity/Q268371,Джоан Виндж,научная фантастика,1978-06-01T00:00:00Z,
http://www.wikidata.org/entity/Q117289877,Специалист по джунглям,http://www.wikidata.org/entity/Q455951,Норман Спинрад,научная фантастика,1967-01-01T00:00:00Z,
http://www.wikidata.org/entity/Q122581066,Обитель мрака,http://www.wikidata.org/entity/Q220883,Пол Уильям Андерсон,научная фантастика,1977-01-01T00:00:00Z,
http://www.wikidata.org/entity/Q122581069,The Martian Inca,http://www.wikidata.org/entity/Q1371639,Йен Уотсон,научная фантастика,1977-01-01T00:00:00Z,
http://www.wikidata.org/entity/Q115589532,Man in His Time,http://www.wikidata.org/entity/Q238702,Брайан Олдис,научная фантастика,1965-04-01T00:00:00Z,
http://www.wikidata.org/entity/Q131374937,Eyes of Fire,http://www.wikidata.org/entity/Q953288,Майкл Бишоп,научная фантастика,1980-01-01T00:00:00Z,
http://www.wikidata.org/entity/Q130743140,Marchers of Valhalla,http://www.wikidata.org/entity/Q207640,Роберт Ирвин Говард,научная фантастика,1972-01-01T00:00:00Z,
http://www.wikidata.org/entity/Q121502365,The Field of Vision,http://www.wikidata.org/entity/Q181659,Урсула Крёбер Ле Гуин,научная фантастика,1973-01-01T00:00:00Z,
http://www.wikidata.org/entity/Q121502365,The Field of Vision,http://www.wikidata.org/entity/Q181659,Урсула Крёбер Ле Гуин,научная фантастика,1973-10-01T00:00:00Z,
http://www.wikidata.org/entity/Q122581077,Colony,http://www.wikidata.org/entity/Q436664,Бен Бова,научная фантастика,1978-07-01T00:00:00Z,
http://www.wikidata.org/entity/Q131374955,Waves,http://www.wikidata.org/entity/Q1669902,M. A. Foster,научная фантастика,1980-10-01T00:00:00Z,
http://www.wikidata.org/entity/Q122583914,The Golden Apple,http://www.wikidata.org/entity/Q967627,Роберт Ши,научная фантастика,1975-10-01T00:00:00Z,
http://www.wikidata.org/entity/Q124809775,Q124809775,http://www.wikidata.org/entity/Q260560,Кейт Вильгельм,научная фантастика,1983-06-01T00:00:00Z,
http://www.wikidata.org/entity/Q122581103,Звёзды в саване,http://www.wikidata.org/entity/Q358312,Грегори Бенфорд,научная фантастика,1978-08-01T00:00:00Z,
http://www.wikidata.org/entity/Q115680607,Hero,http://www.wikidata.org/entity/Q347461,Джо Холдеман,научная фантастика,1972-06-01T00:00:00Z,
http://www.wikidata.org/entity/Q122583914,The Golden Apple,http://www.wikidata.org/entity/Q314215,Роберт Антон Уилсон,научная фантастика,1975-10-01T00:00:00Z,
http://www.wikidata.org/entity/Q122581082,Journey,http://www.wikidata.org/entity/Q682325,Marta Randall,научная фантастика,1978-05-01T00:00:00Z,
http://www.wikidata.org/entity/Q124388828,Consider Her Ways and Others,http://www.wikidata.org/entity/Q313673,Джон Уиндем,научная фантастика,1961-01-01T00:00:00Z,Michael Joseph
http://www.wikidata.org/entity/Q124809773,Q124809773,http://www.wikidata.org/entity/Q737626,Генрих Саулович Альтшуллер,научная фантастика,1984-01-01T00:00:00Z,
http://www.wikidata.org/entity/Q124809773,Q124809773,http://www.wikidata.org/entity/Q4143658,"Горбовский, Александр Альфредович",научная фантастика,1984-01-01T00:00:00Z,
http://www.wikidata.org/entity/Q131191961,Black Sword's Brothers,http://www.wikidata.org/entity/Q316138,Майкл Муркок,научная фантастика,1963-10-01T00:00:00Z,
http://www.wikidata.org/entity/Q124809773,Q124809773,http://www.wikidata.org/entity/Q360292,Кир Булычёв,научная фантастика,1984-01-01T00:00:00Z,
http://www.wikidata.org/entity/Q121542415,The Author of the Acacia Seeds and Other Extracts from the Journal of the Association of Therolinguistics,http://www.wikidata.org/entity/Q181659,Урсула Крёбер Ле Гуин,научная фантастика,1974-01-01T00:00:00Z,
http://www.wikidata.org/entity/Q124809775,Q124809775,http://www.wikidata.org/entity/Q5442151,Felix C. Gotschalk,научная фантастика,1983-06-01T00:00:00Z,
http://www.wikidata.org/entity/Q123229706,Rockets in Ursa Major,http://www.wikidata.org/entity/Q5534685,Geoffrey Hoyle,научная фантастика,1969-01-01T00:00:00Z,
http://www.wikidata.org/entity/Q122581099,Изгнанники Небесного Пояса,http://www.wikidata.org/entity/Q268371,Джоан Виндж,научная фантастика,1978-12-01T00:00:00Z,
http://www.wikidata.org/entity/Q124809775,Q124809775,http://www.wikidata.org/entity/Q5047212,Carter Scholz,научная фантастика,1983-06-01T00:00:00Z,
http://www.wikidata.org/entity/Q124809773,Q124809773,http://www.wikidata.org/entity/Q464818,"Ларионова, Ольга Николаевна",научная фантастика,1984-01-01T00:00:00Z,
http://www.wikidata.org/entity/Q124809773,Q124809773,http://www.wikidata.org/entity/Q204868,Евгений Иванович Замятин,научная фантастика,1984-01-01T00:00:00Z,
http://www.wikidata.org/entity/Q122581048,Floating Worlds,http://www.wikidata.org/entity/Q5055869,Cecelia Holland,научная фантастика,1976-01-01T00:00:00Z,
http://www.wikidata.org/entity/Q131375038,In the Hands of Glory,http://www.wikidata.org/entity/Q768776,Phyllis Eisenstein,научная фантастика,1981-11-01T00:00:00Z,
http://www.wikidata.org/entity/Q124809775,Q124809775,http://www.wikidata.org/entity/Q361149,Джин Вулф,научная фантастика,1983-06-01T00:00:00Z,
http://www.wikidata.org/entity/Q124809773,Q124809773,http://www.wikidata.org/entity/Q468267,Андрей Донатович Синявский,научная фантастика,1984-01-01T00:00:00Z,
http://www.wikidata.org/entity/Q122581058,Конец всех песен,http://www.wikidata.org/entity/Q316138,Майкл Муркок,научная фантастика,1976-07-01T00:00:00Z,
http://www.wikidata.org/entity/Q122581037,Blake's Progress,http://www.wikidata.org/entity/Q2324126,Рэй Нельсон,научная фантастика,1975-12-01T00:00:00Z,
http://www.wikidata.org/entity/Q124809773,Q124809773,http://www.wikidata.org/entity/Q905537,Илья Иосифович Варшавский,научная фантастика,1984-01-01T00:00:00Z,
http://www.wikidata.org/entity/Q122581029,Компания славы,http://www.wikidata.org/entity/Q1284085,Edgar Pangborn,научная фантастика,1975-01-01T00:00:00Z,
http://www.wikidata.org/entity/Q121701836,SQ,http://www.wikidata.org/entity/Q181659,Урсула Крёбер Ле Гуин,научная фантастика,1978-01-01T00:00:00Z,
http://www.wikidata.org/entity/Q131375083,At the Eye of the Ocean,http://www.wikidata.org/entity/Q3785610,Hilbert Schenck,научная фантастика,1981-08-01T00:00:00Z,
http://www.wikidata.org/entity/Q121701836,SQ,http://www.wikidata.org/entity/Q181659,Урсула Крёбер Ле Гуин,научная фантастика,1978-08-01T00:00:00Z,
http://www.wikidata.org/entity/Q124809775,Q124809775,http://www.wikidata.org/entity/Q130387021,Richard Hill,научная фантастика,1983-06-01T00:00:00Z,
http://www.wikidata.org/entity/Q131300843,The Lost Kafoozalum,http://www.wikidata.org/entity/Q7154976,Pauline Ashwell,научная фантастика,1960-10-01T00:00:00Z,
http://www.wikidata.org/entity/Q122581025,Star Rider,http://www.wikidata.org/entity/Q5297974,Doris Piserchia,научная фантастика,1974-03-01T00:00:00Z,
http://www.wikidata.org/entity/Q113157549,Братство талисмана,http://www.wikidata.org/entity/Q294625,Клиффорд Дональд Саймак,научная фантастика,1978-01-01T00:00:00Z,
http://www.wikidata.org/entity/Q124809775,Q124809775,http://www.wikidata.org/entity/Q5297974,Doris Piserchia,научная фантастика,1983-06-01T00:00:00Z,
http://www.wikidata.org/entity/Q115755457,Earthchild,http://www.wikidata.org/entity/Q5297974,Doris Piserchia,научная фантастика,1977-01-01T00:00:00Z,
http://www.wikidata.org/entity/Q131345449,Угасающее солнце: Кутат,http://www.wikidata.org/entity/Q234030,Кэролайн Черри,научная фантастика,1979-10-01T00:00:00Z,
http://www.wikidata.org/entity/Q122581014,The Doomsday Gene,http://www.wikidata.org/entity/Q3181114,Джон Бойд,научная фантастика,1972-01-01T00:00:00Z,
http://www.wikidata.org/entity/Q122581031,The Destruction of the Temple,http://www.wikidata.org/entity/Q113554,Barry N. Malzberg,научная фантастика,1974-02-01T00:00:00Z,
http://www.wikidata.org/entity/Q124809773,Q124809773,http://www.wikidata.org/entity/Q4397875,"Росоховатский, Игорь Маркович",научная фантастика,1984-01-01T00:00:00Z,
http://www.wikidata.org/entity/Q122862844,The Milk of Paradise,http://www.wikidata.org/entity/Q234928,Джеймс Типтри-младший,научная фантастика,1972-03-17T00:00:00Z,
http://www.wikidata.org/entity/Q121502309,Звезды под ногами,http://www.wikidata.org/entity/Q181659,Урсула Крёбер Ле Гуин,научная фантастика,1974-01-01T00:00:00Z,
http://www.wikidata.org/entity/Q131374938,Dangerous Games,http://www.wikidata.org/entity/Q682325,Marta Randall,научная фантастика,1980-09-01T00:00:00Z,
http://www.wikidata.org/entity/Q121502309,Звезды под ногами,http://www.wikidata.org/entity/Q181659,Урсула Крёбер Ле Гуин,научная фантастика,1974-04-01T00:00:00Z,
http://www.wikidata.org/entity/Q122583925,Leviathan,http://www.wikidata.org/entity/Q967627,Роберт Ши,научная фантастика,1975-11-01T00:00:00Z,
http://www.wikidata.org/entity/Q131195473,The Locusts,http://www.wikidata.org/entity/Q2594458,Стивен Барнс,научная фантастика,1979-06-01T00:00:00Z,
http://www.wikidata.org/entity/Q130392053,The Lost Continent,http://www.wikidata.org/entity/Q455951,Норман Спинрад,научная фантастика,1970-12-01T00:00:00Z,
http://www.wikidata.org/entity/Q131195468,Homecoming,http://www.wikidata.org/entity/Q809012,Барри Брукс Лонгиер,научная фантастика,1979-10-01T00:00:00Z,
http://www.wikidata.org/entity/Q130391688,Чуждое тепло,http://www.wikidata.org/entity/Q316138,Майкл Муркок,научная фантастика,1972-01-01T00:00:00Z,
http://www.wikidata.org/entity/Q131300986,The Dance of the Changer and the Three,http://www.wikidata.org/entity/Q1292432,Терри Карр,научная фантастика,1968-06-01T00:00:00Z,
http://www.wikidata.org/entity/Q131301484,Sky,http://www.wikidata.org/entity/Q982489,R. A. Lafferty,научная фантастика,1971-01-01T00:00:00Z,
http://www.wikidata.org/entity/Q131300857,Where Is the Bird of Fire?,http://www.wikidata.org/entity/Q346490,Thomas Burnett Swann,научная фантастика,1962-04-01T00:00:00Z,
http://www.wikidata.org/entity/Q131308023,Flying Saucer Rock & Roll,http://www.wikidata.org/entity/Q787382,Howard Waldrop,научная фантастика,1985-01-01T00:00:00Z,
http://www.wikidata.org/entity/Q131461557,On the North Pole of Pluto,http://www.wikidata.org/entity/Q130779,Ким Стенли Робинсон,научная фантастика,1980-11-01T00:00:00Z,
http://www.wikidata.org/entity/Q131375944,Враг,http://www.wikidata.org/entity/Q443306,Julian May,научная фантастика,1984-03-01T00:00:00Z,
http://www.wikidata.org/entity/Q131461587,The Venetian Court,http://www.wikidata.org/entity/Q4496029,Чарлз Леонард Харнесс,научная фантастика,1981-03-30T00:00:00Z,
http://www.wikidata.org/entity/Q131201161,The Man Who Painted the Dragon Griaule,http://www.wikidata.org/entity/Q256959,Люциус Шепард,научная фантастика,1984-12-01T00:00:00Z,
http://www.wikidata.org/entity/Q131461604,Media Man,http://www.wikidata.org/entity/Q268371,Джоан Виндж,научная фантастика,1976-10-01T00:00:00Z,
http://www.wikidata.org/entity/Q130613947,Лагерь «Хауксбиль»,http://www.wikidata.org/entity/Q314553,Роберт Силверберг,научная фантастика,1967-08-01T00:00:00Z,Galaxy Science Fiction
http://www.wikidata.org/entity/Q131415707,"Oh, Susannah!",http://www.wikidata.org/entity/Q260560,Кейт Вильгельм,научная фантастика,1982-07-01T00:00:00Z,
http://www.wikidata.org/entity/Q131376050,The Darkling Wind,http://www.wikidata.org/entity/Q938710,С. П. Сомтоу,научная фантастика,1985-07-01T00:00:00Z,
http://www.wikidata.org/entity/Q131308018,Rory,http://www.wikidata.org/entity/Q1434925,Стивен Гулд,научная фантастика,1984-04-01T00:00:00Z,
http://www.wikidata.org/entity/Q131201280,A Gift from the GrayLanders,http://www.wikidata.org/entity/Q953288,Майкл Бишоп,научная фантастика,1985-09-01T00:00:00Z,
http://www.wikidata.org/entity/Q130646574,The Wonderful Secret,http://www.wikidata.org/entity/Q724395,Кит Лаумер,научная фантастика,1977-09-01T00:00:00Z,
http://www.wikidata.org/entity/Q131461558,Slow Music,http://www.wikidata.org/entity/Q234928,Джеймс Типтри-младший,научная фантастика,1980-02-01T00:00:00Z,
http://www.wikidata.org/entity/Q131461536,Through All Your Houses Wandering,http://www.wikidata.org/entity/Q7693654,Ted Reynolds,научная фантастика,1981-03-16T00:00:00Z,
http://www.wikidata.org/entity/Q131195270,A Kingdom by the Sea,http://www.wikidata.org/entity/Q720562,Гарднер Дозуа,научная фантастика,1972-02-16T00:00:00Z,
http://www.wikidata.org/entity/Q130392624,Getting Across,http://www.wikidata.org/entity/Q314553,Роберт Силверберг,научная фантастика,1973-07-01T00:00:00Z,
http://www.wikidata.org/entity/Q131461603,A Thrust of Greatness,http://www.wikidata.org/entity/Q720779,Стэнли Шмидт,научная фантастика,1976-06-01T00:00:00Z,
http://www.wikidata.org/entity/Q131376046,Ancient of Days,http://www.wikidata.org/entity/Q953288,Майкл Бишоп,научная фантастика,1985-07-01T00:00:00Z,
http://www.wikidata.org/entity/Q131191998,Elric at the End of Time,http://www.wikidata.org/entity/Q316138,Майкл Муркок,научная фантастика,1981-09-01T00:00:00Z,
http://www.wikidata.org/entity/Q131300852,Scylla's Daughter,http://www.wikidata.org/entity/Q313185,Фриц Лейбер,научная фантастика,1961-05-01T00:00:00Z,
http://www.wikidata.org/entity/Q131461591,Polyphemus,http://www.wikidata.org/entity/Q6834335,Майкл Ши,научная фантастика,1981-08-01T00:00:00Z,
http://www.wikidata.org/entity/Q131195347,"Gotta Sing, Gotta Dance",http://www.wikidata.org/entity/Q504805,Джон Варли,научная фантастика,1976-07-01T00:00:00Z,
http://www.wikidata.org/entity/Q131301472,In the Queue,http://www.wikidata.org/entity/Q724395,Кит Лаумер,научная фантастика,1970-06-01T00:00:00Z,
http://www.wikidata.org/entity/Q131375476,Свет над заливом,http://www.wikidata.org/entity/Q938710,С. П. Сомтоу,научная фантастика,1982-09-01T00:00:00Z,
http://www.wikidata.org/entity/Q131301474,Brillo,http://www.wikidata.org/entity/Q436664,Бен Бова,научная фантастика,1970-08-01T00:00:00Z,
http://www.wikidata.org/entity/Q131301474,Brillo,http://www.wikidata.org/entity/Q311253,Харлан Эллисон,научная фантастика,1970-08-01T00:00:00Z,
http://www.wikidata.org/entity/Q131195348,The Phantom of Kansas,http://www.wikidata.org/entity/Q504805,Джон Варли,научная фантастика,1976-02-01T00:00:00Z,
http://www.wikidata.org/entity/Q131300850,Monument,http://www.wikidata.org/entity/Q949829,Ллойд Биггл-младший,научная фантастика,1961-06-01T00:00:00Z,
http://www.wikidata.org/entity/Q131461593,Tell Us a Story,http://www.wikidata.org/entity/Q189642,Зенна Хендерсон,научная фантастика,1980-10-01T00:00:00Z,
http://www.wikidata.org/entity/Q131195469,Options,http://www.wikidata.org/entity/Q504805,Джон Варли,научная фантастика,1979-05-01T00:00:00Z,
http://www.wikidata.org/entity/Q131461586,Rats in the Moon,http://www.wikidata.org/entity/Q7154976,Pauline Ashwell,научная фантастика,1982-11-01T00:00:00Z,
http://www.wikidata.org/entity/Q131461581,The Devil of Malkirk,http://www.wikidata.org/entity/Q943997,Чарльз Шеффилд,научная фантастика,1982-06-01T00:00:00Z,
http://www.wikidata.org/entity/Q131195328,After the Dreamtime,http://www.wikidata.org/entity/Q3430446,Ричард А Лупофф,научная фантастика,1974-10-01T00:00:00Z,
http://www.wikidata.org/entity/Q131195473,The Locusts,http://www.wikidata.org/entity/Q316610,Ларри Нивен,научная фантастика,1979-06-01T00:00:00Z,
http://www.wikidata.org/entity/Q131461596,Insects in Amber,http://www.wikidata.org/entity/Q328550,Tom Reamy,научная фантастика,1978-01-01T00:00:00Z,
http://www.wikidata.org/entity/Q131195329,Extreme Prejudice,http://www.wikidata.org/entity/Q578031,Джерри Пурнель,научная фантастика,1974-07-01T00:00:00Z,
http://www.wikidata.org/entity/Q131461545,My Brother Leopold,http://www.wikidata.org/entity/Q1284085,Edgar Pangborn,научная фантастика,1973-06-01T00:00:00Z,
http://www.wikidata.org/entity/Q130440027,Royal Licorice,http://www.wikidata.org/entity/Q982489,R. A. Lafferty,научная фантастика,1974-01-01T00:00:00Z,
http://www.wikidata.org/entity/Q130440027,Royal Licorice,http://www.wikidata.org/entity/Q982489,R. A. Lafferty,научная фантастика,1974-04-01T00:00:00Z,
http://www.wikidata.org/entity/Q131461535,"The Gospel According to Gamaliel Crucis (or, the Astrogator's Testimony)",http://www.wikidata.org/entity/Q953288,Майкл Бишоп,научная фантастика,1983-11-01T00:00:00Z,
http://www.wikidata.org/entity/Q131461589,Which Way to the Ends of Time?,http://www.wikidata.org/entity/Q1356435,Майкл Макколлум,научная фантастика,1981-08-17T00:00:00Z,
http://www.wikidata.org/entity/Q131308019,Symphony for a Lost Traveler,http://www.wikidata.org/entity/Q6514315,Lee Killough,научная фантастика,1984-03-01T00:00:00Z,
http://www.wikidata.org/entity/Q131461538,Joelle,http://www.wikidata.org/entity/Q220883,Пол Уильям Андерсон,научная фантастика,1977-07-01T00:00:00Z,
http://www.wikidata.org/entity/Q131376008,Испытание Шанур,http://www.wikidata.org/entity/Q234030,Кэролайн Черри,научная фантастика,1985-05-01T00:00:00Z,
http://www.wikidata.org/entity/Q131301485,All the Last Wars at Once,http://www.wikidata.org/entity/Q550614,Джордж Алек Эффинджер,научная фантастика,1971-01-01T00:00:00Z,
http://www.wikidata.org/entity/Q131375498,Узурпатор,http://www.wikidata.org/entity/Q443306,Julian May,научная фантастика,1983-02-01T00:00:00Z,
http://www.wikidata.org/entity/Q131300987,All the Myriad Ways,http://www.wikidata.org/entity/Q316610,Ларри Нивен,научная фантастика,1968-10-01T00:00:00Z,
http://www.wikidata.org/entity/Q131308020,Ridge Running,http://www.wikidata.org/entity/Q130779,Ким Стенли Робинсон,научная фантастика,1984-01-01T00:00:00Z,
http://www.wikidata.org/entity/Q131195263,Getting Through University,http://www.wikidata.org/entity/Q559409,Пирс Энтони,научная фантастика,1968-08-01T00:00:00Z,
http://www.wikidata.org/entity/Q131300928,Marque and Reprisal,http://www.wikidata.org/entity/Q220883,Пол Уильям Андерсон,научная фантастика,1965-02-01T00:00:00Z,
http://www.wikidata.org/entity/Q131376024,Five-Twelfths of Heaven,http://www.wikidata.org/entity/Q1919410,Мелисса Скотт,научная фантастика,1985-04-01T00:00:00Z,
http://www.wikidata.org/entity/Q131461567,To the Storming Gulf,http://www.wikidata.org/entity/Q358312,Грегори Бенфорд,научная фантастика,1985-04-01T00:00:00Z,
http://www.wikidata.org/entity/Q131461580,Gilpin's Space,http://www.wikidata.org/entity/Q386035,Реджиналд Бретнор,научная фантастика,1983-02-01T00:00:00Z,
http://www.wikidata.org/entity/Q131300864,Code Three,http://www.wikidata.org/entity/Q2151601,Rick Raphael,научная фантастика,1963-02-01T00:00:00Z,
http://www.wikidata.org/entity/Q131301483,The Bear with the Knot on His Tail,http://www.wikidata.org/entity/Q7610651,Stephen Tall,научная фантастика,1971-05-01T00:00:00Z,
http://www.wikidata.org/entity/Q131461569,When Winter Ends,http://www.wikidata.org/entity/Q352346,Michael P. Kube-McDowell,научная фантастика,1985-07-01T00:00:00Z,
http://www.wikidata.org/entity/Q131461595,Buoyant Ascent,http://www.wikidata.org/entity/Q3785610,Hilbert Schenck,научная фантастика,1980-01-01T00:00:00Z,
http://www.wikidata.org/entity/Q131201164,The Weigher,http://www.wikidata.org/entity/Q66132339,Marcia Martin,научная фантастика,1984-10-01T00:00:00Z,
http://www.wikidata.org/entity/Q131461600,The Anvil of Jove,http://www.wikidata.org/entity/Q358312,Грегори Бенфорд,научная фантастика,1976-07-01T00:00:00Z,
http://www.wikidata.org/entity/Q131201116,Silicon Muse,http://www.wikidata.org/entity/Q3785610,Hilbert Schenck,научная фантастика,1984-09-01T00:00:00Z,
http://www.wikidata.org/entity/Q131417506,The Last Rainbow,http://www.wikidata.org/entity/Q3365451,Парк Годвин,научная фантастика,1985-07-01T00:00:00Z,
http://www.wikidata.org/entity/Q131200578,Slow Birds,http://www.wikidata.org/entity/Q1371639,Йен Уотсон,научная фантастика,1983-06-01T00:00:00Z,
http://www.wikidata.org/entity/Q131461578,The Blister,http://www.wikidata.org/entity/Q312641,Фредерик Пол,научная фантастика,1984-09-01T00:00:00Z,
http://www.wikidata.org/entity/Q131308022,Hong's Bluff,http://www.wikidata.org/entity/Q8008898,Уильям Ф. Ву,научная фантастика,1985-03-01T00:00:00Z,
http://www.wikidata.org/entity/Q131199754,Savage Planet,http://www.wikidata.org/entity/Q809012,Барри Брукс Лонгиер,научная фантастика,1980-02-01T00:00:00Z,
http://www.wikidata.org/entity/Q131461541,The Napoli Express,http://www.wikidata.org/entity/Q1193106,Randall Garrett,научная фантастика,1979-04-01T00:00:00Z,
http://www.wikidata.org/entity/Q131201112,Blued Moon,http://www.wikidata.org/entity/Q234700,Конни Уиллис,научная фантастика,1984-01-01T00:00:00Z,
http://www.wikidata.org/entity/Q131461579,The Greening of Bed-Stuy,http://www.wikidata.org/entity/Q312641,Фредерик Пол,научная фантастика,1984-07-01T00:00:00Z,
http://www.wikidata.org/entity/Q131195467,Fireflood,http://www.wikidata.org/entity/Q242162,Вонда Макинтайр,научная фантастика,1979-11-01T00:00:00Z,
http://www.wikidata.org/entity/Q131300930,Day of the Great Shout,http://www.wikidata.org/entity/Q296256,Филип Хосе Фармер,научная фантастика,1965-01-01T00:00:00Z,
http://www.wikidata.org/entity/Q130392609,Как мы ездили смотреть конец света,http://www.wikidata.org/entity/Q314553,Роберт Силверберг,научная фантастика,1972-01-01T00:00:00Z,
http://www.wikidata.org/entity/Q131461533,World War Last,http://www.wikidata.org/entity/Q455951,Норман Спинрад,научная фантастика,1985-08-01T00:00:00Z,
http://www.wikidata.org/entity/Q131461594,Dangerous Games,http://www.wikidata.org/entity/Q682325,Marta Randall,научная фантастика,1980-04-01T00:00:00Z,
http://www.wikidata.org/entity/Q131300995,Not Long Before the End,http://www.wikidata.org/entity/Q316610,Ларри Нивен,научная фантастика,1969-04-01T00:00:00Z,
http://www.wikidata.org/entity/Q131461576,Floodtide,http://www.wikidata.org/entity/Q436664,Бен Бова,научная фантастика,1977-11-01T00:00:00Z,
http://www.wikidata.org/entity/Q131461540,Mars Masked,http://www.wikidata.org/entity/Q312641,Фредерик Пол,научная фантастика,1979-03-01T00:00:00Z,
http://www.wikidata.org/entity/Q131375460,The Fall of the Shell,http://www.wikidata.org/entity/Q2061542,Paul Osborne Williams,научная фантастика,1982-10-01T00:00:00Z,
http://www.wikidata.org/entity/Q131461553,The Family Monkey,http://www.wikidata.org/entity/Q440744,Лиза Таттл,научная фантастика,1977-02-01T00:00:00Z,
http://www.wikidata.org/entity/Q130613646,Damnation Alley,http://www.wikidata.org/entity/Q295406,Роджер Желязны,научная фантастика,1967-01-01T00:00:00Z,
http://www.wikidata.org/entity/Q131461598,The Mars Ship,http://www.wikidata.org/entity/Q2158989,Роберт Тьюрстон,научная фантастика,1977-06-01T00:00:00Z,
http://www.wikidata.org/entity/Q131375488,Transformer,http://www.wikidata.org/entity/Q1669902,M. A. Foster,научная фантастика,1983-04-01T00:00:00Z,
http://www.wikidata.org/entity/Q131374998,Twelve Fair Kingdoms,http://www.wikidata.org/entity/Q2741191,Сьюзет Хейден Элджин,научная фантастика,1981-05-01T00:00:00Z,
http://www.wikidata.org/entity/Q131200040,The Thermals of August,http://www.wikidata.org/entity/Q5342047,Эдвард Брайант,научная фантастика,1981-05-01T00:00:00Z,
http://www.wikidata.org/entity/Q131461539,Heretic in a Balloon,http://www.wikidata.org/entity/Q316313,Лайон Спрэг де Камп,научная фантастика,1977-10-01T00:00:00Z,
http://www.wikidata.org/entity/Q131200376,Nightlife,http://www.wikidata.org/entity/Q768776,Phyllis Eisenstein,научная фантастика,1982-02-01T00:00:00Z,
http://www.wikidata.org/entity/Q131300849,Status Quo,http://www.wikidata.org/entity/Q1849325,Мак Рейнольдс,научная фантастика,1961-08-01T00:00:00Z,
http://www.wikidata.org/entity/Q131308016,Servant of the People,http://www.wikidata.org/entity/Q312641,Фредерик Пол,научная фантастика,1983-02-01T00:00:00Z,
http://www.wikidata.org/entity/Q131376032,Emprise,http://www.wikidata.org/entity/Q352346,Michael P. Kube-McDowell,научная фантастика,1985-06-01T00:00:00Z,
http://www.wikidata.org/entity/Q131461601,In the Problem Pit,http://www.wikidata.org/entity/Q312641,Фредерик Пол,научная фантастика,1973-09-01T00:00:00Z,
http://www.wikidata.org/entity/Q130616905,Hawk Among the Sparrows,http://www.wikidata.org/entity/Q5246352,Dean McLaughlin,научная фантастика,1968-07-01T00:00:00Z,
http://www.wikidata.org/entity/Q131201114,Return to the Fold,http://www.wikidata.org/entity/Q434029,Тимоти Зан,научная фантастика,1984-09-01T00:00:00Z,
http://www.wikidata.org/entity/Q131375939,День проклятия,http://www.wikidata.org/entity/Q1174539,Дэвид Герролд,научная фантастика,1984-05-01T00:00:00Z,
http://www.wikidata.org/entity/Q131461590,Petals of Rose,http://www.wikidata.org/entity/Q6755896,Marc Stiegler,научная фантастика,1981-11-09T00:00:00Z,
http://www.wikidata.org/entity/Q131308024,Ужин в Одогасте,http://www.wikidata.org/entity/Q312995,Брюс Стерлинг,научная фантастика,1985-05-01T00:00:00Z,
http://www.wikidata.org/entity/Q131200378,Pawn's Gambit,http://www.wikidata.org/entity/Q434029,Тимоти Зан,научная фантастика,1982-03-29T00:00:00Z,
http://www.wikidata.org/entity/Q131300996,Deeper Than the Darkness,http://www.wikidata.org/entity/Q358312,Грегори Бенфорд,научная фантастика,1969-04-01T00:00:00Z,
http://www.wikidata.org/entity/Q131300956,Rat Race,http://www.wikidata.org/entity/Q557512,Реймонд Джоунс,научная фантастика,1966-04-01T00:00:00Z,
http://www.wikidata.org/entity/Q131195333,Nix Olympica,http://www.wikidata.org/entity/Q18436266,William Walling,научная фантастика,1974-12-01T00:00:00Z,
http://www.wikidata.org/entity/Q131300931,Stardock,http://www.wikidata.org/entity/Q313185,Фриц Лейбер,научная фантастика,1965-09-01T00:00:00Z,
http://www.wikidata.org/entity/Q130646354,In the Hall of the Martian Kings,http://www.wikidata.org/entity/Q504805,Джон Варли,научная фантастика,1977-02-01T00:00:00Z,
http://www.wikidata.org/entity/Q131195339,Tinker,http://www.wikidata.org/entity/Q578031,Джерри Пурнель,научная фантастика,1975-07-01T00:00:00Z,
http://www.wikidata.org/entity/Q131200633,The Sidon in the Mirror,http://www.wikidata.org/entity/Q234700,Конни Уиллис,научная фантастика,1983-04-01T00:00:00Z,
http://www.wikidata.org/entity/Q131461592,The Web of the Magi,http://www.wikidata.org/entity/Q1701097,"John Middleton Murry, Jr.",научная фантастика,1980-01-01T00:00:00Z,
http://www.wikidata.org/entity/Q131199753,Beatnik Bayou,http://www.wikidata.org/entity/Q504805,Джон Варли,научная фантастика,1980-04-01T00:00:00Z,
http://www.wikidata.org/entity/Q131375501,Дело для настоящих мужчин,http://www.wikidata.org/entity/Q1174539,Дэвид Герролд,научная фантастика,1983-08-01T00:00:00Z,
http://www.wikidata.org/entity/Q131300858,"When You Care, When You Love",http://www.wikidata.org/entity/Q240253,Теодор Старджон,научная фантастика,1962-09-01T00:00:00Z,
http://www.wikidata.org/entity/Q131201164,The Weigher,http://www.wikidata.org/entity/Q79796424,Eric Vinicoff,научная фантастика,1984-10-01T00:00:00Z,
http://www.wikidata.org/entity/Q131461573,George Washington Slept Here,http://www.wikidata.org/entity/Q4496029,Чарлз Леонард Харнесс,научная фантастика,1985-07-01T00:00:00Z,
http://www.wikidata.org/entity/Q130470911,Selenium Ghosts of the Eighteen Seventies,http://www.wikidata.org/entity/Q982489,R. A. Lafferty,научная фантастика,1978-01-01T00:00:00Z,
http://www.wikidata.org/entity/Q130470911,Selenium Ghosts of the Eighteen Seventies,http://www.wikidata.org/entity/Q982489,R. A. Lafferty,научная фантастика,1978-05-01T00:00:00Z,
http://www.wikidata.org/entity/Q131300874,Once a Cop,http://www.wikidata.org/entity/Q2151601,Rick Raphael,научная фантастика,1964-05-01T00:00:00Z,
http://www.wikidata.org/entity/Q131300873,Little Dog Gone,http://www.wikidata.org/entity/Q1360721,Роберт Франклин Янг,научная фантастика,1964-02-01T00:00:00Z,
http://www.wikidata.org/entity/Q131461544,Where Late the Sweet Birds Sang,http://www.wikidata.org/entity/Q260560,Кейт Вильгельм,научная фантастика,1974-10-01T00:00:00Z,
http://www.wikidata.org/entity/Q131461600,The Anvil of Jove,http://www.wikidata.org/entity/Q3110895,Gordon Eklund,научная фантастика,1976-07-01T00:00:00Z,
http://www.wikidata.org/entity/Q131300851,Lion Loose,http://www.wikidata.org/entity/Q1406489,Джеймс Шмиц,научная фантастика,1961-10-01T00:00:00Z,
http://www.wikidata.org/entity/Q131195327,"A Brother to Dragons, a Companion of Owls",http://www.wikidata.org/entity/Q260560,Кейт Вильгельм,научная фантастика,1974-04-01T00:00:00Z,
http://www.wikidata.org/entity/Q131375943,Выбор Шанур,http://www.wikidata.org/entity/Q234030,Кэролайн Черри,научная фантастика,1984-10-01T00:00:00Z,
http://www.wikidata.org/entity/Q131461599,Cold Cash War,http://www.wikidata.org/entity/Q976059,Роберт Линн Асприн,научная фантастика,1977-01-01T00:00:00Z,
http://www.wikidata.org/entity/Q131195281,The City on the Sand,http://www.wikidata.org/entity/Q550614,Джордж Алек Эффинджер,научная фантастика,1973-04-01T00:00:00Z,
http://www.wikidata.org/entity/Q131375507,The Birth of the People's Republic of Antarctica,http://www.wikidata.org/entity/Q6221049,Джон Батчелор,научная фантастика,1983-01-01T00:00:00Z,
http://www.wikidata.org/entity/Q131195370,Mikal's Songbird,http://www.wikidata.org/entity/Q217110,Орсон Скотт Кард,научная фантастика,1978-05-01T00:00:00Z,
http://www.wikidata.org/entity/Q130426232,Continued on Next Rock,http://www.wikidata.org/entity/Q982489,R. A. Lafferty,научная фантастика,1970-06-01T00:00:00Z,
http://www.wikidata.org/entity/Q131417566,Расколотая бесконечность,http://www.wikidata.org/entity/Q559409,Пирс Энтони,научная фантастика,1980-01-01T00:00:00Z,
http://www.wikidata.org/entity/Q131375511,There Is No Darkness,http://www.wikidata.org/entity/Q4357621,Jack C. Haldeman II,научная фантастика,1983-02-01T00:00:00Z,
http://www.wikidata.org/entity/Q131417566,Расколотая бесконечность,http://www.wikidata.org/entity/Q559409,Пирс Энтони,научная фантастика,1980-04-01T00:00:00Z,
http://www.wikidata.org/entity/Q131445174,Children of the Light,http://www.wikidata.org/entity/Q55702721,Susan B. Weston,научная фантастика,1985-12-01T00:00:00Z,
http://www.wikidata.org/entity/Q131195273,Patron of the Arts,http://www.wikidata.org/entity/Q2404462,Уильям Ротслер,научная фантастика,1972-01-01T00:00:00Z,
http://www.wikidata.org/entity/Q131308021,"The Aliens Who Knew, I Mean, Everything",http://www.wikidata.org/entity/Q550614,Джордж Алек Эффинджер,научная фантастика,1984-10-01T00:00:00Z,
http://www.wikidata.org/entity/Q131375511,There Is No Darkness,http://www.wikidata.org/entity/Q347461,Джо Холдеман,научная фантастика,1983-02-01T00:00:00Z,
http://www.wikidata.org/entity/Q131375520,Star Rebel,http://www.wikidata.org/entity/Q5423959,F. M. Busby,научная фантастика,1984-02-01T00:00:00Z,
http://www.wikidata.org/entity/Q131302808,Sail the Tide of Mourning,http://www.wikidata.org/entity/Q3430446,Ричард А Лупофф,научная фантастика,1975-01-01T00:00:00Z,
http://www.wikidata.org/entity/Q131417823,"Marianne, the Magus, and the Manticore",http://www.wikidata.org/entity/Q450737,Шери Теппер,научная фантастика,1985-12-01T00:00:00Z,
http://www.wikidata.org/entity/Q131461629,Threads of Time,http://www.wikidata.org/entity/Q358312,Грегори Бенфорд,научная фантастика,1974-01-01T00:00:00Z,
http://www.wikidata.org/entity/Q131461610,Allegiances,http://www.wikidata.org/entity/Q953288,Майкл Бишоп,научная фантастика,1975-02-01T00:00:00Z,
http://www.wikidata.org/entity/Q131302874,Stone,http://www.wikidata.org/entity/Q5342047,Эдвард Брайант,научная фантастика,1978-02-01T00:00:00Z,
http://www.wikidata.org/entity/Q131302865,Lauralyn,http://www.wikidata.org/entity/Q1193106,Randall Garrett,научная фантастика,1977-04-01T00:00:00Z,
http://www.wikidata.org/entity/Q131301506,Строительная площадка,http://www.wikidata.org/entity/Q294625,Клиффорд Дональд Саймак,научная фантастика,1973-01-01T00:00:00Z,
http://www.wikidata.org/entity/Q131308009,The Boy Who Waterskied to Forever,http://www.wikidata.org/entity/Q234928,Джеймс Типтри-младший,научная фантастика,1982-10-01T00:00:00Z,
http://www.wikidata.org/entity/Q131308006,Guardian,http://www.wikidata.org/entity/Q66109169,Jeff Duntemann,научная фантастика,1980-09-01T00:00:00Z,
http://www.wikidata.org/entity/Q131302859,I See You,http://www.wikidata.org/entity/Q534599,Деймон Найт,научная фантастика,1976-11-01T00:00:00Z,
http://www.wikidata.org/entity/Q131302866,Air Raid,http://www.wikidata.org/entity/Q504805,Джон Варли,научная фантастика,1977-01-01T00:00:00Z,
http://www.wikidata.org/entity/Q131308012,Паучиная Роза,http://www.wikidata.org/entity/Q312995,Брюс Стерлинг,научная фантастика,1982-08-01T00:00:00Z,
http://www.wikidata.org/entity/Q131461623,Le Croix (The Cross),http://www.wikidata.org/entity/Q113554,Barry N. Malzberg,научная фантастика,1980-05-01T00:00:00Z,
http://www.wikidata.org/entity/Q131461626,Silhouette,http://www.wikidata.org/entity/Q361149,Джин Вулф,научная фантастика,1975-01-01T00:00:00Z,
http://www.wikidata.org/entity/Q131444035,The Tularemia Gambit,http://www.wikidata.org/entity/Q1368134,Стив Перри,научная фантастика,1981-06-01T00:00:00Z,
http://www.wikidata.org/entity/Q131444034,A Greater Infinity,http://www.wikidata.org/entity/Q1356435,Майкл Макколлум,научная фантастика,1982-02-01T00:00:00Z,
http://www.wikidata.org/entity/Q131302810,Rogue Tomato,http://www.wikidata.org/entity/Q953288,Майкл Бишоп,научная фантастика,1975-04-01T00:00:00Z,
http://www.wikidata.org/entity/Q131444051,Procurator,http://www.wikidata.org/entity/Q1743487,Kirk Mitchell,научная фантастика,1984-04-01T00:00:00Z,
http://www.wikidata.org/entity/Q131461613,Seventy Years of Decpop,http://www.wikidata.org/entity/Q296256,Филип Хосе Фармер,научная фантастика,1972-07-01T00:00:00Z,
http://www.wikidata.org/entity/Q131461615,In the Ocean of Night,http://www.wikidata.org/entity/Q358312,Грегори Бенфорд,научная фантастика,1972-05-01T00:00:00Z,
http://www.wikidata.org/entity/Q131308003,Spidersong,http://www.wikidata.org/entity/Q55418878,Susan C. Petrey,научная фантастика,1980-09-01T00:00:00Z,
http://www.wikidata.org/entity/Q131461628,"Swarmer, Skimmer",http://www.wikidata.org/entity/Q358312,Грегори Бенфорд,научная фантастика,1981-10-01T00:00:00Z,
http://www.wikidata.org/entity/Q131461636,Plutonium,http://www.wikidata.org/entity/Q18378095,Arsen Darnay,научная фантастика,1976-03-01T00:00:00Z,
http://www.wikidata.org/entity/Q131302809,Child of All Ages,http://www.wikidata.org/entity/Q7117321,P. J. Plauger,научная фантастика,1975-03-01T00:00:00Z,
http://www.wikidata.org/entity/Q131444058,The Game Beyond,http://www.wikidata.org/entity/Q1919410,Мелисса Скотт,научная фантастика,1984-11-01T00:00:00Z,
http://www.wikidata.org/entity/Q131302801,Cathadonian Odyssey,http://www.wikidata.org/entity/Q953288,Майкл Бишоп,научная фантастика,1974-09-01T00:00:00Z,
http://www.wikidata.org/entity/Q131445073,The Shadow Hunter,http://www.wikidata.org/entity/Q271973,Пат Мёрфи,научная фантастика,1982-10-01T00:00:00Z,
http://www.wikidata.org/entity/Q131444028,Факел чести,http://www.wikidata.org/entity/Q1346691,Роджер Макбрайд Аллен,научная фантастика,1985-02-01T00:00:00Z,
http://www.wikidata.org/entity/Q131417824,The Song of Mavin Manyshaped,http://www.wikidata.org/entity/Q450737,Шери Теппер,научная фантастика,1985-03-01T00:00:00Z,
http://www.wikidata.org/entity/Q131461620,Homefaring,http://www.wikidata.org/entity/Q314553,Роберт Силверберг,научная фантастика,1983-11-01T00:00:00Z,
http://www.wikidata.org/entity/Q131461635,Sketches Among the Ruins of My Mind,http://www.wikidata.org/entity/Q296256,Филип Хосе Фармер,научная фантастика,1973-01-01T00:00:00Z,
http://www.wikidata.org/entity/Q131417582,Half a Sky,http://www.wikidata.org/entity/Q982489,R. A. Lafferty,научная фантастика,1984-10-01T00:00:00Z,
http://www.wikidata.org/entity/Q131302858,Custom Fitting,http://www.wikidata.org/entity/Q586756,Джеймс Уайт,научная фантастика,1976-02-01T00:00:00Z,
http://www.wikidata.org/entity/Q131308005,Cold Hands,http://www.wikidata.org/entity/Q66109169,Jeff Duntemann,научная фантастика,1980-06-01T00:00:00Z,
http://www.wikidata.org/entity/Q131461619,The Lord of the Skies,http://www.wikidata.org/entity/Q312641,Фредерик Пол,научная фантастика,1983-07-01T00:00:00Z,
http://www.wikidata.org/entity/Q131308004,Our Lady of the Sauropods,http://www.wikidata.org/entity/Q314553,Роберт Силверберг,научная фантастика,1980-09-01T00:00:00Z,
http://www.wikidata.org/entity/Q131461642,Ancient Shadows,http://www.wikidata.org/entity/Q316138,Майкл Муркок,научная фантастика,1975-11-01T00:00:00Z,
http://www.wikidata.org/entity/Q131461631,With Delicate Mad Hands,http://www.wikidata.org/entity/Q234928,Джеймс Типтри-младший,научная фантастика,1981-12-01T00:00:00Z,
http://www.wikidata.org/entity/Q131461630,Rumfuddle,http://www.wikidata.org/entity/Q312632,Джек Вэнс,научная фантастика,1973-01-01T00:00:00Z,
http://www.wikidata.org/entity/Q131308008,The Quiet,http://www.wikidata.org/entity/Q5539977,George Guthridge,научная фантастика,1981-07-01T00:00:00Z,
http://www.wikidata.org/entity/Q131302814,Doing Lennon,http://www.wikidata.org/entity/Q358312,Грегори Бенфорд,научная фантастика,1975-04-01T00:00:00Z,
http://www.wikidata.org/entity/Q131417567,Голубой адепт,http://www.wikidata.org/entity/Q559409,Пирс Энтони,научная фантастика,1981-01-01T00:00:00Z,
http://www.wikidata.org/entity/Q131417567,Голубой адепт,http://www.wikidata.org/entity/Q559409,Пирс Энтони,научная фантастика,1981-05-01T00:00:00Z,
http://www.wikidata.org/entity/Q129264355,Mary Margaret Road-Grader,http://www.wikidata.org/entity/Q787382,Howard Waldrop,научная фантастика,1976-01-01T00:00:00Z,
http://www.wikidata.org/entity/Q129264355,Mary Margaret Road-Grader,http://www.wikidata.org/entity/Q787382,Howard Waldrop,научная фантастика,1976-06-01T00:00:00Z,
http://www.wikidata.org/entity/Q131444066,Earthchild,http://www.wikidata.org/entity/Q2277294,Sharon Webb,научная фантастика,1982-01-01T00:00:00Z,
http://www.wikidata.org/entity/Q131461634,The Renewal,http://www.wikidata.org/entity/Q453835,Pamela Sargent,научная фантастика,1978-05-01T00:00:00Z,
http://www.wikidata.org/entity/Q131461621,Aquila Meets Bigfoot,http://www.wikidata.org/entity/Q938710,С. П. Сомтоу,научная фантастика,1983-01-01T00:00:00Z,
http://www.wikidata.org/entity/Q131444030,A Rumor of Angels,http://www.wikidata.org/entity/Q13563169,Marjorie B. Kellogg,научная фантастика,1983-06-01T00:00:00Z,
http://www.wikidata.org/entity/Q131417883,The Bronze King,http://www.wikidata.org/entity/Q441603,Сюзи Макки Чарнас,научная фантастика,1985-10-01T00:00:00Z,
http://www.wikidata.org/entity/Q131444044,Космический дальнобойщик,http://www.wikidata.org/entity/Q1699781,John DeChancie,научная фантастика,1983-12-01T00:00:00Z,
http://www.wikidata.org/entity/Q131461632,Equinoctial,http://www.wikidata.org/entity/Q504805,Джон Варли,научная фантастика,1977-12-01T00:00:00Z,
http://www.wikidata.org/entity/Q129579098,An Infinite Summer,http://www.wikidata.org/entity/Q707796,Кристофер Прист,научная фантастика,1976-05-01T00:00:00Z,
http://www.wikidata.org/entity/Q131461637,Birthdays,http://www.wikidata.org/entity/Q497454,Фред Саберхаген,научная фантастика,1976-03-01T00:00:00Z,
http://www.wikidata.org/entity/Q131461612,Case and the Dreamer,http://www.wikidata.org/entity/Q240253,Теодор Старджон,научная фантастика,1973-01-01T00:00:00Z,
http://www.wikidata.org/entity/Q131444061,The Breaking of Northwall,http://www.wikidata.org/entity/Q2061542,Paul Osborne Williams,научная фантастика,1981-02-01T00:00:00Z,
http://www.wikidata.org/entity/Q131461611,The Eastcoast Confinement,http://www.wikidata.org/entity/Q18378095,Arsen Darnay,научная фантастика,1974-10-01T00:00:00Z,
http://www.wikidata.org/entity/Q131461624,A Chinese Perspective,http://www.wikidata.org/entity/Q238702,Брайан Олдис,научная фантастика,1978-01-01T00:00:00Z,
http://www.wikidata.org/entity/Q131302867,Time-Sharing Angel,http://www.wikidata.org/entity/Q234928,Джеймс Типтри-младший,научная фантастика,1977-10-01T00:00:00Z,
http://www.wikidata.org/entity/Q131302876,Can These Bones Live?,http://www.wikidata.org/entity/Q7693654,Ted Reynolds,научная фантастика,1979-03-01T00:00:00Z,
http://www.wikidata.org/entity/Q131302869,The Very Slow Time Machine,http://www.wikidata.org/entity/Q1371639,Йен Уотсон,научная фантастика,1978-01-01T00:00:00Z,
http://www.wikidata.org/entity/Q131308007,Absent Thee from Felicity Awhile ...,http://www.wikidata.org/entity/Q938710,С. П. Сомтоу,научная фантастика,1981-09-14T00:00:00Z,
http://www.wikidata.org/entity/Q131461618,Eszterhazy and the Autogondola-Invention,http://www.wikidata.org/entity/Q782991,Эйв Дэвидсон,научная фантастика,1983-11-01T00:00:00Z,
http://www.wikidata.org/entity/Q131471742,Царица цикад,http://www.wikidata.org/entity/Q312995,Брюс Стерлинг,научная фантастика,1983-06-01T00:00:00Z,
http://www.wikidata.org/entity/Q131445172,Winter's Daughter: The Saying of Signe Ragnhilds-Datter,http://www.wikidata.org/entity/Q55587732,Charles Whitmore,научная фантастика,1984-10-01T00:00:00Z,
http://www.wikidata.org/entity/Q122580997,"Крестинвин, или История брожения и достижения",http://www.wikidata.org/entity/Q982489,R. A. Lafferty,научная фантастика,1971-06-01T00:00:00Z,
http://www.wikidata.org/entity/Q131445259,Valentina: Soul in Sapphire,http://www.wikidata.org/entity/Q6283663,Joseph H. Delaney,научная фантастика,1984-10-01T00:00:00Z,
http://www.wikidata.org/entity/Q130629234,Death and Designation Among the Asadi,http://www.wikidata.org/entity/Q953288,Майкл Бишоп,научная фантастика,1973-01-01T00:00:00Z,
http://www.wikidata.org/entity/Q131461479,The Tale of Gorgik,http://www.wikidata.org/entity/Q438164,Сэмюэль Дилэни,научная фантастика,1979-01-01T00:00:00Z,
http://www.wikidata.org/entity/Q130617852,The World Outside,http://www.wikidata.org/entity/Q314553,Роберт Силверберг,научная фантастика,1970-10-01T00:00:00Z,
http://www.wikidata.org/entity/Q131461645,Some Are Born Great,http://www.wikidata.org/entity/Q28020353,J. A. Lawrence,научная фантастика,1984-07-01T00:00:00Z,
http://www.wikidata.org/entity/Q130619668,Sword and Scepter,http://www.wikidata.org/entity/Q578031,Джерри Пурнель,научная фантастика,1973-05-01T00:00:00Z,
http://www.wikidata.org/entity/Q131471923,Murder on Lupozny Station,http://www.wikidata.org/entity/Q953288,Майкл Бишоп,научная фантастика,1981-04-01T00:00:00Z,
http://www.wikidata.org/entity/Q122452511,Rogue Dragon,http://www.wikidata.org/entity/Q782991,Эйв Дэвидсон,научная фантастика,1965-01-01T00:00:00Z,
http://www.wikidata.org/entity/Q131445175,Under the City of Angels,http://www.wikidata.org/entity/Q55722883,Jerry Earl Brown,научная фантастика,1981-06-01T00:00:00Z,
http://www.wikidata.org/entity/Q130619342,The Fourth Profession,http://www.wikidata.org/entity/Q316610,Ларри Нивен,научная фантастика,1971-08-01T00:00:00Z,
http://www.wikidata.org/entity/Q131471718,The Ways of Love,http://www.wikidata.org/entity/Q220883,Пол Уильям Андерсон,научная фантастика,1979-01-01T00:00:00Z,
http://www.wikidata.org/entity/Q130640956,One-Wing,http://www.wikidata.org/entity/Q181677,Джордж Р. Р. Мартин,научная фантастика,1980-01-01T00:00:00Z,
http://www.wikidata.org/entity/Q122463813,Цветы для Элджернона,http://www.wikidata.org/entity/Q185714,Дэниел Киз,научная фантастика,1966-01-01T00:00:00Z,
http://www.wikidata.org/entity/Q131461667,The Crystal Ship,http://www.wikidata.org/entity/Q268371,Джоан Виндж,научная фантастика,1976-09-01T00:00:00Z,
http://www.wikidata.org/entity/Q130641011,The Custodians,http://www.wikidata.org/entity/Q1701097,"John Middleton Murry, Jr.",научная фантастика,1975-10-01T00:00:00Z,
http://www.wikidata.org/entity/Q131471745,Blooded on Arachne,http://www.wikidata.org/entity/Q953288,Майкл Бишоп,научная фантастика,1975-11-01T00:00:00Z,
http://www.wikidata.org/entity/Q122536594,The Fifth Head of Cerberus,http://www.wikidata.org/entity/Q361149,Джин Вулф,научная фантастика,1972-02-16T00:00:00Z,
http://www.wikidata.org/entity/Q131461471,Old Folks at Home,http://www.wikidata.org/entity/Q953288,Майкл Бишоп,научная фантастика,1978-05-01T00:00:00Z,
http://www.wikidata.org/entity/Q122452518,What Entropy Means to Me,http://www.wikidata.org/entity/Q550614,Джордж Алек Эффинджер,научная фантастика,1972-06-01T00:00:00Z,
http://www.wikidata.org/entity/Q130638577,Strangers,http://www.wikidata.org/entity/Q720562,Гарднер Дозуа,научная фантастика,1974-10-01T00:00:00Z,
http://www.wikidata.org/entity/Q122452517,Дьявол мёртв,http://www.wikidata.org/entity/Q982489,R. A. Lafferty,научная фантастика,1971-05-01T00:00:00Z,
http://www.wikidata.org/entity/Q130617477,We All Die Naked,http://www.wikidata.org/entity/Q248867,Джеймс Блиш,научная фантастика,1969-08-01T00:00:00Z,
http://www.wikidata.org/entity/Q131445166,The Alchemists,http://www.wikidata.org/entity/Q5529502,Geary Gravel,научная фантастика,1984-02-01T00:00:00Z,
http://www.wikidata.org/entity/Q130646030,A Snark in the Night,http://www.wikidata.org/entity/Q358312,Грегори Бенфорд,научная фантастика,1977-08-01T00:00:00Z,
http://www.wikidata.org/entity/Q131461473,Trinity,http://www.wikidata.org/entity/Q238438,Нэнси Кресс,научная фантастика,1984-10-01T00:00:00Z,
http://www.wikidata.org/entity/Q130619617,The Mercenary,http://www.wikidata.org/entity/Q578031,Джерри Пурнель,научная фантастика,1972-07-01T00:00:00Z,
http://www.wikidata.org/entity/Q131471730,Lirios: A Tale of the Quintana Roo,http://www.wikidata.org/entity/Q234928,Джеймс Типтри-младший,научная фантастика,1981-09-28T00:00:00Z,
http://www.wikidata.org/entity/Q122581013,The Cloud Walker,http://www.wikidata.org/entity/Q1286138,Эдмунд Купер,научная фантастика,1973-03-01T00:00:00Z,
http://www.wikidata.org/entity/Q122452528,The Man Who Melted,http://www.wikidata.org/entity/Q6112002,Jack Dann,научная фантастика,1984-10-01T00:00:00Z,
http://www.wikidata.org/entity/Q122452519,A Funeral for the Eyes of Fire,http://www.wikidata.org/entity/Q953288,Майкл Бишоп,научная фантастика,1975-02-01T00:00:00Z,
http://www.wikidata.org/entity/Q130640745,The Silent Eyes of Time,http://www.wikidata.org/entity/Q547414,Альгис Будрис,научная фантастика,1975-11-01T00:00:00Z,
http://www.wikidata.org/entity/Q131461661,Spirals,http://www.wikidata.org/entity/Q578031,Джерри Пурнель,научная фантастика,1979-04-01T00:00:00Z,
http://www.wikidata.org/entity/Q122537157,V. R. T.,http://www.wikidata.org/entity/Q361149,Джин Вулф,научная фантастика,1972-01-01T00:00:00Z,
http://www.wikidata.org/entity/Q131471707,All My Darling Daughters,http://www.wikidata.org/entity/Q234700,Конни Уиллис,научная фантастика,1985-02-01T00:00:00Z,
http://www.wikidata.org/entity/Q131445261,Ibis,http://www.wikidata.org/entity/Q63116615,Linda Steele,научная фантастика,1985-01-01T00:00:00Z,
http://www.wikidata.org/entity/Q131445138,Palimpsests,http://www.wikidata.org/entity/Q5047212,Carter Scholz,научная фантастика,1984-09-01T00:00:00Z,
http://www.wikidata.org/entity/Q131461652,Silver Shoes for a Princess,http://www.wikidata.org/entity/Q1061225,James P. Hogan,научная фантастика,1979-10-01T00:00:00Z,
http://www.wikidata.org/entity/Q131461452,The Fishing of the Demon-Sea,http://www.wikidata.org/entity/Q6834335,Майкл Ши,научная фантастика,1982-12-01T00:00:00Z,
http://www.wikidata.org/entity/Q122452522,The Exile Waiting,http://www.wikidata.org/entity/Q242162,Вонда Макинтайр,научная фантастика,1975-09-01T00:00:00Z,
http://www.wikidata.org/entity/Q131445177,The Shadow of the Ship,http://www.wikidata.org/entity/Q55749698,Robert Wilfred Franson,научная фантастика,1983-05-01T00:00:00Z,
http://www.wikidata.org/entity/Q131445316,The Gates of Heaven,http://www.wikidata.org/entity/Q708198,Paul Preuss,научная фантастика,1980-05-01T00:00:00Z,
http://www.wikidata.org/entity/Q130617743,Beastchild,http://www.wikidata.org/entity/Q272076,Дин Кунц,научная фантастика,1970-08-01T00:00:00Z,
http://www.wikidata.org/entity/Q130617262,Dramatic Mission,http://www.wikidata.org/entity/Q233046,Энн Маккефри,научная фантастика,1969-06-01T00:00:00Z,
http://www.wikidata.org/entity/Q122452523,Islands,http://www.wikidata.org/entity/Q682325,Marta Randall,научная фантастика,1977-01-01T00:00:00Z,
http://www.wikidata.org/entity/Q130616925,Ночные крылья,http://www.wikidata.org/entity/Q314553,Роберт Силверберг,научная фантастика,1968-09-01T00:00:00Z,
http://www.wikidata.org/entity/Q122581006,Yesterday's Children,http://www.wikidata.org/entity/Q1174539,Дэвид Герролд,научная фантастика,1972-07-01T00:00:00Z,
http://www.wikidata.org/entity/Q122452516,Ушелец,http://www.wikidata.org/entity/Q220883,Пол Уильям Андерсон,научная фантастика,1971-09-01T00:00:00Z,
http://www.wikidata.org/entity/Q131461651,Anasazi,http://www.wikidata.org/entity/Q1181085,Dean Ing,научная фантастика,1980-12-01T00:00:00Z,
http://www.wikidata.org/entity/Q131461682,"The Sweet, Sad Queen of the Grazing Isles",http://www.wikidata.org/entity/Q312641,Фредерик Пол,научная фантастика,1984-10-01T00:00:00Z,
http://www.wikidata.org/entity/Q130638623,Assault on a City,http://www.wikidata.org/entity/Q312632,Джек Вэнс,научная фантастика,1974-03-01T00:00:00Z,
http://www.wikidata.org/entity/Q131445077,Divine Endurance,http://www.wikidata.org/entity/Q288721,Гвинет Джонс,научная фантастика,1984-05-01T00:00:00Z,
http://www.wikidata.org/entity/Q131445131,The Revolution from Rosinante,http://www.wikidata.org/entity/Q4721398,Alexis A. Gilliland,научная фантастика,1981-03-01T00:00:00Z,
http://www.wikidata.org/entity/Q131461670,Sharking Down,http://www.wikidata.org/entity/Q5342047,Эдвард Брайант,научная фантастика,1975-02-01T00:00:00Z,
http://www.wikidata.org/entity/Q131461663,The Dancer in the Darkness,http://www.wikidata.org/entity/Q2904845,Thomas F. Monteleone,научная фантастика,1979-02-01T00:00:00Z,
http://www.wikidata.org/entity/Q122452520,Guernica Night,http://www.wikidata.org/entity/Q113554,Barry N. Malzberg,научная фантастика,1975-01-01T00:00:00Z,
http://www.wikidata.org/entity/Q131445304,Skirmish,http://www.wikidata.org/entity/Q6812591,Melisa Michaels,научная фантастика,1985-03-01T00:00:00Z,
http://www.wikidata.org/entity/Q131445327,Dreamrider,http://www.wikidata.org/entity/Q7416713,Sandra Miesel,научная фантастика,1982-07-01T00:00:00Z,
http://www.wikidata.org/entity/Q131461462,The Curse of Kings,http://www.wikidata.org/entity/Q234700,Конни Уиллис,научная фантастика,1985-03-01T00:00:00Z,
http://www.wikidata.org/entity/Q122581003,Бравая вольница,http://www.wikidata.org/entity/Q312632,Джек Вэнс,научная фантастика,1973-08-01T00:00:00Z,
http://www.wikidata.org/entity/Q131445217,The Man in the Darksuit,http://www.wikidata.org/entity/Q56087835,Dennis R. Caro,научная фантастика,1980-09-01T00:00:00Z,
http://www.wikidata.org/entity/Q131461659,The Araqnid Window,http://www.wikidata.org/entity/Q4496029,Чарлз Леонард Харнесс,научная фантастика,1974-12-01T00:00:00Z,
http://www.wikidata.org/entity/Q122460836,High Weir,http://www.wikidata.org/entity/Q438164,Сэмюэль Дилэни,научная фантастика,1968-01-01T00:00:00Z,
http://www.wikidata.org/entity/Q131445146,The Sorcery Within,http://www.wikidata.org/entity/Q5229857,Dave Smeds,научная фантастика,1985-08-01T00:00:00Z,
http://www.wikidata.org/entity/Q131461661,Spirals,http://www.wikidata.org/entity/Q316610,Ларри Нивен,научная фантастика,1979-04-01T00:00:00Z,
http://www.wikidata.org/entity/Q130617016,To Jorslem,http://www.wikidata.org/entity/Q314553,Роберт Силверберг,научная фантастика,1969-02-01T00:00:00Z,
http://www.wikidata.org/entity/Q131471746,Blind Shemmy,http://www.wikidata.org/entity/Q6112002,Jack Dann,научная фантастика,1983-04-01T00:00:00Z,
http://www.wikidata.org/entity/Q122581005,The Castle Keeps,http://www.wikidata.org/entity/Q325664,Andrew J. Offutt,научная фантастика,1972-07-01T00:00:00Z,
http://www.wikidata.org/entity/Q122452515,Margaret and I,http://www.wikidata.org/entity/Q260560,Кейт Вильгельм,научная фантастика,1971-01-01T00:00:00Z,
http://www.wikidata.org/entity/Q130640956,One-Wing,http://www.wikidata.org/entity/Q440744,Лиза Таттл,научная фантастика,1980-01-01T00:00:00Z,
http://www.wikidata.org/entity/Q122452527,Frontera,http://www.wikidata.org/entity/Q1095977,Lewis Shiner,научная фантастика,1984-08-01T00:00:00Z,
http://www.wikidata.org/entity/Q122581011,Relatives,http://www.wikidata.org/entity/Q550614,Джордж Алек Эффинджер,научная фантастика,1973-01-01T00:00:00Z,
http://www.wikidata.org/entity/Q131461720,Love Is a Dragonfly,http://www.wikidata.org/entity/Q346490,Thomas Burnett Swann,научная фантастика,1972-03-01T00:00:00Z,
http://www.wikidata.org/entity/Q130619553,End Game,http://www.wikidata.org/entity/Q347461,Джо Холдеман,научная фантастика,1975-01-01T00:00:00Z,
http://www.wikidata.org/entity/Q130617677,"Кто там, в толще скал?",http://www.wikidata.org/entity/Q294625,Клиффорд Дональд Саймак,научная фантастика,1970-03-01T00:00:00Z,
http://www.wikidata.org/entity/Q131445288,Anvil of the Heart,http://www.wikidata.org/entity/Q66443239,Bruce T. Holmes,научная фантастика,1983-01-01T00:00:00Z,
http://www.wikidata.org/entity/Q131445336,Down Town,http://www.wikidata.org/entity/Q7684758,Tappan Wright King,научная фантастика,1985-05-01T00:00:00Z,
http://www.wikidata.org/entity/Q131471923,Murder on Lupozny Station,http://www.wikidata.org/entity/Q5549653,Gerald W. Page,научная фантастика,1981-04-01T00:00:00Z,
http://www.wikidata.org/entity/Q122452512,The Ship That Sailed the Time Stream,http://www.wikidata.org/entity/Q1006918,G. C. Edmondson,научная фантастика,1965-01-01T00:00:00Z,
http://www.wikidata.org/entity/Q131461484,"On the Street of the Serpents or, The Assassination of Chairman Mao, As Effected by the Author in Seville, Spain, in the Spring of 1992, a Year of No Certain Historicity",http://www.wikidata.org/entity/Q953288,Майкл Бишоп,научная фантастика,1974-05-01T00:00:00Z,
http://www.wikidata.org/entity/Q122424910,Угасающее солнце: Кесрит,http://www.wikidata.org/entity/Q234030,Кэролайн Черри,научная фантастика,1978-03-01T00:00:00Z,
http://www.wikidata.org/entity/Q131461440,The Desert of Stolen Dreams,http://www.wikidata.org/entity/Q314553,Роберт Силверберг,научная фантастика,1981-05-01T00:00:00Z,
http://www.wikidata.org/entity/Q131445312,Daystar and Shadow,http://www.wikidata.org/entity/Q687931,James B. Johnson,научная фантастика,1981-03-01T00:00:00Z,
http://www.wikidata.org/entity/Q131461650,The Curse of the Smalls and the Stars,http://www.wikidata.org/entity/Q313185,Фриц Лейбер,научная фантастика,1983-03-01T00:00:00Z,
http://www.wikidata.org/entity/Q131461660,Father,http://www.wikidata.org/entity/Q453835,Pamela Sargent,научная фантастика,1974-02-01T00:00:00Z,
http://www.wikidata.org/entity/Q131461724,Thesme and the Ghayrog,http://www.wikidata.org/entity/Q314553,Роберт Силверберг,научная фантастика,1982-02-01T00:00:00Z,
http://www.wikidata.org/entity/Q131445138,Palimpsests,http://www.wikidata.org/entity/Q62625134,Glenn Harcourt,научная фантастика,1984-09-01T00:00:00Z,
http://www.wikidata.org/entity/Q131445321,The Space Eater,http://www.wikidata.org/entity/Q720787,Дэвид Лэнгфорд,научная фантастика,1982-06-01T00:00:00Z,
http://www.wikidata.org/entity/Q131445347,An Image of Voices,http://www.wikidata.org/entity/Q7970412,Warren Norwood,научная фантастика,1982-05-01T00:00:00Z,
http://www.wikidata.org/entity/Q131461478,There Beneath the Silky-Trees and Whelmed in Deeper Gulphs Than Me,http://www.wikidata.org/entity/Q782991,Эйв Дэвидсон,научная фантастика,1980-01-01T00:00:00Z,
http://www.wikidata.org/entity/Q122536944,"""A Story"" by John V. Marsch",http://www.wikidata.org/entity/Q361149,Джин Вулф,научная фантастика,1972-01-01T00:00:00Z,
http://www.wikidata.org/entity/Q131471724,Solstice,http://www.wikidata.org/entity/Q373836,Джеймс Патрик Келли,научная фантастика,1985-06-01T00:00:00Z,
http://www.wikidata.org/entity/Q131445123,King's Blood Four,http://www.wikidata.org/entity/Q450737,Шери Теппер,научная фантастика,1983-04-01T00:00:00Z,
http://www.wikidata.org/entity/Q131445118,Lady of Light,http://www.wikidata.org/entity/Q442474,Diana L. Paxson,научная фантастика,1982-12-01T00:00:00Z,
http://www.wikidata.org/entity/Q131461731,The Greenhouse Defect,http://www.wikidata.org/entity/Q325664,Andrew J. Offutt,научная фантастика,1976-10-01T00:00:00Z,
http://www.wikidata.org/entity/Q131445078,Scavengers,http://www.wikidata.org/entity/Q2891712,Дэвид Дж. Скал,научная фантастика,1980-04-01T00:00:00Z,
http://www.wikidata.org/entity/Q130619498,We Are Very happy Here,http://www.wikidata.org/entity/Q347461,Джо Холдеман,научная фантастика,1973-11-01T00:00:00Z,
http://www.wikidata.org/entity/Q122452500,Чума демонов,http://www.wikidata.org/entity/Q724395,Кит Лаумер,научная фантастика,1965-01-01T00:00:00Z,
http://www.wikidata.org/entity/Q130629247,The White Otters of Childhood,http://www.wikidata.org/entity/Q953288,Майкл Бишоп,научная фантастика,1973-07-01T00:00:00Z,
http://www.wikidata.org/entity/Q122452514,The Steel Crocodile,http://www.wikidata.org/entity/Q1174491,David G. Compton,научная фантастика,1970-01-01T00:00:00Z,
http://www.wikidata.org/entity/Q131461719,334,http://www.wikidata.org/entity/Q708581,Томас М. Диш,научная фантастика,1972-06-01T00:00:00Z,
http://www.wikidata.org/entity/Q131461672,Talion,http://www.wikidata.org/entity/Q378807,Джон Браннер,научная фантастика,1985-04-01T00:00:00Z,
http://www.wikidata.org/entity/Q131471821,Belling Martha,http://www.wikidata.org/entity/Q1815038,Ли Кеннеди,научная фантастика,1983-05-01T00:00:00Z,
http://www.wikidata.org/entity/Q130619246,A Special Kind of Morning,http://www.wikidata.org/entity/Q720562,Гарднер Дозуа,научная фантастика,1971-01-01T00:00:00Z,
http://www.wikidata.org/entity/Q131461810,'Kjwalll'kje'k'koothaïlll'kje'k,http://www.wikidata.org/entity/Q295406,Роджер Желязны,научная фантастика,1973-06-01T00:00:00Z,
http://www.wikidata.org/entity/Q131461474,A Traveler's Tale,http://www.wikidata.org/entity/Q256959,Люциус Шепард,научная фантастика,1984-07-01T00:00:00Z,
http://www.wikidata.org/entity/Q130619627,Наёмник,http://www.wikidata.org/entity/Q578031,Джерри Пурнель,научная фантастика,1977-02-01T00:00:00Z,
http://www.wikidata.org/entity/Q131461472,With the Bentfin Boomer Boys on Little Old New Alabama,http://www.wikidata.org/entity/Q3430446,Ричард А Лупофф,научная фантастика,1972-03-17T00:00:00Z,
http://www.wikidata.org/entity/Q130619649,Peace with Honor,http://www.wikidata.org/entity/Q578031,Джерри Пурнель,научная фантастика,1971-05-01T00:00:00Z,
http://www.wikidata.org/entity/Q130638608,Riding the Torch,http://www.wikidata.org/entity/Q455951,Норман Спинрад,научная фантастика,1974-08-01T00:00:00Z,
http://www.wikidata.org/entity/Q130619320,Dread Empire,http://www.wikidata.org/entity/Q378807,Джон Браннер,научная фантастика,1971-01-01T00:00:00Z,
http://www.wikidata.org/entity/Q131461470,Young Doctor Eszterhazy,http://www.wikidata.org/entity/Q782991,Эйв Дэвидсон,научная фантастика,1984-11-01T00:00:00Z,
http://www.wikidata.org/entity/Q131445317,The Secret Country,http://www.wikidata.org/entity/Q7129138,Pamela Dean,научная фантастика,1985-05-01T00:00:00Z,
http://www.wikidata.org/entity/Q130617368,Парень и его пёс,http://www.wikidata.org/entity/Q311253,Харлан Эллисон,научная фантастика,1969-04-01T00:00:00Z,
http://www.wikidata.org/entity/Q122580968,Зверёныш,http://www.wikidata.org/entity/Q272076,Дин Кунц,научная фантастика,1970-01-01T00:00:00Z,
http://www.wikidata.org/entity/Q131461480,The Story Writer,http://www.wikidata.org/entity/Q3071789,Ричард Уилсон,научная фантастика,1979-04-01T00:00:00Z,
http://www.wikidata.org/entity/Q131471717,Remembering Siri,http://www.wikidata.org/entity/Q297538,Дэн Симмонс,научная фантастика,1983-12-01T00:00:00Z,
http://www.wikidata.org/entity/Q131445264,Pandora's Genes,http://www.wikidata.org/entity/Q6377079,Kathryn Lance,научная фантастика,1985-04-01T00:00:00Z,
http://www.wikidata.org/entity/Q122580999,Вечный лес,http://www.wikidata.org/entity/Q346490,Thomas Burnett Swann,научная фантастика,1971-01-01T00:00:00Z,
http://www.wikidata.org/entity/Q130616991,Perris Way,http://www.wikidata.org/entity/Q314553,Роберт Силверберг,научная фантастика,1968-11-01T00:00:00Z,
http://www.wikidata.org/entity/Q131461665,Mother and Child,http://www.wikidata.org/entity/Q268371,Джоан Виндж,научная фантастика,1975-01-01T00:00:00Z,
http://www.wikidata.org/entity/Q122452521,Missing Man,http://www.wikidata.org/entity/Q1443787,Кэтрин Маклин,научная фантастика,1975-05-01T00:00:00Z,
http://www.wikidata.org/entity/Q130619511,You Can Never Go Back,http://www.wikidata.org/entity/Q347461,Джо Холдеман,научная фантастика,1975-11-01T00:00:00Z,
http://www.wikidata.org/entity/Q130619539,This Best of All Possible Worlds,http://www.wikidata.org/entity/Q347461,Джо Холдеман,научная фантастика,1974-11-01T00:00:00Z,
http://www.wikidata.org/entity/Q131445333,Slow Fall to Dawn,http://www.wikidata.org/entity/Q7609779,Stephen Leigh,научная фантастика,1981-10-01T00:00:00Z,
http://www.wikidata.org/entity/Q131445259,Valentina: Soul in Sapphire,http://www.wikidata.org/entity/Q6755896,Marc Stiegler,научная фантастика,1984-10-01T00:00:00Z,
http://www.wikidata.org/entity/Q122580996,Chronocules,http://www.wikidata.org/entity/Q1174491,David G. Compton,научная фантастика,1970-01-01T00:00:00Z,
http://www.wikidata.org/entity/Q122452524,Cirque,http://www.wikidata.org/entity/Q1292432,Терри Карр,научная фантастика,1977-04-01T00:00:00Z,
http://www.wikidata.org/entity/Q131445289,Demon-4,http://www.wikidata.org/entity/Q66474019,David Mace,научная фантастика,1984-06-01T00:00:00Z,
http://www.wikidata.org/entity/Q131471921,H-Tec,http://www.wikidata.org/entity/Q4496029,Чарлз Леонард Харнесс,научная фантастика,1981-05-25T00:00:00Z,
http://www.wikidata.org/entity/Q122581009,Herovit's World,http://www.wikidata.org/entity/Q113554,Barry N. Malzberg,научная фантастика,1973-06-01T00:00:00Z,
http://www.wikidata.org/entity/Q131445124,In the Drift,http://www.wikidata.org/entity/Q455510,Майкл Суэнвик,научная фантастика,1985-02-01T00:00:00Z,
http://www.wikidata.org/entity/Q131461723,Дом на берегу,http://www.wikidata.org/entity/Q294625,Клиффорд Дональд Саймак,научная фантастика,1977-10-01T00:00:00Z,
http://www.wikidata.org/entity/Q131445329,Infinity's Web,http://www.wikidata.org/entity/Q7493045,Sheila Finch,научная фантастика,1985-09-01T00:00:00Z,
http://www.wikidata.org/entity/Q131471922,The Giftie Gie Us,http://www.wikidata.org/entity/Q434029,Тимоти Зан,научная фантастика,1981-07-20T00:00:00Z,
http://www.wikidata.org/entity/Q131445173,One on Me,http://www.wikidata.org/entity/Q55594586,Tim Huntley,научная фантастика,1980-01-01T00:00:00Z,
http://www.wikidata.org/entity/Q122581001,Beyond the Resurrection,http://www.wikidata.org/entity/Q3110895,Gordon Eklund,научная фантастика,1973-01-01T00:00:00Z,
http://www.wikidata.org/entity/Q131461668,The Treasure of Odirex,http://www.wikidata.org/entity/Q943997,Чарльз Шеффилд,научная фантастика,1978-07-01T00:00:00Z,
http://www.wikidata.org/entity/Q131445245,Walk the Moons Road,http://www.wikidata.org/entity/Q6193337,Jim Aikin,научная фантастика,1985-06-01T00:00:00Z,
http://www.wikidata.org/entity/Q131472057,Woman Waiting,http://www.wikidata.org/entity/Q440744,Лиза Таттл,научная фантастика,1976-01-01T00:00:00Z,
http://www.wikidata.org/entity/Q131516698,Corridors,http://www.wikidata.org/entity/Q113554,Barry N. Malzberg,научная фантастика,1982-02-01T00:00:00Z,
http://www.wikidata.org/entity/Q131740592,Star Trek 11,http://www.wikidata.org/entity/Q248867,Джеймс Блиш,научная фантастика,1975-04-01T00:00:00Z,
http://www.wikidata.org/entity/Q130655209,The Watched,http://www.wikidata.org/entity/Q707796,Кристофер Прист,научная фантастика,1978-04-01T00:00:00Z,
http://www.wikidata.org/entity/Q131472011,Mercurial,http://www.wikidata.org/entity/Q130779,Ким Стенли Робинсон,научная фантастика,1985-08-01T00:00:00Z,
http://www.wikidata.org/entity/Q131518596,A Rain of Pebbles,http://www.wikidata.org/entity/Q7609779,Stephen Leigh,научная фантастика,1977-04-01T00:00:00Z,
http://www.wikidata.org/entity/Q130706789,Hurricane Claude,http://www.wikidata.org/entity/Q3785610,Hilbert Schenck,научная фантастика,1983-04-01T00:00:00Z,
http://www.wikidata.org/entity/Q131518704,The Comedian,http://www.wikidata.org/entity/Q16122829,Тим Салливан,научная фантастика,1982-06-01T00:00:00Z,
http://www.wikidata.org/entity/Q131518452,Tourist Trade,http://www.wikidata.org/entity/Q314553,Роберт Силверберг,научная фантастика,1984-12-01T00:00:00Z,
http://www.wikidata.org/entity/Q131471883,A Spanish Lesson,http://www.wikidata.org/entity/Q256959,Люциус Шепард,научная фантастика,1985-12-01T00:00:00Z,
http://www.wikidata.org/entity/Q131472003,Walden Three,http://www.wikidata.org/entity/Q455510,Майкл Суэнвик,научная фантастика,1981-06-01T00:00:00Z,
http://www.wikidata.org/entity/Q131471814,Unferno,http://www.wikidata.org/entity/Q550614,Джордж Алек Эффинджер,научная фантастика,1985-07-01T00:00:00Z,
http://www.wikidata.org/entity/Q131471811,The End of Life As We Know It,http://www.wikidata.org/entity/Q256959,Люциус Шепард,научная фантастика,1985-01-01T00:00:00Z,
http://www.wikidata.org/entity/Q131471845,Шанидар,http://www.wikidata.org/entity/Q1177322,Дэвид Зинделл,научная фантастика,1985-03-01T00:00:00Z,
http://www.wikidata.org/entity/Q130677609,All the Lies That Are My Life,http://www.wikidata.org/entity/Q311253,Харлан Эллисон,научная фантастика,1980-10-01T00:00:00Z,
http://www.wikidata.org/entity/Q131471802,Of Space-Time and the River,http://www.wikidata.org/entity/Q358312,Грегори Бенфорд,научная фантастика,1985-01-01T00:00:00Z,
http://www.wikidata.org/entity/Q131516749,Appearance of Life,http://www.wikidata.org/entity/Q238702,Брайан Олдис,научная фантастика,1976-05-01T00:00:00Z,
http://www.wikidata.org/entity/Q131472006,Waiting for the Earthquake,http://www.wikidata.org/entity/Q314553,Роберт Силверберг,научная фантастика,1981-03-01T00:00:00Z,
http://www.wikidata.org/entity/Q131516602,"""You're Welcome,"" Said the Robot and Turned to Watch the Snowflakes",http://www.wikidata.org/entity/Q16864015,Alan Ryan,научная фантастика,1979-08-01T00:00:00Z,
http://www.wikidata.org/entity/Q131516479,The Last Dragon Master,http://www.wikidata.org/entity/Q278510,A. A. Attanasio,научная фантастика,1985-01-01T00:00:00Z,
http://www.wikidata.org/entity/Q131461489,Marrow Death,http://www.wikidata.org/entity/Q455510,Майкл Суэнвик,научная фантастика,1984-12-15T00:00:00Z,
http://www.wikidata.org/entity/Q131471884,Side Effects,http://www.wikidata.org/entity/Q714485,Walter Jon Williams,научная фантастика,1985-06-01T00:00:00Z,
http://www.wikidata.org/entity/Q131471816,Storming the Cosmos,http://www.wikidata.org/entity/Q312995,Брюс Стерлинг,научная фантастика,1985-12-15T00:00:00Z,
http://www.wikidata.org/entity/Q131517143,The Gods of Mars,http://www.wikidata.org/entity/Q455510,Майкл Суэнвик,научная фантастика,1985-03-01T00:00:00Z,
http://www.wikidata.org/entity/Q131518420,In Entropy's Jaws,http://www.wikidata.org/entity/Q314553,Роберт Силверберг,научная фантастика,1971-01-01T00:00:00Z,
http://www.wikidata.org/entity/Q131518636,Written in Water,http://www.wikidata.org/entity/Q261962,Танит Ли,научная фантастика,1982-10-01T00:00:00Z,
http://www.wikidata.org/entity/Q131516865,The Softest Hammer,http://www.wikidata.org/entity/Q943997,Чарльз Шеффилд,научная фантастика,1981-02-01T00:00:00Z,
http://www.wikidata.org/entity/Q131471818,Twilight Time,http://www.wikidata.org/entity/Q1095977,Lewis Shiner,научная фантастика,1984-04-01T00:00:00Z,
http://www.wikidata.org/entity/Q131516960,Река времени,http://www.wikidata.org/entity/Q315069,Дэвид Брин,научная фантастика,1982-05-01T00:00:00Z,
http://www.wikidata.org/entity/Q131516696,Blair House,http://www.wikidata.org/entity/Q113554,Barry N. Malzberg,научная фантастика,1982-06-01T00:00:00Z,
http://www.wikidata.org/entity/Q131518421,In the House of Double Minds,http://www.wikidata.org/entity/Q314553,Роберт Силверберг,научная фантастика,1974-06-01T00:00:00Z,
http://www.wikidata.org/entity/Q131518455,Wheels,http://www.wikidata.org/entity/Q2158989,Роберт Тьюрстон,научная фантастика,1971-06-01T00:00:00Z,
http://www.wikidata.org/entity/Q131516775,Глубинные сады,http://www.wikidata.org/entity/Q312995,Брюс Стерлинг,научная фантастика,1984-06-01T00:00:00Z,
http://www.wikidata.org/entity/Q130677708,Emergence,http://www.wikidata.org/entity/Q5238842,Дэвид Р. Палмер,научная фантастика,1981-01-05T00:00:00Z,
http://www.wikidata.org/entity/Q131472009,Scorched Supper on New Niger,http://www.wikidata.org/entity/Q441603,Сюзи Макки Чарнас,научная фантастика,1980-04-01T00:00:00Z,
http://www.wikidata.org/entity/Q130676878,The Battle of the Abaco Reefs,http://www.wikidata.org/entity/Q3785610,Hilbert Schenck,научная фантастика,1979-06-01T00:00:00Z,
http://www.wikidata.org/entity/Q131471824,A Thief in Ni-moya,http://www.wikidata.org/entity/Q314553,Роберт Силверберг,научная фантастика,1981-12-21T00:00:00Z,
http://www.wikidata.org/entity/Q131516680,Man's Reach,http://www.wikidata.org/entity/Q246303,Энтони Бучер,научная фантастика,1972-11-01T00:00:00Z,
http://www.wikidata.org/entity/Q131516923,A Sunday Visit with Great-Grandfather,http://www.wikidata.org/entity/Q473289,Craig Strete,научная фантастика,1977-10-01T00:00:00Z,
http://www.wikidata.org/entity/Q131516933,La Ronde,http://www.wikidata.org/entity/Q534599,Деймон Найт,научная фантастика,1983-10-01T00:00:00Z,
http://www.wikidata.org/entity/Q131516692,Dr. Bhumbo Singh,http://www.wikidata.org/entity/Q782991,Эйв Дэвидсон,научная фантастика,1982-10-01T00:00:00Z,
http://www.wikidata.org/entity/Q131517143,The Gods of Mars,http://www.wikidata.org/entity/Q720562,Гарднер Дозуа,научная фантастика,1985-03-01T00:00:00Z,
http://www.wikidata.org/entity/Q131518691,Camera Obscura,http://www.wikidata.org/entity/Q2904845,Thomas F. Monteleone,научная фантастика,1977-07-01T00:00:00Z,
http://www.wikidata.org/entity/Q131516931,Forever,http://www.wikidata.org/entity/Q534599,Деймон Найт,научная фантастика,1981-11-01T00:00:00Z,
http://www.wikidata.org/entity/Q130706756,To Leave a Mark,http://www.wikidata.org/entity/Q130779,Ким Стенли Робинсон,научная фантастика,1982-11-01T00:00:00Z,
http://www.wikidata.org/entity/Q130677747,"With Thimbles, with Forks, and Hope",http://www.wikidata.org/entity/Q260560,Кейт Вильгельм,научная фантастика,1981-11-23T00:00:00Z,
http://www.wikidata.org/entity/Q131516772,Spook,http://www.wikidata.org/entity/Q312995,Брюс Стерлинг,научная фантастика,1983-04-01T00:00:00Z,
http://www.wikidata.org/entity/Q131472037,"Helen, Whose Face Launched Twenty-Eight Conestoga Hovercraft",http://www.wikidata.org/entity/Q1815038,Ли Кеннеди,научная фантастика,1982-06-01T00:00:00Z,
http://www.wikidata.org/entity/Q131516584,The Human Operators,http://www.wikidata.org/entity/Q311253,Харлан Эллисон,научная фантастика,1971-01-01T00:00:00Z,
http://www.wikidata.org/entity/Q131461500,Duke Pasquale's Ring,http://www.wikidata.org/entity/Q782991,Эйв Дэвидсон,научная фантастика,1985-05-01T00:00:00Z,
http://www.wikidata.org/entity/Q131516716,Out of Time,http://www.wikidata.org/entity/Q436664,Бен Бова,научная фантастика,1984-11-01T00:00:00Z,
http://www.wikidata.org/entity/Q131471816,Storming the Cosmos,http://www.wikidata.org/entity/Q92849,Руди Рюкер,научная фантастика,1985-12-15T00:00:00Z,
http://www.wikidata.org/entity/Q131472008,The Ancient Mind at Work,http://www.wikidata.org/entity/Q441603,Сюзи Макки Чарнас,научная фантастика,1979-02-01T00:00:00Z,
http://www.wikidata.org/entity/Q131518418,Gianni,http://www.wikidata.org/entity/Q314553,Роберт Силверберг,научная фантастика,1982-02-01T00:00:00Z,
http://www.wikidata.org/entity/Q131461495,Green Days in Brunei,http://www.wikidata.org/entity/Q312995,Брюс Стерлинг,научная фантастика,1985-10-01T00:00:00Z,
http://www.wikidata.org/entity/Q131740198,Arena,http://www.wikidata.org/entity/Q248867,Джеймс Блиш,научная фантастика,1968-02-01T00:00:00Z,
http://www.wikidata.org/entity/Q130677048,Songhouse,http://www.wikidata.org/entity/Q217110,Орсон Скотт Кард,научная фантастика,1979-09-01T00:00:00Z,
http://www.wikidata.org/entity/Q131746316,Enterprise 10,http://www.wikidata.org/entity/Q248867,Джеймс Блиш,научная фантастика,1972-01-01T00:00:00Z,
http://www.wikidata.org/entity/Q130706778,Seeking,http://www.wikidata.org/entity/Q5238842,Дэвид Р. Палмер,научная фантастика,1983-02-01T00:00:00Z,
http://www.wikidata.org/entity/Q131471827,Variation on a Theme from Beethoven,http://www.wikidata.org/entity/Q2277294,Sharon Webb,научная фантастика,1980-02-01T00:00:00Z,
http://www.wikidata.org/entity/Q131518424,Ms. Found in an Abandoned Time Machine,http://www.wikidata.org/entity/Q314553,Роберт Силверберг,научная фантастика,1973-09-01T00:00:00Z,
http://www.wikidata.org/entity/Q131461490,Фото битвы при Марафоне,http://www.wikidata.org/entity/Q294625,Клиффорд Дональд Саймак,научная фантастика,1974-01-01T00:00:00Z,
http://www.wikidata.org/entity/Q131471846,Shadows on the Cave Wall,http://www.wikidata.org/entity/Q238438,Нэнси Кресс,научная фантастика,1981-06-01T00:00:00Z,
http://www.wikidata.org/entity/Q131516731,Meet Me at Apogee,http://www.wikidata.org/entity/Q720797,Билл Джонсон,научная фантастика,1982-05-01T00:00:00Z,
http://www.wikidata.org/entity/Q131472005,A Thousand Paces Along the Via Dolorosa,http://www.wikidata.org/entity/Q314553,Роберт Силверберг,научная фантастика,1981-07-01T00:00:00Z,
http://www.wikidata.org/entity/Q131461498,The Eyeflash Miracles,http://www.wikidata.org/entity/Q361149,Джин Вулф,научная фантастика,1976-01-01T00:00:00Z,
http://www.wikidata.org/entity/Q131471854,Kitemistress,http://www.wikidata.org/entity/Q1379856,Кит Робертс,научная фантастика,1985-03-01T00:00:00Z,
http://www.wikidata.org/entity/Q131471834,Relativistic Effects,http://www.wikidata.org/entity/Q358312,Грегори Бенфорд,научная фантастика,1982-10-01T00:00:00Z,
http://www.wikidata.org/entity/Q131518729,"The Mountains of Sunset, the Mountains of Dawn",http://www.wikidata.org/entity/Q242162,Вонда Макинтайр,научная фантастика,1974-02-01T00:00:00Z,
http://www.wikidata.org/entity/Q133541348,Mister Justice,http://www.wikidata.org/entity/Q5297974,Doris Piserchia,научная фантастика,1973-01-01T00:00:00Z,
http://www.wikidata.org/entity/Q130706881,Summer Solstice,http://www.wikidata.org/entity/Q4496029,Чарлз Леонард Харнесс,научная фантастика,1984-06-01T00:00:00Z,
http://www.wikidata.org/entity/Q131516601,All the Charms of Sycorax,http://www.wikidata.org/entity/Q3136498,Алан Бреннерт,научная фантастика,1975-07-01T00:00:00Z,
http://www.wikidata.org/entity/Q131461491,Junction,http://www.wikidata.org/entity/Q6112002,Jack Dann,научная фантастика,1973-11-01T00:00:00Z,
http://www.wikidata.org/entity/Q131461501,The Doctor of Death Island,http://www.wikidata.org/entity/Q361149,Джин Вулф,научная фантастика,1978-05-01T00:00:00Z,
http://www.wikidata.org/entity/Q130706637,The Postman,http://www.wikidata.org/entity/Q315069,Дэвид Брин,научная фантастика,1982-11-01T00:00:00Z,
http://www.wikidata.org/entity/Q130655775,Fireship,http://www.wikidata.org/entity/Q268371,Джоан Виндж,научная фантастика,1978-12-01T00:00:00Z,
http://www.wikidata.org/entity/Q131745829,Star Trek 12,http://www.wikidata.org/entity/Q28020353,J. A. Lawrence,научная фантастика,1977-11-01T00:00:00Z,
http://www.wikidata.org/entity/Q131518540,Pinocchio,http://www.wikidata.org/entity/Q720779,Стэнли Шмидт,научная фантастика,1977-09-01T00:00:00Z,
http://www.wikidata.org/entity/Q130654610,Enemies of the System,http://www.wikidata.org/entity/Q238702,Брайан Олдис,научная фантастика,1978-05-01T00:00:00Z,
http://www.wikidata.org/entity/Q131472020,The Mind of Medea,http://www.wikidata.org/entity/Q260560,Кейт Вильгельм,научная фантастика,1983-01-01T00:00:00Z,
http://www.wikidata.org/entity/Q130706976,Valentina,http://www.wikidata.org/entity/Q6755896,Marc Stiegler,научная фантастика,1984-05-01T00:00:00Z,
http://www.wikidata.org/entity/Q131516755,The Gods in Flight,http://www.wikidata.org/entity/Q238702,Брайан Олдис,научная фантастика,1984-09-01T00:00:00Z,
http://www.wikidata.org/entity/Q131472086,The Apotheosis of Myra,http://www.wikidata.org/entity/Q740928,Уолтер Тевис,научная фантастика,1980-07-01T00:00:00Z,
http://www.wikidata.org/entity/Q131518458,Мёртвое и живое,http://www.wikidata.org/entity/Q295406,Роджер Желязны,научная фантастика,1974-07-01T00:00:00Z,
http://www.wikidata.org/entity/Q131516584,The Human Operators,http://www.wikidata.org/entity/Q315059,Альфред ван Вогт,научная фантастика,1971-01-01T00:00:00Z,
http://www.wikidata.org/entity/Q131516787,Mute Inglorious Tam,http://www.wikidata.org/entity/Q312641,Фредерик Пол,научная фантастика,1974-10-01T00:00:00Z,
http://www.wikidata.org/entity/Q130706737,Brainchild,http://www.wikidata.org/entity/Q6283663,Joseph H. Delaney,научная фантастика,1982-06-01T00:00:00Z,
http://www.wikidata.org/entity/Q131740697,Star Trek 7,http://www.wikidata.org/entity/Q248867,Джеймс Блиш,научная фантастика,1972-07-01T00:00:00Z,
http://www.wikidata.org/entity/Q131461488,Moon of Ice,http://www.wikidata.org/entity/Q4954089,Брэд Линуивер,научная фантастика,1982-03-01T00:00:00Z,
http://www.wikidata.org/entity/Q131518670,The Answer,http://www.wikidata.org/entity/Q1292432,Терри Карр,научная фантастика,1973-11-01T00:00:00Z,
http://www.wikidata.org/entity/Q131516858,What in Solemn Silence,http://www.wikidata.org/entity/Q3666432,Charles L. Grant,научная фантастика,1982-03-15T00:00:00Z,
http://www.wikidata.org/entity/Q131471851,Black Coral,http://www.wikidata.org/entity/Q256959,Люциус Шепард,научная фантастика,1984-01-01T00:00:00Z,
http://www.wikidata.org/entity/Q130706939,Cyclops,http://www.wikidata.org/entity/Q315069,Дэвид Брин,научная фантастика,1984-03-01T00:00:00Z,
http://www.wikidata.org/entity/Q130706976,Valentina,http://www.wikidata.org/entity/Q6283663,Joseph H. Delaney,научная фантастика,1984-05-01T00:00:00Z,
http://www.wikidata.org/entity/Q131472010,Foreign Skins,http://www.wikidata.org/entity/Q261962,Танит Ли,научная фантастика,1984-03-01T00:00:00Z,
http://www.wikidata.org/entity/Q131472033,Saving Face,http://www.wikidata.org/entity/Q953288,Майкл Бишоп,научная фантастика,1980-09-01T00:00:00Z,
http://www.wikidata.org/entity/Q131518732,The Great Wall,http://www.wikidata.org/entity/Q7976774,Wayne Wightman,научная фантастика,1985-09-01T00:00:00Z,
http://www.wikidata.org/entity/Q131740562,Star Trek 8,http://www.wikidata.org/entity/Q248867,Джеймс Блиш,научная фантастика,1972-11-01T00:00:00Z,
http://www.wikidata.org/entity/Q131518625,Bright Burning Tiger,http://www.wikidata.org/entity/Q261962,Танит Ли,научная фантастика,1984-01-01T00:00:00Z,
http://www.wikidata.org/entity/Q131740541,Charlie's Law,http://www.wikidata.org/entity/Q248867,Джеймс Блиш,научная фантастика,1967-01-01T00:00:00Z,
http://www.wikidata.org/entity/Q131517143,The Gods of Mars,http://www.wikidata.org/entity/Q6112002,Jack Dann,научная фантастика,1985-03-01T00:00:00Z,
http://www.wikidata.org/entity/Q131471822,Street Meat,http://www.wikidata.org/entity/Q455951,Норман Спинрад,научная фантастика,1983-12-15T00:00:00Z,
http://www.wikidata.org/entity/Q131518432,The Affair,http://www.wikidata.org/entity/Q314553,Роберт Силверберг,научная фантастика,1984-06-01T00:00:00Z,
http://www.wikidata.org/entity/Q130706827,In the Face of My Enemy,http://www.wikidata.org/entity/Q6283663,Joseph H. Delaney,научная фантастика,1983-04-01T00:00:00Z,
http://www.wikidata.org/entity/Q131516787,Mute Inglorious Tam,http://www.wikidata.org/entity/Q376859,Сирил Корнблат,научная фантастика,1974-10-01T00:00:00Z,
http://www.wikidata.org/entity/Q131471953,Getting Home,http://www.wikidata.org/entity/Q5423959,F. M. Busby,научная фантастика,1974-04-01T00:00:00Z,
http://www.wikidata.org/entity/Q131471853,Some Events at the Templar Radiant,http://www.wikidata.org/entity/Q497454,Фред Саберхаген,научная фантастика,1979-08-01T00:00:00Z,
http://www.wikidata.org/entity/Q131518445,The Regulars,http://www.wikidata.org/entity/Q314553,Роберт Силверберг,научная фантастика,1981-05-11T00:00:00Z,
http://www.wikidata.org/entity/Q131518697,The Asian Shore,http://www.wikidata.org/entity/Q708581,Томас М. Диш,научная фантастика,1970-01-01T00:00:00Z,
http://www.wikidata.org/entity/Q130646600,Aztecs,http://www.wikidata.org/entity/Q242162,Вонда Макинтайр,научная фантастика,1977-04-01T00:00:00Z,
http://www.wikidata.org/entity/Q131516902,Эпилог,http://www.wikidata.org/entity/Q294625,Клиффорд Дональд Саймак,научная фантастика,1973-11-01T00:00:00Z,
http://www.wikidata.org/entity/Q131518428,Sunrise on Pluto,http://www.wikidata.org/entity/Q314553,Роберт Силверберг,научная фантастика,1985-12-01T00:00:00Z,
http://www.wikidata.org/entity/Q131518731,Rent Control,http://www.wikidata.org/entity/Q740928,Уолтер Тевис,научная фантастика,1979-10-01T00:00:00Z,
http://www.wikidata.org/entity/Q131516818,Altamira,http://www.wikidata.org/entity/Q5047212,Carter Scholz,научная фантастика,1981-12-01T00:00:00Z,
http://www.wikidata.org/entity/Q131472038,"Cambridge, 1:58 A.M.",http://www.wikidata.org/entity/Q358312,Грегори Бенфорд,научная фантастика,1975-11-01T00:00:00Z,
http://www.wikidata.org/entity/Q131518673,Virra,http://www.wikidata.org/entity/Q1292432,Терри Карр,научная фантастика,1978-10-01T00:00:00Z,
http://www.wikidata.org/entity/Q131471819,The Kindly Isle,http://www.wikidata.org/entity/Q312641,Фредерик Пол,научная фантастика,1984-11-01T00:00:00Z,
http://www.wikidata.org/entity/Q131471820,Promises to Keep,http://www.wikidata.org/entity/Q715241,Джек Макдевит,научная фантастика,1984-12-01T00:00:00Z,
http://www.wikidata.org/entity/Q131740886,Star Trek 3,http://www.wikidata.org/entity/Q248867,Джеймс Блиш,научная фантастика,1969-04-01T00:00:00Z,
http://www.wikidata.org/entity/Q131461503,Amnesia,http://www.wikidata.org/entity/Q6112002,Jack Dann,научная фантастика,1981-01-01T00:00:00Z,
http://www.wikidata.org/entity/Q131518698,The Grown-Up,http://www.wikidata.org/entity/Q708581,Томас М. Диш,научная фантастика,1981-01-01T00:00:00Z,
http://www.wikidata.org/entity/Q131471882,Vestibular Man,http://www.wikidata.org/entity/Q5442151,Felix C. Gotschalk,научная фантастика,1985-03-01T00:00:00Z,
http://www.wikidata.org/entity/Q131471823,These Stones Will Remember,http://www.wikidata.org/entity/Q386035,Реджиналд Бретнор,научная фантастика,1981-02-16T00:00:00Z,
http://www.wikidata.org/entity/Q131472046,The Things That Are Gods,http://www.wikidata.org/entity/Q378807,Джон Браннер,научная фантастика,1979-10-01T00:00:00Z,
http://www.wikidata.org/entity/Q131471815,The Things That Happen,http://www.wikidata.org/entity/Q312641,Фредерик Пол,научная фантастика,1985-10-01T00:00:00Z,
http://www.wikidata.org/entity/Q131745829,Star Trek 12,http://www.wikidata.org/entity/Q248867,Джеймс Блиш,научная фантастика,1977-11-01T00:00:00Z,
http://www.wikidata.org/entity/Q131518439,The Palace at Midnight,http://www.wikidata.org/entity/Q314553,Роберт Силверберг,научная фантастика,1981-07-01T00:00:00Z,
http://www.wikidata.org/entity/Q131518449,The Throwbacks,http://www.wikidata.org/entity/Q314553,Роберт Силверберг,научная фантастика,1970-07-01T00:00:00Z,
http://www.wikidata.org/entity/Q131516940,The River Styx Runs Upstream,http://www.wikidata.org/entity/Q297538,Дэн Симмонс,научная фантастика,1982-04-01T00:00:00Z,
http://www.wikidata.org/entity/Q131471832,Three Days,http://www.wikidata.org/entity/Q261962,Танит Ли,научная фантастика,1984-10-01T00:00:00Z,
http://www.wikidata.org/entity/Q131516881,$CALL LINK4(CATHY),http://www.wikidata.org/entity/Q5091952,Чери Уилкерсон,научная фантастика,1983-04-01T00:00:00Z,
http://www.wikidata.org/entity/Q131517318,God's Hooks!,http://www.wikidata.org/entity/Q787382,Howard Waldrop,научная фантастика,1982-06-01T00:00:00Z,
http://www.wikidata.org/entity/Q131472138,Custer's Last Jump,http://www.wikidata.org/entity/Q3225509,Steven Utley,научная фантастика,1976-01-01T00:00:00Z,
http://www.wikidata.org/entity/Q131471901,A Message to the King of Brobdingnag,http://www.wikidata.org/entity/Q1701097,"John Middleton Murry, Jr.",научная фантастика,1984-05-01T00:00:00Z,
http://www.wikidata.org/entity/Q131517282,Shatterday,http://www.wikidata.org/entity/Q311253,Харлан Эллисон,научная фантастика,1975-08-01T00:00:00Z,
http://www.wikidata.org/entity/Q133800166,The Living Legend,http://www.wikidata.org/entity/Q604524,Глен А. Ларсон,научная фантастика,1982-01-01T00:00:00Z,
http://www.wikidata.org/entity/Q131471935,The Angel of Death,http://www.wikidata.org/entity/Q6834335,Майкл Ши,научная фантастика,1979-08-01T00:00:00Z,
http://www.wikidata.org/entity/Q134706015,The Bleeding Man,http://www.wikidata.org/entity/Q473289,Craig Strete,научная фантастика,1974-12-01T00:00:00Z,
http://www.wikidata.org/entity/Q131471902,Freedom Beach,http://www.wikidata.org/entity/Q3066599,Джон Кессел,научная фантастика,1984-08-01T00:00:00Z,
http://www.wikidata.org/entity/Q131471999,We Remember Babylon,http://www.wikidata.org/entity/Q1371639,Йен Уотсон,научная фантастика,1984-08-01T00:00:00Z,
http://www.wikidata.org/entity/Q131471914,Blind Windows,http://www.wikidata.org/entity/Q3098488,Гарри Килуэрт,научная фантастика,1982-07-01T00:00:00Z,
http://www.wikidata.org/entity/Q131517096,Some of My Best Friends Are Americans,http://www.wikidata.org/entity/Q5493206,François Camoin,научная фантастика,1980-05-01T00:00:00Z,
http://www.wikidata.org/entity/Q131471902,Freedom Beach,http://www.wikidata.org/entity/Q373836,Джеймс Патрик Келли,научная фантастика,1984-08-01T00:00:00Z,
http://www.wikidata.org/entity/Q131472124,"Come Then, Mortal. We Will Seek Her Soul",http://www.wikidata.org/entity/Q6834335,Майкл Ши,научная фантастика,1982-12-01T00:00:00Z,
http://www.wikidata.org/entity/Q131471949,Down to a Sunless Sea,http://www.wikidata.org/entity/Q937000,Пол Смит,научная фантастика,1975-10-01T00:00:00Z,
http://www.wikidata.org/entity/Q131517243,A Hiss of Dragon,http://www.wikidata.org/entity/Q2521946,Марк Лейдлоу,научная фантастика,1978-12-01T00:00:00Z,
http://www.wikidata.org/entity/Q131517104,Spending a Day at the Lottery Fair,http://www.wikidata.org/entity/Q312641,Фредерик Пол,научная фантастика,1983-10-01T00:00:00Z,
http://www.wikidata.org/entity/Q131471905,The Hills Behind Hollywood High,http://www.wikidata.org/entity/Q782991,Эйв Дэвидсон,научная фантастика,1983-04-01T00:00:00Z,
http://www.wikidata.org/entity/Q131517321,Heirs of the Perisphere,http://www.wikidata.org/entity/Q787382,Howard Waldrop,научная фантастика,1985-07-01T00:00:00Z,
http://www.wikidata.org/entity/Q131516966,Men Like Us,http://www.wikidata.org/entity/Q736343,Дэвид Дрейк,научная фантастика,1980-05-01T00:00:00Z,
http://www.wikidata.org/entity/Q131517228,Revisions,http://www.wikidata.org/entity/Q3110895,Gordon Eklund,научная фантастика,1983-02-01T00:00:00Z,
http://www.wikidata.org/entity/Q131471907,The Invasion of the Church of the Holy Ghost,http://www.wikidata.org/entity/Q158997,Расселл Керк,научная фантастика,1983-12-01T00:00:00Z,
http://www.wikidata.org/entity/Q134705999,The Animal Fair,http://www.wikidata.org/entity/Q286116,Альфред Бестер,научная фантастика,1972-10-01T00:00:00Z,
http://www.wikidata.org/entity/Q131517324,"Helpless, Helpless",http://www.wikidata.org/entity/Q787382,Howard Waldrop,научная фантастика,1984-11-01T00:00:00Z,
http://www.wikidata.org/entity/Q131471904,And the Marlin Spoke,http://www.wikidata.org/entity/Q953288,Майкл Бишоп,научная фантастика,1983-10-01T00:00:00Z,
http://www.wikidata.org/entity/Q131517447,Crow,http://www.wikidata.org/entity/Q373836,Джеймс Патрик Келли,научная фантастика,1984-09-01T00:00:00Z,
http://www.wikidata.org/entity/Q131517177,The Detective of Dreams,http://www.wikidata.org/entity/Q361149,Джин Вулф,научная фантастика,1980-08-01T00:00:00Z,
http://www.wikidata.org/entity/Q131517256,Redeemer,http://www.wikidata.org/entity/Q358312,Грегори Бенфорд,научная фантастика,1979-04-01T00:00:00Z,
http://www.wikidata.org/entity/Q131517371,Potential,http://www.wikidata.org/entity/Q34981,Айзек Азимов,научная фантастика,1983-02-01T00:00:00Z,
http://www.wikidata.org/entity/Q131517179,The Map,http://www.wikidata.org/entity/Q361149,Джин Вулф,научная фантастика,1984-11-01T00:00:00Z,
http://www.wikidata.org/entity/Q134611966,A Scraping at the Bones,http://www.wikidata.org/entity/Q547414,Альгис Будрис,научная фантастика,1975-05-01T00:00:00Z,
http://www.wikidata.org/entity/Q131471984,Deep Song,http://www.wikidata.org/entity/Q386035,Реджиналд Бретнор,научная фантастика,1983-09-01T00:00:00Z,
http://www.wikidata.org/entity/Q131471908,The Black Current,http://www.wikidata.org/entity/Q1371639,Йен Уотсон,научная фантастика,1983-11-01T00:00:00Z,
http://www.wikidata.org/entity/Q131472126,Five Mercies,http://www.wikidata.org/entity/Q6829419,Майкл Коннер,научная фантастика,1984-03-01T00:00:00Z,
http://www.wikidata.org/entity/Q131472121,Earth and Stone,http://www.wikidata.org/entity/Q890980,Роберт Холдсток,научная фантастика,1980-02-01T00:00:00Z,
http://www.wikidata.org/entity/Q131471994,Black Glass,http://www.wikidata.org/entity/Q313185,Фриц Лейбер,научная фантастика,1978-01-01T00:00:00Z,
http://www.wikidata.org/entity/Q134706026,His Hour Upon the Stage,http://www.wikidata.org/entity/Q112585291,Grant Carrington,научная фантастика,1976-03-01T00:00:00Z,
http://www.wikidata.org/entity/Q131471927,Stuff of Dreams,http://www.wikidata.org/entity/Q1095977,Lewis Shiner,научная фантастика,1981-04-01T00:00:00Z,
http://www.wikidata.org/entity/Q131471913,High Steel,http://www.wikidata.org/entity/Q6112002,Jack Dann,научная фантастика,1982-02-01T00:00:00Z,
http://www.wikidata.org/entity/Q131471931,Out There Where the Big Ships Go,http://www.wikidata.org/entity/Q1701097,"John Middleton Murry, Jr.",научная фантастика,1979-08-01T00:00:00Z,
http://www.wikidata.org/entity/Q131517109,A Rite of Spring,http://www.wikidata.org/entity/Q313185,Фриц Лейбер,научная фантастика,1977-01-01T00:00:00Z,
http://www.wikidata.org/entity/Q134699784,The Ghost Light,http://www.wikidata.org/entity/Q313185,Фриц Лейбер,научная фантастика,1984-04-01T00:00:00Z,
http://www.wikidata.org/entity/Q131471992,Down & Out on Ellfive Prime,http://www.wikidata.org/entity/Q1181085,Dean Ing,научная фантастика,1979-03-01T00:00:00Z,
http://www.wikidata.org/entity/Q131517326,Man-Mountain Gentian,http://www.wikidata.org/entity/Q787382,Howard Waldrop,научная фантастика,1983-09-01T00:00:00Z,
http://www.wikidata.org/entity/Q131472139,Vox Olympica,http://www.wikidata.org/entity/Q953288,Майкл Бишоп,научная фантастика,1981-12-01T00:00:00Z,
http://www.wikidata.org/entity/Q131517464,The Fear That Men Call Courage,http://www.wikidata.org/entity/Q373836,Джеймс Патрик Келли,научная фантастика,1980-09-01T00:00:00Z,
http://www.wikidata.org/entity/Q134610299,Кровь воина,http://www.wikidata.org/entity/Q66439527,Richard S. McEnroe,научная фантастика,1981-01-01T00:00:00Z,
http://www.wikidata.org/entity/Q131471906,A Day in the Life of Justin Argento Morrel,http://www.wikidata.org/entity/Q3116368,Грегори Фрост,научная фантастика,1983-07-01T00:00:00Z,
http://www.wikidata.org/entity/Q131471977,Multiples,http://www.wikidata.org/entity/Q314553,Роберт Силверберг,научная фантастика,1983-10-01T00:00:00Z,
http://www.wikidata.org/entity/Q131517299,Wave Rider,http://www.wikidata.org/entity/Q3785610,Hilbert Schenck,научная фантастика,1979-09-01T00:00:00Z,
http://www.wikidata.org/entity/Q131471967,Overdrawn at the Memory Bank,http://www.wikidata.org/entity/Q504805,Джон Варли,научная фантастика,1976-05-01T00:00:00Z,
http://www.wikidata.org/entity/Q131517218,Poems to Play in the Piccolo,http://www.wikidata.org/entity/Q2998315,George C. Chesbro,научная фантастика,1982-05-01T00:00:00Z,
http://www.wikidata.org/entity/Q131517188,War Beneath the Tree,http://www.wikidata.org/entity/Q361149,Джин Вулф,научная фантастика,1979-12-01T00:00:00Z,
http://www.wikidata.org/entity/Q131471985,Flare Time,http://www.wikidata.org/entity/Q316610,Ларри Нивен,научная фантастика,1978-11-01T00:00:00Z,
http://www.wikidata.org/entity/Q131471905,The Hills Behind Hollywood High,http://www.wikidata.org/entity/Q5595763,Grania Davis,научная фантастика,1983-04-01T00:00:00Z,
http://www.wikidata.org/entity/Q131471995,Forlesen,http://www.wikidata.org/entity/Q361149,Джин Вулф,научная фантастика,1974-04-01T00:00:00Z,
http://www.wikidata.org/entity/Q131472002,Blind Spot,http://www.wikidata.org/entity/Q6167797,Jayge Carr,научная фантастика,1981-07-01T00:00:00Z,
http://www.wikidata.org/entity/Q131517136,Disciples,http://www.wikidata.org/entity/Q720562,Гарднер Дозуа,научная фантастика,1981-11-27T00:00:00Z,
http://www.wikidata.org/entity/Q131472000,Out of the Everywhere,http://www.wikidata.org/entity/Q234928,Джеймс Типтри-младший,научная фантастика,1981-12-01T00:00:00Z,
http://www.wikidata.org/entity/Q131517295,The R Strain,http://www.wikidata.org/entity/Q455780,Гарри Тёртлдав,научная фантастика,1985-01-01T00:00:00Z,
http://www.wikidata.org/entity/Q131471940,Starswarmer,http://www.wikidata.org/entity/Q358312,Грегори Бенфорд,научная фантастика,1978-06-01T00:00:00Z,
http://www.wikidata.org/entity/Q131517099,"Enjoy, Enjoy",http://www.wikidata.org/entity/Q312641,Фредерик Пол,научная фантастика,1974-01-01T00:00:00Z,
http://www.wikidata.org/entity/Q131471952,Retrograde Summer,http://www.wikidata.org/entity/Q504805,Джон Варли,научная фантастика,1975-02-01T00:00:00Z,
http://www.wikidata.org/entity/Q131517098,Criticality,http://www.wikidata.org/entity/Q312641,Фредерик Пол,научная фантастика,1984-12-01T00:00:00Z,
http://www.wikidata.org/entity/Q131517113,Mysterious Doings in the Metropolitan Museum,http://www.wikidata.org/entity/Q313185,Фриц Лейбер,научная фантастика,1974-11-01T00:00:00Z,
http://www.wikidata.org/entity/Q131471959,A Matter of Gravity,http://www.wikidata.org/entity/Q1193106,Randall Garrett,научная фантастика,1974-10-01T00:00:00Z,
http://www.wikidata.org/entity/Q134694480,Research Alpha,http://www.wikidata.org/entity/Q315059,Альфред ван Вогт,научная фантастика,1965-07-01T00:00:00Z,
http://www.wikidata.org/entity/Q131517226,Dear Aunt Annie,http://www.wikidata.org/entity/Q3110895,Gordon Eklund,научная фантастика,1970-04-01T00:00:00Z,
http://www.wikidata.org/entity/Q134706025,The Shaker Revival,http://www.wikidata.org/entity/Q66371052,Gerald Jonas,научная фантастика,1970-02-01T00:00:00Z,
http://www.wikidata.org/entity/Q134694480,Research Alpha,http://www.wikidata.org/entity/Q1406489,Джеймс Шмиц,научная фантастика,1965-07-01T00:00:00Z,
http://www.wikidata.org/entity/Q131517243,A Hiss of Dragon,http://www.wikidata.org/entity/Q358312,Грегори Бенфорд,научная фантастика,1978-12-01T00:00:00Z,
http://www.wikidata.org/entity/Q131517133,Dinner Party,http://www.wikidata.org/entity/Q720562,Гарднер Дозуа,научная фантастика,1984-11-01T00:00:00Z,
http://www.wikidata.org/entity/Q131471929,Feesters in the Lake,http://www.wikidata.org/entity/Q4933150,Боб Леман,научная фантастика,1980-10-01T00:00:00Z,
http://www.wikidata.org/entity/Q134706071,The Big Flash,http://www.wikidata.org/entity/Q455951,Норман Спинрад,научная фантастика,1969-09-01T00:00:00Z,
http://www.wikidata.org/entity/Q131471890,Vilest Beast,http://www.wikidata.org/entity/Q455780,Гарри Тёртлдав,научная фантастика,1985-01-01T00:00:00Z,
http://www.wikidata.org/entity/Q134699821,The Rest Is Silence,http://www.wikidata.org/entity/Q3666432,Charles L. Grant,научная фантастика,1974-09-01T00:00:00Z,
http://www.wikidata.org/entity/Q131471961,The Raven and the Hawk,http://www.wikidata.org/entity/Q2404462,Уильям Ротслер,научная фантастика,1974-09-01T00:00:00Z,
http://www.wikidata.org/entity/Q131471919,A Simple Case of Suicide,http://www.wikidata.org/entity/Q6755896,Marc Stiegler,научная фантастика,1983-05-01T00:00:00Z,
http://www.wikidata.org/entity/Q131471993,Переквалификация,http://www.wikidata.org/entity/Q312641,Фредерик Пол,научная фантастика,1982-10-01T00:00:00Z,
http://www.wikidata.org/entity/Q131517001,Armageddon Between Sets,http://www.wikidata.org/entity/Q5342047,Эдвард Брайант,научная фантастика,1984-09-01T00:00:00Z,
http://www.wikidata.org/entity/Q131517359,The Rooms of Paradise,http://www.wikidata.org/entity/Q1371639,Йен Уотсон,научная фантастика,1978-01-01T00:00:00Z,
http://www.wikidata.org/entity/Q132802286,Star Trek Log Four,http://www.wikidata.org/entity/Q575345,Алан Дин Фостер,научная фантастика,1975-03-01T00:00:00Z,
http://www.wikidata.org/entity/Q134612087,In the Deadlands,http://www.wikidata.org/entity/Q1174539,Дэвид Герролд,научная фантастика,1972-06-01T00:00:00Z,
http://www.wikidata.org/entity/Q131472120,Billy Big-Eyes,http://www.wikidata.org/entity/Q787382,Howard Waldrop,научная фантастика,1980-04-01T00:00:00Z,
http://www.wikidata.org/entity/Q131471943,Swanilda's Song,http://www.wikidata.org/entity/Q312641,Фредерик Пол,научная фантастика,1978-10-01T00:00:00Z,
http://www.wikidata.org/entity/Q131471937,In Alien Flesh,http://www.wikidata.org/entity/Q358312,Грегори Бенфорд,научная фантастика,1978-09-01T00:00:00Z,
http://www.wikidata.org/entity/Q131517297,The Theology of Water,http://www.wikidata.org/entity/Q3785610,Hilbert Schenck,научная фантастика,1982-10-01T00:00:00Z,
http://www.wikidata.org/entity/Q131471948,A Galaxy Called Rome,http://www.wikidata.org/entity/Q113554,Barry N. Malzberg,научная фантастика,1975-07-01T00:00:00Z,
http://www.wikidata.org/entity/Q131517281,Seeing,http://www.wikidata.org/entity/Q311253,Харлан Эллисон,научная фантастика,1976-05-01T00:00:00Z,
http://www.wikidata.org/entity/Q131472138,Custer's Last Jump,http://www.wikidata.org/entity/Q787382,Howard Waldrop,научная фантастика,1976-01-01T00:00:00Z,
http://www.wikidata.org/entity/Q131471955,Whatever Happened to Nick Neptune?,http://www.wikidata.org/entity/Q3430446,Ричард А Лупофф,научная фантастика,1974-06-01T00:00:00Z,
http://www.wikidata.org/entity/Q131471950,The Black Hole Passes,http://www.wikidata.org/entity/Q504805,Джон Варли,научная фантастика,1975-06-01T00:00:00Z,
http://www.wikidata.org/entity/Q131516996,Mount Charity,http://www.wikidata.org/entity/Q1284085,Edgar Pangborn,научная фантастика,1971-01-01T00:00:00Z,
http://www.wikidata.org/entity/Q131517250,Beyond Grayworld,http://www.wikidata.org/entity/Q358312,Грегори Бенфорд,научная фантастика,1975-09-01T00:00:00Z,
http://www.wikidata.org/entity/Q131471936,Phoenix,http://www.wikidata.org/entity/Q62604573,Mark J. McGarry,научная фантастика,1979-11-01T00:00:00Z,
http://www.wikidata.org/entity/Q131517361,The World Science Fiction Convention of 2080,http://www.wikidata.org/entity/Q1371639,Йен Уотсон,научная фантастика,1980-10-01T00:00:00Z,
http://www.wikidata.org/entity/Q131517003,Particle Theory,http://www.wikidata.org/entity/Q5342047,Эдвард Брайант,научная фантастика,1977-02-01T00:00:00Z,
http://www.wikidata.org/entity/Q131471956,Under Siege,http://www.wikidata.org/entity/Q2158989,Роберт Тьюрстон,научная фантастика,1974-07-01T00:00:00Z,
http://www.wikidata.org/entity/Q131517137,Executive Clemency,http://www.wikidata.org/entity/Q4357621,Jack C. Haldeman II,научная фантастика,1981-11-01T00:00:00Z,
http://www.wikidata.org/entity/Q131471941,The Nuptial Flight of Warbirds,http://www.wikidata.org/entity/Q547414,Альгис Будрис,научная фантастика,1978-05-01T00:00:00Z,
http://www.wikidata.org/entity/Q134694479,On the Storm Planet,http://www.wikidata.org/entity/Q937000,Пол Смит,научная фантастика,1965-02-01T00:00:00Z,
http://www.wikidata.org/entity/Q134700910,The Good New Days,http://www.wikidata.org/entity/Q313185,Фриц Лейбер,научная фантастика,1965-10-01T00:00:00Z,
http://www.wikidata.org/entity/Q131471926,The Summer's Dust,http://www.wikidata.org/entity/Q453835,Pamela Sargent,научная фантастика,1981-07-01T00:00:00Z,
http://www.wikidata.org/entity/Q131471934,Prose Bowl,http://www.wikidata.org/entity/Q113554,Barry N. Malzberg,научная фантастика,1979-07-01T00:00:00Z,
http://www.wikidata.org/entity/Q131517269,All the Birds Come Home to Roost,http://www.wikidata.org/entity/Q311253,Харлан Эллисон,научная фантастика,1979-03-01T00:00:00Z,
http://www.wikidata.org/entity/Q134694482,The Mercurymen,http://www.wikidata.org/entity/Q5006331,C. C. MacApp,научная фантастика,1965-12-01T00:00:00Z,
http://www.wikidata.org/entity/Q131471947,Sandsnake Hunter,http://www.wikidata.org/entity/Q3110895,Gordon Eklund,научная фантастика,1975-03-01T00:00:00Z,
http://www.wikidata.org/entity/Q131517279,Runesmith,http://www.wikidata.org/entity/Q240253,Теодор Старджон,научная фантастика,1970-05-01T00:00:00Z,
http://www.wikidata.org/entity/Q131471928,Strata,http://www.wikidata.org/entity/Q5342047,Эдвард Брайант,научная фантастика,1980-08-01T00:00:00Z,
http://www.wikidata.org/entity/Q131517116,The Death of Princes,http://www.wikidata.org/entity/Q313185,Фриц Лейбер,научная фантастика,1976-06-01T00:00:00Z,
http://www.wikidata.org/entity/Q131517487,The Scourge,http://www.wikidata.org/entity/Q586756,Джеймс Уайт,научная фантастика,1982-01-04T00:00:00Z,
http://www.wikidata.org/entity/Q131517137,Executive Clemency,http://www.wikidata.org/entity/Q720562,Гарднер Дозуа,научная фантастика,1981-11-01T00:00:00Z,
http://www.wikidata.org/entity/Q131471951,In the Bowl,http://www.wikidata.org/entity/Q504805,Джон Варли,научная фантастика,1975-12-01T00:00:00Z,
http://www.wikidata.org/entity/Q131517005,Prairie Sun,http://www.wikidata.org/entity/Q5342047,Эдвард Брайант,научная фантастика,1980-10-01T00:00:00Z,
http://www.wikidata.org/entity/Q131471913,High Steel,http://www.wikidata.org/entity/Q4357621,Jack C. Haldeman II,научная фантастика,1982-02-01T00:00:00Z,
http://www.wikidata.org/entity/Q131471899,With a Little Help from Her Friends,http://www.wikidata.org/entity/Q953288,Майкл Бишоп,научная фантастика,1984-02-01T00:00:00Z,
http://www.wikidata.org/entity/Q131471968,The Venging,http://www.wikidata.org/entity/Q317491,Грег Бир,научная фантастика,1975-06-01T00:00:00Z,
http://www.wikidata.org/entity/Q134694483,Under Two Moons,http://www.wikidata.org/entity/Q312641,Фредерик Пол,научная фантастика,1965-09-01T00:00:00Z,
http://www.wikidata.org/entity/Q131471966,Bagatelle,http://www.wikidata.org/entity/Q504805,Джон Варли,научная фантастика,1976-10-01T00:00:00Z,
http://www.wikidata.org/entity/Q131471944,The Hertford Manuscript,http://www.wikidata.org/entity/Q1701097,"John Middleton Murry, Jr.",научная фантастика,1976-04-01T00:00:00Z,
http://www.wikidata.org/entity/Q131471983,I'm Looking for Kadak,http://www.wikidata.org/entity/Q311253,Харлан Эллисон,научная фантастика,1974-01-01T00:00:00Z,
http://www.wikidata.org/entity/Q131471933,The Relic,http://www.wikidata.org/entity/Q301372,Гэри Дженнингс,научная фантастика,1979-06-01T00:00:00Z,
http://www.wikidata.org/entity/Q131471912,Understanding Human Behavior,http://www.wikidata.org/entity/Q708581,Томас М. Диш,научная фантастика,1982-02-01T00:00:00Z,
http://www.wikidata.org/entity/Q134700913,Answering Service,http://www.wikidata.org/entity/Q313185,Фриц Лейбер,научная фантастика,1967-12-01T00:00:00Z,
http://www.wikidata.org/entity/Q131471969,The Gift of Garigolli,http://www.wikidata.org/entity/Q312641,Фредерик Пол,научная фантастика,1974-08-01T00:00:00Z,
http://www.wikidata.org/entity/Q131517020,At the Embassy Club,http://www.wikidata.org/entity/Q443462,Elizabeth A. Lynn,научная фантастика,1984-06-01T00:00:00Z,
http://www.wikidata.org/entity/Q131471894,"Slowly, Slowly in the Wind",http://www.wikidata.org/entity/Q7340033,Rob Chilson,научная фантастика,1984-01-01T00:00:00Z,
http://www.wikidata.org/entity/Q134612108,The Second Inquisition,http://www.wikidata.org/entity/Q265270,Джоанна Расс,научная фантастика,1970-03-01T00:00:00Z,
http://www.wikidata.org/entity/Q131471946,"Polly Charms, the Sleeping Woman",http://www.wikidata.org/entity/Q782991,Эйв Дэвидсон,научная фантастика,1975-02-01T00:00:00Z,
http://www.wikidata.org/entity/Q131517221,The Eichmann Variations,http://www.wikidata.org/entity/Q3102027,Джордж Зебровски,научная фантастика,1984-11-01T00:00:00Z,
http://www.wikidata.org/entity/Q134700908,Cyclops,http://www.wikidata.org/entity/Q313185,Фриц Лейбер,научная фантастика,1965-09-01T00:00:00Z,
http://www.wikidata.org/entity/Q131517277,On the Slab,http://www.wikidata.org/entity/Q311253,Харлан Эллисон,научная фантастика,1981-10-01T00:00:00Z,
http://www.wikidata.org/entity/Q131517233,Petra,http://www.wikidata.org/entity/Q317491,Грег Бир,научная фантастика,1982-02-01T00:00:00Z,
http://www.wikidata.org/entity/Q131517279,Runesmith,http://www.wikidata.org/entity/Q311253,Харлан Эллисон,научная фантастика,1970-05-01T00:00:00Z,
http://www.wikidata.org/entity/Q131471932,Camps,http://www.wikidata.org/entity/Q6112002,Jack Dann,научная фантастика,1979-05-01T00:00:00Z,
http://www.wikidata.org/entity/Q134694481,Rogue Dragon,http://www.wikidata.org/entity/Q782991,Эйв Дэвидсон,научная фантастика,1965-07-01T00:00:00Z,
http://www.wikidata.org/entity/Q134602499,The Dybbuk Dolls,http://www.wikidata.org/entity/Q6112002,Jack Dann,научная фантастика,1975-01-01T00:00:00Z,
http://www.wikidata.org/entity/Q131516998,The World Is a Sphere,http://www.wikidata.org/entity/Q1284085,Edgar Pangborn,научная фантастика,1973-10-01T00:00:00Z,
http://www.wikidata.org/entity/Q131471969,The Gift of Garigolli,http://www.wikidata.org/entity/Q376859,Сирил Корнблат,научная фантастика,1974-08-01T00:00:00Z,
http://www.wikidata.org/entity/Q131471891,Rockabye Baby,http://www.wikidata.org/entity/Q1253960,S. C. Sykes,научная фантастика,1985-12-15T00:00:00Z,
http://www.wikidata.org/entity/Q131471920,The Final Report on the Lifeline Experiment,http://www.wikidata.org/entity/Q434029,Тимоти Зан,научная фантастика,1983-05-01T00:00:00Z,
http://www.wikidata.org/entity/Q131471988,"Galatea Galante, the Perfect Popsy",http://www.wikidata.org/entity/Q286116,Альфред Бестер,научная фантастика,1979-04-01T00:00:00Z,
http://www.wikidata.org/entity/Q131517111,Do You Know Dave Wenzel?,http://www.wikidata.org/entity/Q313185,Фриц Лейбер,научная фантастика,1974-01-01T00:00:00Z,
http://www.wikidata.org/entity/Q134699825,Masque of the Red Shift,http://www.wikidata.org/entity/Q497454,Фред Саберхаген,научная фантастика,1965-11-01T00:00:00Z,
http://www.wikidata.org/entity/Q131517394,A Quiet Revolution for Death,http://www.wikidata.org/entity/Q6112002,Jack Dann,научная фантастика,1978-04-01T00:00:00Z,
http://www.wikidata.org/entity/Q131517251,Exposures,http://www.wikidata.org/entity/Q358312,Грегори Бенфорд,научная фантастика,1981-07-06T00:00:00Z,
http://www.wikidata.org/entity/Q131471911,Myths of the Near Future,http://www.wikidata.org/entity/Q140201,Джеймс Баллард,научная фантастика,1982-10-01T00:00:00Z,
http://www.wikidata.org/entity/Q134706342,Twilla,http://www.wikidata.org/entity/Q328550,Tom Reamy,научная фантастика,1974-09-01T00:00:00Z,
http://www.wikidata.org/entity/Q134694490,The Infinity Box,http://www.wikidata.org/entity/Q260560,Кейт Вильгельм,научная фантастика,1971-10-01T00:00:00Z,
http://www.wikidata.org/entity/Q134694491,The Plastic Abyss,http://www.wikidata.org/entity/Q260560,Кейт Вильгельм,научная фантастика,1971-01-01T00:00:00Z,
http://www.wikidata.org/entity/Q134715434,A Better Mousehole,http://www.wikidata.org/entity/Q1284085,Edgar Pangborn,научная фантастика,1965-10-01T00:00:00Z,
http://www.wikidata.org/entity/Q131518319,Golden Gate,http://www.wikidata.org/entity/Q982489,R. A. Lafferty,научная фантастика,1982-12-01T00:00:00Z,
http://www.wikidata.org/entity/Q134715515,The Hibakusha Gallery,http://www.wikidata.org/entity/Q5342047,Эдвард Брайант,научная фантастика,1977-06-01T00:00:00Z,
http://www.wikidata.org/entity/Q131518206,Prime Time,http://www.wikidata.org/entity/Q455951,Норман Спинрад,научная фантастика,1980-11-01T00:00:00Z,
http://www.wikidata.org/entity/Q131518247,Second Comings - Reasonable Rates,http://www.wikidata.org/entity/Q266947,Пэт Кэдиган,научная фантастика,1981-02-01T00:00:00Z,
http://www.wikidata.org/entity/Q133307636,Спор о Дьюне,http://www.wikidata.org/entity/Q233046,Энн Маккефри,научная фантастика,1969-04-01T00:00:00Z,
http://www.wikidata.org/entity/Q134715540,Ghost Town,http://www.wikidata.org/entity/Q726865,Чед Оливер,научная фантастика,1983-09-15T00:00:00Z,
http://www.wikidata.org/entity/Q134715464,The Eight Billion,http://www.wikidata.org/entity/Q3071789,Ричард Уилсон,научная фантастика,1965-07-01T00:00:00Z,
http://www.wikidata.org/entity/Q134706035,The Shipwrecked Hotel,http://www.wikidata.org/entity/Q7052456,Norman L. Knight,научная фантастика,1965-08-01T00:00:00Z,
http://www.wikidata.org/entity/Q131517906,No Regrets,http://www.wikidata.org/entity/Q440744,Лиза Таттл,научная фантастика,1985-05-01T00:00:00Z,
http://www.wikidata.org/entity/Q134694485,The Day Before Forever,http://www.wikidata.org/entity/Q724395,Кит Лаумер,научная фантастика,1967-07-01T00:00:00Z,
http://www.wikidata.org/entity/Q134715511,Tin Woodman,http://www.wikidata.org/entity/Q5231419,Дэвид Бишоф,научная фантастика,1976-12-01T00:00:00Z,
http://www.wikidata.org/entity/Q134722222,Where Time Winds Blow,http://www.wikidata.org/entity/Q890980,Роберт Холдсток,научная фантастика,1981-05-01T00:00:00Z,
http://www.wikidata.org/entity/Q131517825,Venice Drowned,http://www.wikidata.org/entity/Q130779,Ким Стенли Робинсон,научная фантастика,1981-06-01T00:00:00Z,
http://www.wikidata.org/entity/Q134715854,Bordered in Black,http://www.wikidata.org/entity/Q316610,Ларри Нивен,научная фантастика,1966-04-01T00:00:00Z,
http://www.wikidata.org/entity/Q131518313,The Fatal Fulfillment,http://www.wikidata.org/entity/Q220883,Пол Уильям Андерсон,научная фантастика,1970-03-01T00:00:00Z,
http://www.wikidata.org/entity/Q135089162,Down in the Black Gang and Other Stories,http://www.wikidata.org/entity/Q296256,Филип Хосе Фармер,научная фантастика,1971-05-01T00:00:00Z,
http://www.wikidata.org/entity/Q134715501,The Doctor,http://www.wikidata.org/entity/Q3990238,Theodore L. Thomas,научная фантастика,1967-01-01T00:00:00Z,
http://www.wikidata.org/entity/Q134715450,A Leader for Yesteryear,http://www.wikidata.org/entity/Q1849325,Мак Рейнольдс,научная фантастика,1965-10-01T00:00:00Z,
http://www.wikidata.org/entity/Q134715485,Wrong-Way Street,http://www.wikidata.org/entity/Q316610,Ларри Нивен,научная фантастика,1965-04-01T00:00:00Z,
http://www.wikidata.org/entity/Q134715537,A Dream at Noonday,http://www.wikidata.org/entity/Q720562,Гарднер Дозуа,научная фантастика,1970-06-01T00:00:00Z,
http://www.wikidata.org/entity/Q134715495,Game,http://www.wikidata.org/entity/Q353869,Дональд Бартельм,научная фантастика,1965-07-31T00:00:00Z,
http://www.wikidata.org/entity/Q131517736,Kitemaster,http://www.wikidata.org/entity/Q1379856,Кит Робертс,научная фантастика,1982-03-01T00:00:00Z,
http://www.wikidata.org/entity/Q131517909,Stone Circle,http://www.wikidata.org/entity/Q440744,Лиза Таттл,научная фантастика,1976-03-01T00:00:00Z,
http://www.wikidata.org/entity/Q134715439,Inside Man,http://www.wikidata.org/entity/Q1627887,H. L. Gold,научная фантастика,1965-10-01T00:00:00Z,
http://www.wikidata.org/entity/Q134715466,Heathen God,http://www.wikidata.org/entity/Q3102027,Джордж Зебровски,научная фантастика,1971-01-01T00:00:00Z,
http://www.wikidata.org/entity/Q134727131,"Overture and Incidental Music for ""A Midsummer Night's Dream""",http://www.wikidata.org/entity/Q234519,Анджела Картер,научная фантастика,1982-09-01T00:00:00Z,
http://www.wikidata.org/entity/Q131517915,"""... How My Heart Breaks When I Sing This Song ...""",http://www.wikidata.org/entity/Q256959,Люциус Шепард,научная фантастика,1985-12-01T00:00:00Z,
http://www.wikidata.org/entity/Q131517923,Mengele,http://www.wikidata.org/entity/Q256959,Люциус Шепард,научная фантастика,1985-01-01T00:00:00Z,
http://www.wikidata.org/entity/Q134727160,Spiral Winds,http://www.wikidata.org/entity/Q3098488,Гарри Килуэрт,научная фантастика,1984-09-01T00:00:00Z,
http://www.wikidata.org/entity/Q134706050,Once There Was a Giant,http://www.wikidata.org/entity/Q724395,Кит Лаумер,научная фантастика,1968-11-01T00:00:00Z,
http://www.wikidata.org/entity/Q131518323,World Abounding,http://www.wikidata.org/entity/Q982489,R. A. Lafferty,научная фантастика,1971-12-01T00:00:00Z,
http://www.wikidata.org/entity/Q134715461,"Через речку, через лес",http://www.wikidata.org/entity/Q294625,Клиффорд Дональд Саймак,научная фантастика,1965-05-01T00:00:00Z,
http://www.wikidata.org/entity/Q131518249,The Coming of the Doll,http://www.wikidata.org/entity/Q266947,Пэт Кэдиган,научная фантастика,1981-06-01T00:00:00Z,
http://www.wikidata.org/entity/Q131518088,The Horror on the #33,http://www.wikidata.org/entity/Q6834335,Майкл Ши,научная фантастика,1982-08-01T00:00:00Z,
http://www.wikidata.org/entity/Q134715527,Lord Moon,http://www.wikidata.org/entity/Q6712675,M. J. Engh,научная фантастика,1965-04-01T00:00:00Z,
http://www.wikidata.org/entity/Q134715500,Earthwoman,http://www.wikidata.org/entity/Q386035,Реджиналд Бретнор,научная фантастика,1967-01-01T00:00:00Z,
http://www.wikidata.org/entity/Q131517618,Heat of Fusion,http://www.wikidata.org/entity/Q328949,"Форд, Джон Майлоу",научная фантастика,1984-09-01T00:00:00Z,
http://www.wikidata.org/entity/Q134706316,The Life of Your Time,http://www.wikidata.org/entity/Q220883,Пол Уильям Андерсон,научная фантастика,1965-09-01T00:00:00Z,
http://www.wikidata.org/entity/Q131518405,"All the Way Up, All the Way Down",http://www.wikidata.org/entity/Q314553,Роберт Силверберг,научная фантастика,1971-07-01T00:00:00Z,
http://www.wikidata.org/entity/Q131518081,Antithesis,http://www.wikidata.org/entity/Q352346,Michael P. Kube-McDowell,научная фантастика,1980-02-01T00:00:00Z,
http://www.wikidata.org/entity/Q134694493,Transit,http://www.wikidata.org/entity/Q242162,Вонда Макинтайр,научная фантастика,1983-10-01T00:00:00Z,
http://www.wikidata.org/entity/Q134932944,The Jade Man's Eyes,http://www.wikidata.org/entity/Q316138,Майкл Муркок,научная фантастика,1973-05-01T00:00:00Z,
http://www.wikidata.org/entity/Q134715432,Uncollected Works,http://www.wikidata.org/entity/Q1248054,Лин Картер,научная фантастика,1965-03-01T00:00:00Z,
http://www.wikidata.org/entity/Q131518252,The Sorceress in Spite of Herself,http://www.wikidata.org/entity/Q266947,Пэт Кэдиган,научная фантастика,1982-12-01T00:00:00Z,
http://www.wikidata.org/entity/Q134715460,Breath's a Ware That Will Not Keep,http://www.wikidata.org/entity/Q2904845,Thomas F. Monteleone,научная фантастика,1975-01-01T00:00:00Z,
http://www.wikidata.org/entity/Q131518332,Gotcha!,http://www.wikidata.org/entity/Q40640,Рэй Брэдбери,научная фантастика,1978-08-01T00:00:00Z,
http://www.wikidata.org/entity/Q134715548,Attachment,http://www.wikidata.org/entity/Q768776,Phyllis Eisenstein,научная фантастика,1974-12-01T00:00:00Z,
http://www.wikidata.org/entity/Q134715482,Growing Up in Edge City,http://www.wikidata.org/entity/Q312641,Фредерик Пол,научная фантастика,1975-11-01T00:00:00Z,
http://www.wikidata.org/entity/Q131518003,The Confession of Hamo,http://www.wikidata.org/entity/Q55417908,Mary C. Pangborn,научная фантастика,1980-09-01T00:00:00Z,
http://www.wikidata.org/entity/Q131517572,Blood Sisters,http://www.wikidata.org/entity/Q347461,Джо Холдеман,научная фантастика,1979-07-01T00:00:00Z,
http://www.wikidata.org/entity/Q134354769,The Priests of Psi,http://www.wikidata.org/entity/Q7934,Фрэнк Герберт,научная фантастика,1960-02-01T00:00:00Z,
http://www.wikidata.org/entity/Q131518361,Paradise Beach,http://www.wikidata.org/entity/Q1701097,"John Middleton Murry, Jr.",научная фантастика,1976-04-01T00:00:00Z,
http://www.wikidata.org/entity/Q131517682,The Poplar Street Study,http://www.wikidata.org/entity/Q4383379,Карен Джой Фаулер,научная фантастика,1985-06-01T00:00:00Z,
http://www.wikidata.org/entity/Q134715426,Zeke,http://www.wikidata.org/entity/Q16122829,Тим Салливан,научная фантастика,1981-10-01T00:00:00Z,
http://www.wikidata.org/entity/Q134706068,Laugh Along with Franz,http://www.wikidata.org/entity/Q21294700,Norman Kagan,научная фантастика,1965-12-01T00:00:00Z,
http://www.wikidata.org/entity/Q134706322,The Final Fighting of Fion Mac Cumhaill,http://www.wikidata.org/entity/Q1193106,Randall Garrett,научная фантастика,1975-09-01T00:00:00Z,
http://www.wikidata.org/entity/Q131518134,Casey's Empire,http://www.wikidata.org/entity/Q238438,Нэнси Кресс,научная фантастика,1981-11-01T00:00:00Z,
http://www.wikidata.org/entity/Q134446749,Miracle Visitors,http://www.wikidata.org/entity/Q1371639,Йен Уотсон,научная фантастика,1978-07-01T00:00:00Z,
http://www.wikidata.org/entity/Q134446750,God's World,http://www.wikidata.org/entity/Q1371639,Йен Уотсон,научная фантастика,1979-01-01T00:00:00Z,
http://www.wikidata.org/entity/Q134973456,Manatee Gal Ain't You Coming Out Tonight,http://www.wikidata.org/entity/Q782991,Эйв Дэвидсон,научная фантастика,1977-04-01T00:00:00Z,
http://www.wikidata.org/entity/Q131517883,The War at Home,http://www.wikidata.org/entity/Q1095977,Lewis Shiner,научная фантастика,1985-05-01T00:00:00Z,
http://www.wikidata.org/entity/Q134715514,Shark,http://www.wikidata.org/entity/Q5342047,Эдвард Брайант,научная фантастика,1973-07-01T00:00:00Z,
http://www.wikidata.org/entity/Q131517706,"Strangeness, Charm and Spin",http://www.wikidata.org/entity/Q260560,Кейт Вильгельм,научная фантастика,1984-11-01T00:00:00Z,
http://www.wikidata.org/entity/Q134694487,A Style in Treason,http://www.wikidata.org/entity/Q248867,Джеймс Блиш,научная фантастика,1970-05-01T00:00:00Z,
http://www.wikidata.org/entity/Q134706069,The Earth Merchants,http://www.wikidata.org/entity/Q21294700,Norman Kagan,научная фантастика,1965-05-01T00:00:00Z,
http://www.wikidata.org/entity/Q134706048,The Encounter,http://www.wikidata.org/entity/Q260560,Кейт Вильгельм,научная фантастика,1970-12-01T00:00:00Z,
http://www.wikidata.org/entity/Q134715549,The House the Blakeneys Built,http://www.wikidata.org/entity/Q782991,Эйв Дэвидсон,научная фантастика,1965-01-01T00:00:00Z,
http://www.wikidata.org/entity/Q134694488,April Fool's Day Forever,http://www.wikidata.org/entity/Q260560,Кейт Вильгельм,научная фантастика,1970-06-01T00:00:00Z,
http://www.wikidata.org/entity/Q134715462,Devil Car,http://www.wikidata.org/entity/Q295406,Роджер Желязны,научная фантастика,1965-06-01T00:00:00Z,
http://www.wikidata.org/entity/Q131517995,On Cannon Beach,http://www.wikidata.org/entity/Q682325,Marta Randall,научная фантастика,1984-04-01T00:00:00Z,
http://www.wikidata.org/entity/Q135012182,The Night of the Trolls,http://www.wikidata.org/entity/Q724395,Кит Лаумер,научная фантастика,1963-01-01T00:00:00Z,
http://www.wikidata.org/entity/Q131518104,Walk the Ice,http://www.wikidata.org/entity/Q43654540,Mildred Downey Broxon,научная фантастика,1981-01-01T00:00:00Z,
http://www.wikidata.org/entity/Q131518082,The Garden of the Cognoscenti,http://www.wikidata.org/entity/Q352346,Michael P. Kube-McDowell,научная фантастика,1982-06-01T00:00:00Z,
http://www.wikidata.org/entity/Q133025772,Under Old Earth,http://www.wikidata.org/entity/Q937000,Пол Смит,научная фантастика,1966-02-01T00:00:00Z,
http://www.wikidata.org/entity/Q134715497,White Creatures,http://www.wikidata.org/entity/Q358312,Грегори Бенфорд,научная фантастика,1975-01-01T00:00:00Z,
http://www.wikidata.org/entity/Q131518259,A Troll and Two Roses,http://www.wikidata.org/entity/Q268755,Патриция Маккиллип,научная фантастика,1985-01-01T00:00:00Z,
http://www.wikidata.org/entity/Q131517741,The Big Fans,http://www.wikidata.org/entity/Q1379856,Кит Робертс,научная фантастика,1977-05-01T00:00:00Z,
http://www.wikidata.org/entity/Q134706067,At the Institute,http://www.wikidata.org/entity/Q21294700,Norman Kagan,научная фантастика,1965-09-01T00:00:00Z,
http://www.wikidata.org/entity/Q134715431,Keep Them Happy,http://www.wikidata.org/entity/Q12148093,Robert Rohrer,научная фантастика,1965-04-01T00:00:00Z,
http://www.wikidata.org/entity/Q134715535,Cryptic,http://www.wikidata.org/entity/Q715241,Джек Макдевит,научная фантастика,1983-04-01T00:00:00Z,
http://www.wikidata.org/entity/Q134715483,Becalmed in Hell,http://www.wikidata.org/entity/Q316610,Ларри Нивен,научная фантастика,1965-07-01T00:00:00Z,
http://www.wikidata.org/entity/Q131518225,The Con Artist,http://www.wikidata.org/entity/Q7117321,P. J. Plauger,научная фантастика,1976-12-01T00:00:00Z,
http://www.wikidata.org/entity/Q131518064,"The Bob Dylan Tambourine Software & Satori Support Services Consortium, Ltd.",http://www.wikidata.org/entity/Q953288,Майкл Бишоп,научная фантастика,1985-06-01T00:00:00Z,
http://www.wikidata.org/entity/Q131518227,The Broken Hoop,http://www.wikidata.org/entity/Q453835,Pamela Sargent,научная фантастика,1982-06-01T00:00:00Z,
http://www.wikidata.org/entity/Q131518363,The Scent of Silverdill,http://www.wikidata.org/entity/Q1701097,"John Middleton Murry, Jr.",научная фантастика,1984-01-01T00:00:00Z,
http://www.wikidata.org/entity/Q134706032,Maiden Voyage,http://www.wikidata.org/entity/Q55214071,J. W. Schutz,научная фантастика,1965-03-01T00:00:00Z,
http://www.wikidata.org/entity/Q134706036,The Listeners,http://www.wikidata.org/entity/Q715505,Джеймс Ганн,научная фантастика,1968-09-01T00:00:00Z,
http://www.wikidata.org/entity/Q134706085,102 H-Bombs,http://www.wikidata.org/entity/Q708581,Томас М. Диш,научная фантастика,1965-03-01T00:00:00Z,
http://www.wikidata.org/entity/Q131518367,Clay Suburb,http://www.wikidata.org/entity/Q1360721,Роберт Франклин Янг,научная фантастика,1975-11-01T00:00:00Z,
http://www.wikidata.org/entity/Q131518066,Vernalfest Morning,http://www.wikidata.org/entity/Q953288,Майкл Бишоп,научная фантастика,1978-12-01T00:00:00Z,
http://www.wikidata.org/entity/Q134715538,Horse of Air,http://www.wikidata.org/entity/Q720562,Гарднер Дозуа,научная фантастика,1970-12-01T00:00:00Z,
http://www.wikidata.org/entity/Q131518315,Barnaby's Clock,http://www.wikidata.org/entity/Q982489,R. A. Lafferty,научная фантастика,1973-06-01T00:00:00Z,
http://www.wikidata.org/entity/Q134453022,Motherlines,http://www.wikidata.org/entity/Q441603,Сюзи Макки Чарнас,научная фантастика,1978-07-01T00:00:00Z,
http://www.wikidata.org/entity/Q131518075,The Shroud,http://www.wikidata.org/entity/Q1356435,Майкл Макколлум,научная фантастика,1981-03-02T00:00:00Z,
http://www.wikidata.org/entity/Q131517571,Anniversary Project,http://www.wikidata.org/entity/Q347461,Джо Холдеман,научная фантастика,1975-10-01T00:00:00Z,
http://www.wikidata.org/entity/Q134694486,Probable Cause,http://www.wikidata.org/entity/Q4496029,Чарлз Леонард Харнесс,научная фантастика,1968-01-01T00:00:00Z,
http://www.wikidata.org/entity/Q131517843,The Big Space Fuck,http://www.wikidata.org/entity/Q49074,Курт Воннегут,научная фантастика,1972-03-17T00:00:00Z,
http://www.wikidata.org/entity/Q134715517,A Few Kindred Spirits,http://www.wikidata.org/entity/Q552025,Джон Кристофер,научная фантастика,1965-11-01T00:00:00Z,
http://www.wikidata.org/entity/Q134715481,Sword Game,http://www.wikidata.org/entity/Q3124693,H. H. Hollis,научная фантастика,1968-04-01T00:00:00Z,
http://www.wikidata.org/entity/Q133026196,Come to Venus Melancholy,http://www.wikidata.org/entity/Q708581,Томас М. Диш,научная фантастика,1965-11-01T00:00:00Z,
http://www.wikidata.org/entity/Q134933036,Der Untergang des Abendlandesmenschen,http://www.wikidata.org/entity/Q787382,Howard Waldrop,научная фантастика,1976-01-01T00:00:00Z,
http://www.wikidata.org/entity/Q131518102,When the Music's Over ...,http://www.wikidata.org/entity/Q455510,Майкл Суэнвик,научная фантастика,1984-11-01T00:00:00Z,
http://www.wikidata.org/entity/Q131517999,The View from Endless Scarp,http://www.wikidata.org/entity/Q682325,Marta Randall,научная фантастика,1979-07-01T00:00:00Z,
http://www.wikidata.org/entity/Q133285908,Любовь — это вселенная,http://www.wikidata.org/entity/Q47087,Артур Чарльз Кларк,научная фантастика,1961-01-01T00:00:00Z,
http://www.wikidata.org/entity/Q131517899,Tourists,http://www.wikidata.org/entity/Q690338,Лиза Голдштейн,научная фантастика,1985-02-01T00:00:00Z,
http://www.wikidata.org/entity/Q134706035,The Shipwrecked Hotel,http://www.wikidata.org/entity/Q248867,Джеймс Блиш,научная фантастика,1965-08-01T00:00:00Z,
http://www.wikidata.org/entity/Q131518321,Mud Violet,http://www.wikidata.org/entity/Q982489,R. A. Lafferty,научная фантастика,1973-03-01T00:00:00Z,
http://www.wikidata.org/entity/Q134715455,The Man Who Learned Loving,http://www.wikidata.org/entity/Q240253,Теодор Старджон,научная фантастика,1969-05-01T00:00:00Z,
http://www.wikidata.org/entity/Q134715435,Back to the Stone Age,http://www.wikidata.org/entity/Q13426983,Jake Saunders,научная фантастика,1976-01-01T00:00:00Z,
http://www.wikidata.org/entity/Q133026162,The Shadow of Space,http://www.wikidata.org/entity/Q296256,Филип Хосе Фармер,научная фантастика,1967-11-01T00:00:00Z,
http://www.wikidata.org/entity/Q134706327,The Keys to December,http://www.wikidata.org/entity/Q295406,Роджер Желязны,научная фантастика,1966-08-01T00:00:00Z,
http://www.wikidata.org/entity/Q134727127,Sex Pirates of the Blood Asteroid,http://www.wikidata.org/entity/Q720787,Дэвид Лэнгфорд,научная фантастика,1979-01-01T00:00:00Z,
http://www.wikidata.org/entity/Q131517581,Lindsay and the Red City Blues,http://www.wikidata.org/entity/Q347461,Джо Холдеман,научная фантастика,1980-08-01T00:00:00Z,
http://www.wikidata.org/entity/Q131518221,Child of Darkness,http://www.wikidata.org/entity/Q2043557,P. C. Hodgell,научная фантастика,1980-08-01T00:00:00Z,
http://www.wikidata.org/entity/Q134715463,After King Kong Fell,http://www.wikidata.org/entity/Q296256,Филип Хосе Фармер,научная фантастика,1973-01-01T00:00:00Z,
http://www.wikidata.org/entity/Q134706317,Half a Loaf,http://www.wikidata.org/entity/Q121769621,R. C. FitzPatrick,научная фантастика,1965-08-01T00:00:00Z,
http://www.wikidata.org/entity/Q134932825,The Big Spell,http://www.wikidata.org/entity/Q1191315,Майкл Ривз,научная фантастика,1977-11-01T00:00:00Z,
http://www.wikidata.org/entity/Q134973398,Fairy Tale,http://www.wikidata.org/entity/Q6112002,Jack Dann,научная фантастика,1981-07-01T00:00:00Z,
http://www.wikidata.org/entity/Q134715492,The Last Ghost,http://www.wikidata.org/entity/Q3498557,Stephen Goldin,научная фантастика,1971-10-01T00:00:00Z,
http://www.wikidata.org/entity/Q134715438,Balanced Ecology,http://www.wikidata.org/entity/Q1406489,Джеймс Шмиц,научная фантастика,1965-03-01T00:00:00Z,
http://www.wikidata.org/entity/Q134706063,Sea Changeling,http://www.wikidata.org/entity/Q43654540,Mildred Downey Broxon,научная фантастика,1981-08-03T00:00:00Z,
http://www.wikidata.org/entity/Q134706046,The Decision Makers,http://www.wikidata.org/entity/Q31231,Joseph L. Green,научная фантастика,1965-04-01T00:00:00Z,
http://www.wikidata.org/entity/Q134706040,Saint Theresa of the Aliens,http://www.wikidata.org/entity/Q373836,Джеймс Патрик Келли,научная фантастика,1984-06-01T00:00:00Z,
http://www.wikidata.org/entity/Q131518359,"Drink Me, Francesca",http://www.wikidata.org/entity/Q1701097,"John Middleton Murry, Jr.",научная фантастика,1978-04-01T00:00:00Z,
http://www.wikidata.org/entity/Q134694492,Sunrise West,http://www.wikidata.org/entity/Q56064820,William K. Carlson,научная фантастика,1974-01-01T00:00:00Z,
http://www.wikidata.org/entity/Q134715543,The Creation of Bennie Good,http://www.wikidata.org/entity/Q736143,Джеймс Саллис,научная фантастика,1970-03-01T00:00:00Z,
http://www.wikidata.org/entity/Q131518186,Find the Lady,http://www.wikidata.org/entity/Q2885805,Николас Фиск,научная фантастика,1975-01-01T00:00:00Z,
http://www.wikidata.org/entity/Q131517822,Stone Eggs,http://www.wikidata.org/entity/Q130779,Ким Стенли Робинсон,научная фантастика,1983-06-01T00:00:00Z,
http://www.wikidata.org/entity/Q134694489,The God House,http://www.wikidata.org/entity/Q1379856,Кит Робертс,научная фантастика,1971-01-01T00:00:00Z,
http://www.wikidata.org/entity/Q134706038,Planet of Forgetting,http://www.wikidata.org/entity/Q1406489,Джеймс Шмиц,научная фантастика,1965-02-01T00:00:00Z,
http://www.wikidata.org/entity/Q134706056,The Adventure of the Extraterrestrial,http://www.wikidata.org/entity/Q1849325,Мак Рейнольдс,научная фантастика,1965-07-01T00:00:00Z,
http://www.wikidata.org/entity/Q134715417,The Peacock King,http://www.wikidata.org/entity/Q6145872,Тед Уайт,научная фантастика,1965-11-01T00:00:00Z,
http://www.wikidata.org/entity/Q134706037,Goblin Night,http://www.wikidata.org/entity/Q1406489,Джеймс Шмиц,научная фантастика,1965-04-01T00:00:00Z,
http://www.wikidata.org/entity/Q135089149,The Gold at the Starbow's End,http://www.wikidata.org/entity/Q312641,Фредерик Пол,научная фантастика,1972-08-01T00:00:00Z,
http://www.wikidata.org/entity/Q133286062,Карантин,http://www.wikidata.org/entity/Q47087,Артур Чарльз Кларк,научная фантастика,1977-01-01T00:00:00Z,
http://www.wikidata.org/entity/Q131518208,Sierra Maestra,http://www.wikidata.org/entity/Q455951,Норман Спинрад,научная фантастика,1975-10-01T00:00:00Z,
http://www.wikidata.org/entity/Q131518356,Brothers,http://www.wikidata.org/entity/Q1701097,"John Middleton Murry, Jr.",научная фантастика,1982-04-01T00:00:00Z,
http://www.wikidata.org/entity/Q131517625,"Good-Bye, Robinson Crusoe",http://www.wikidata.org/entity/Q504805,Джон Варли,научная фантастика,1977-01-01T00:00:00Z,
http://www.wikidata.org/entity/Q134722221,A.K.A.: A Cosmic Fable,http://www.wikidata.org/entity/Q17350953,Rob Swigart,научная фантастика,1978-01-01T00:00:00Z,
http://www.wikidata.org/entity/Q134715457,A Cold Dark Night with Snow,http://www.wikidata.org/entity/Q260560,Кейт Вильгельм,научная фантастика,1970-01-01T00:00:00Z,
http://www.wikidata.org/entity/Q134715856,Prototaph,http://www.wikidata.org/entity/Q724395,Кит Лаумер,научная фантастика,1966-03-01T00:00:00Z,
http://www.wikidata.org/entity/Q131518217,Quietus,http://www.wikidata.org/entity/Q217110,Орсон Скотт Кард,научная фантастика,1979-08-01T00:00:00Z,
http://www.wikidata.org/entity/Q134706029,The Guerrilla Trees,http://www.wikidata.org/entity/Q3124693,H. H. Hollis,научная фантастика,1968-06-01T00:00:00Z,
http://www.wikidata.org/entity/Q134715425,Though a Sparrow Fall,http://www.wikidata.org/entity/Q2426243,Томас Н. Скортиа,научная фантастика,1965-01-01T00:00:00Z,
http://www.wikidata.org/entity/Q136766553,The Last Super Bowl,http://www.wikidata.org/entity/Q181677,Джордж Р. Р. Мартин,научная фантастика,1975-01-01T00:00:00Z,
http://www.wikidata.org/entity/Q134723279,Cube Root,http://www.wikidata.org/entity/Q720787,Дэвид Лэнгфорд,научная фантастика,1985-03-01T00:00:00Z,
http://www.wikidata.org/entity/Q331226,О Кольцах Власти и Третьей Эпохе,http://www.wikidata.org/entity/Q892,Джон Рональд Руэл Толкин,фэнтези,1977-09-15T00:00:00Z,
http://www.wikidata.org/entity/Q135094162,The Woman Who Loved the Moon and Other Stories,http://www.wikidata.org/entity/Q443462,Elizabeth A. Lynn,научная фантастика,1981-09-01T00:00:00Z,
http://www.wikidata.org/entity/Q734976,Князь Света,http://www.wikidata.org/entity/Q295406,Роджер Желязны,фэнтези,1967-01-01T00:00:00Z,Doubleday
http://www.wikidata.org/entity/Q135094214,Pohlstars,http://www.wikidata.org/entity/Q312641,Фредерик Пол,научная фантастика,1984-10-01T00:00:00Z,
http://www.wikidata.org/entity/Q134723280,After-Images,http://www.wikidata.org/entity/Q6742297,Malcolm Edwards,научная фантастика,1983-03-01T00:00:00Z,
http://www.wikidata.org/entity/Q135094142,"Listen, Listen",http://www.wikidata.org/entity/Q260560,Кейт Вильгельм,научная фантастика,1981-11-01T00:00:00Z,
http://www.wikidata.org/entity/Q135094153,Seasons in Flight,http://www.wikidata.org/entity/Q238702,Брайан Олдис,научная фантастика,1984-12-01T00:00:00Z,
http://www.wikidata.org/entity/Q605697,Туманы Авалона,http://www.wikidata.org/entity/Q465179,Мэрион Зиммер Брэдли,фэнтези,1983-01-01T00:00:00Z,Alfred A. Knopf
http://www.wikidata.org/entity/Q135094161,The Stars Are the Styx,http://www.wikidata.org/entity/Q240253,Теодор Старджон,научная фантастика,1979-10-01T00:00:00Z,
http://www.wikidata.org/entity/Q134727086,Unmistakably the Finest,http://www.wikidata.org/entity/Q7436024,Скотт Брэдфилд,научная фантастика,1984-06-01T00:00:00Z,
http://www.wikidata.org/entity/Q135094302,Erasmus Magister,http://www.wikidata.org/entity/Q943997,Чарльз Шеффилд,научная фантастика,1982-06-01T00:00:00Z,
http://www.wikidata.org/entity/Q135094219,Fundamental Disch,http://www.wikidata.org/entity/Q708581,Томас М. Диш,научная фантастика,1980-10-01T00:00:00Z,
http://www.wikidata.org/entity/Q278089,Сила трёх,http://www.wikidata.org/entity/Q236829,Диана Уинн Джонс,фэнтези,1976-01-01T00:00:00Z,Macmillan Publishers
http://www.wikidata.org/entity/Q135165,Умирающий свет,http://www.wikidata.org/entity/Q181677,Джордж Р. Р. Мартин,фэнтези,1977-04-01T00:00:00Z,
http://www.wikidata.org/entity/Q1195350,Волхв,http://www.wikidata.org/entity/Q214660,Джон Роберт Фаулз,фэнтези,1965-01-01T00:00:00Z,Jonathan Cape
http://www.wikidata.org/entity/Q135094199,The Man Who Loved the Midnight Lady,http://www.wikidata.org/entity/Q113554,Barry N. Malzberg,научная фантастика,1980-04-01T00:00:00Z,
http://www.wikidata.org/entity/Q135094124,Approaching Oblivion: Road Signs on the Treadmill Toward Tomorrow,http://www.wikidata.org/entity/Q311253,Харлан Эллисон,научная фантастика,1974-12-01T00:00:00Z,
http://www.wikidata.org/entity/Q135089167,"First Person, Peculiar",http://www.wikidata.org/entity/Q4523196,Томас Шерред,научная фантастика,1972-01-01T00:00:00Z,
http://www.wikidata.org/entity/Q135094259,Golden Gate and Other Stories,http://www.wikidata.org/entity/Q982489,R. A. Lafferty,научная фантастика,1982-12-01T00:00:00Z,
http://www.wikidata.org/entity/Q135094212,Case and the Dreamer,http://www.wikidata.org/entity/Q240253,Теодор Старджон,научная фантастика,1974-04-01T00:00:00Z,
http://www.wikidata.org/entity/Q135094208,Ship of Shadows,http://www.wikidata.org/entity/Q313185,Фриц Лейбер,научная фантастика,1979-08-01T00:00:00Z,
http://www.wikidata.org/entity/Q330826,Айнулиндалэ,http://www.wikidata.org/entity/Q892,Джон Рональд Руэл Толкин,фэнтези,1977-09-15T00:00:00Z,
http://www.wikidata.org/entity/Q135094263,Early del Rey,http://www.wikidata.org/entity/Q684748,Лестер дель Рей,научная фантастика,1975-02-01T00:00:00Z,
http://www.wikidata.org/entity/Q135094155,Stalking the Nightmare,http://www.wikidata.org/entity/Q311253,Харлан Эллисон,научная фантастика,1982-09-01T00:00:00Z,
http://www.wikidata.org/entity/Q135094158,Strange Wine,http://www.wikidata.org/entity/Q311253,Харлан Эллисон,научная фантастика,1978-06-01T00:00:00Z,
http://www.wikidata.org/entity/Q135094118,The Best Short Stories of J. G. Ballard,http://www.wikidata.org/entity/Q140201,Джеймс Баллард,научная фантастика,1978-01-01T00:00:00Z,
http://www.wikidata.org/entity/Q135094117,The Earth Book of Stormgate,http://www.wikidata.org/entity/Q220883,Пол Уильям Андерсон,научная фантастика,1978-06-01T00:00:00Z,
http://www.wikidata.org/entity/Q135094122,Anthonology,http://www.wikidata.org/entity/Q559409,Пирс Энтони,научная фантастика,1985-03-01T00:00:00Z,
http://www.wikidata.org/entity/Q135089163,The Book of Philip José Farmer,http://www.wikidata.org/entity/Q296256,Филип Хосе Фармер,научная фантастика,1973-07-01T00:00:00Z,
http://www.wikidata.org/entity/Q134727088,Novelty,http://www.wikidata.org/entity/Q736447,Джон Краули,научная фантастика,1983-09-01T00:00:00Z,
http://www.wikidata.org/entity/Q135094116,"The Best of Walter M. Miller, Jr.",http://www.wikidata.org/entity/Q357839,Уолтер Майкл Миллер,научная фантастика,1980-05-01T00:00:00Z,
http://www.wikidata.org/entity/Q1195350,Волхв,http://www.wikidata.org/entity/Q214660,Джон Роберт Фаулз,фэнтези,1965-01-01T00:00:00Z,"Little, Brown and Company"
http://www.wikidata.org/entity/Q135094296,Vectors,http://www.wikidata.org/entity/Q943997,Чарльз Шеффилд,научная фантастика,1979-12-01T00:00:00Z,
http://www.wikidata.org/entity/Q135094114,The Best of Damon Knight,http://www.wikidata.org/entity/Q534599,Деймон Найт,научная фантастика,1976-05-01T00:00:00Z,
http://www.wikidata.org/entity/Q135094151,Riverworld and Other Stories,http://www.wikidata.org/entity/Q296256,Филип Хосе Фармер,научная фантастика,1979-11-01T00:00:00Z,
http://www.wikidata.org/entity/Q135094248,Blood and Burning,http://www.wikidata.org/entity/Q547414,Альгис Будрис,научная фантастика,1978-09-01T00:00:00Z,
http://www.wikidata.org/entity/Q134727122,A Cage for Death,http://www.wikidata.org/entity/Q1371639,Йен Уотсон,научная фантастика,1981-01-01T00:00:00Z,
http://www.wikidata.org/entity/Q135094147,Paratime,http://www.wikidata.org/entity/Q1364100,Г. Бим Пайпер,научная фантастика,1981-08-01T00:00:00Z,
http://www.wikidata.org/entity/Q135094267,The Best of John Sladek,http://www.wikidata.org/entity/Q1701769,John Sladek,научная фантастика,1981-01-01T00:00:00Z,
http://www.wikidata.org/entity/Q135094159,The Best of Robert Silverberg,http://www.wikidata.org/entity/Q314553,Роберт Силверберг,научная фантастика,1976-02-01T00:00:00Z,
http://www.wikidata.org/entity/Q135094299,Hidden Variables,http://www.wikidata.org/entity/Q943997,Чарльз Шеффилд,научная фантастика,1981-07-01T00:00:00Z,
http://www.wikidata.org/entity/Q1150125,Пыточных дел мастер,http://www.wikidata.org/entity/Q361149,Джин Вулф,фэнтези,1980-05-01T00:00:00Z,Simon & Schuster
http://www.wikidata.org/entity/Q776177,Пожиратели мёртвых,http://www.wikidata.org/entity/Q172140,Майкл Крайтон,фэнтези,1976-03-01T00:00:00Z,Alfred A. Knopf
http://www.wikidata.org/entity/Q135094222,The Opium General and Other Stories,http://www.wikidata.org/entity/Q316138,Майкл Муркок,научная фантастика,1984-12-01T00:00:00Z,
http://www.wikidata.org/entity/Q334475,Последняя песня Бильбо,http://www.wikidata.org/entity/Q892,Джон Рональд Руэл Толкин,фэнтези,1974-01-01T00:00:00Z,Houghton Mifflin Harcourt
http://www.wikidata.org/entity/Q135094209,The Change War,http://www.wikidata.org/entity/Q313185,Фриц Лейбер,научная фантастика,1978-12-01T00:00:00Z,
http://www.wikidata.org/entity/Q1195862,Понедельник начинается в субботу,http://www.wikidata.org/entity/Q61699,Аркадий Натанович Стругацкий,фэнтези,1965-01-01T00:00:00Z,Детская литература
http://www.wikidata.org/entity/Q135094221,Still I Persist in Wondering,http://www.wikidata.org/entity/Q1284085,Edgar Pangborn,научная фантастика,1978-11-01T00:00:00Z,
http://www.wikidata.org/entity/Q1195862,Понедельник начинается в субботу,http://www.wikidata.org/entity/Q59054,Борис Натанович Стругацкий,фэнтези,1965-01-01T00:00:00Z,Детская литература
http://www.wikidata.org/entity/Q135094228,The Worlds of George O.,http://www.wikidata.org/entity/Q5542993,George O. Smith,научная фантастика,1982-01-01T00:00:00Z,
http://www.wikidata.org/entity/Q340401,Книга утраченных сказаний,http://www.wikidata.org/entity/Q892,Джон Рональд Руэл Толкин,фэнтези,1983-01-01T00:00:00Z,George Allen & Unwin
http://www.wikidata.org/entity/Q782075,Снежная королева,http://www.wikidata.org/entity/Q268371,Джоан Виндж,фэнтези,1980-04-01T00:00:00Z,Dial Press
http://www.wikidata.org/entity/Q135094172,Trinity and Other Stories,http://www.wikidata.org/entity/Q238438,Нэнси Кресс,научная фантастика,1985-08-01T00:00:00Z,
http://www.wikidata.org/entity/Q135094074,Maurai & Kith,http://www.wikidata.org/entity/Q220883,Пол Уильям Андерсон,научная фантастика,1982-10-01T00:00:00Z,
http://www.wikidata.org/entity/Q135094196,Soldier Boy,http://www.wikidata.org/entity/Q739385,Майкл Шаара,научная фантастика,1982-03-01T00:00:00Z,
http://www.wikidata.org/entity/Q331804,Приключения Тома Бомбадила,http://www.wikidata.org/entity/Q892,Джон Рональд Руэл Толкин,фэнтези,1962-01-01T00:00:00Z,George Allen & Unwin
http://www.wikidata.org/entity/Q1199660,Стальная мечта,http://www.wikidata.org/entity/Q455951,Норман Спинрад,фэнтези,1972-09-01T00:00:00Z,Avon Publications
http://www.wikidata.org/entity/Q135094115,The Best of Jack Vance,http://www.wikidata.org/entity/Q312632,Джек Вэнс,научная фантастика,1976-05-01T00:00:00Z,
http://www.wikidata.org/entity/Q1168165,Тайна заброшенного замка,http://www.wikidata.org/entity/Q1358834,Александр Мелентьевич Волков,фэнтези,1976-01-01T00:00:00Z,
http://www.wikidata.org/entity/Q134727093,A Young Man's Journey to Viriconium,http://www.wikidata.org/entity/Q963799,M. John Harrison,научная фантастика,1985-06-01T00:00:00Z,
http://www.wikidata.org/entity/Q134599350,The Island of Doctor Death and Other Stories,http://www.wikidata.org/entity/Q361149,Джин Вулф,научная фантастика,1970-06-01T00:00:00Z,
http://www.wikidata.org/entity/Q600821,Книга грёз,http://www.wikidata.org/entity/Q312632,Джек Вэнс,фэнтези,1981-01-01T00:00:00Z,
http://www.wikidata.org/entity/Q224965,Гримус,http://www.wikidata.org/entity/Q44306,Салман Рушди,фэнтези,1975-01-01T00:00:00Z,Victor Gollancz
http://www.wikidata.org/entity/Q1168165,Тайна заброшенного замка,http://www.wikidata.org/entity/Q1358834,Александр Мелентьевич Волков,фэнтези,1982-01-01T00:00:00Z,
http://www.wikidata.org/entity/Q1168165,Тайна заброшенного замка,http://www.wikidata.org/entity/Q1358834,Александр Мелентьевич Волков,фэнтези,1983-01-01T00:00:00Z,
http://www.wikidata.org/entity/Q1168165,Тайна заброшенного замка,http://www.wikidata.org/entity/Q1358834,Александр Мелентьевич Волков,фэнтези,1984-01-01T00:00:00Z,
http://www.wikidata.org/entity/Q134602464,Kyrie,http://www.wikidata.org/entity/Q220883,Пол Уильям Андерсон,научная фантастика,1968-08-01T00:00:00Z,
http://www.wikidata.org/entity/Q135089165,Moonferns and Starsongs,http://www.wikidata.org/entity/Q314553,Роберт Силверберг,научная фантастика,1971-06-01T00:00:00Z,
http://www.wikidata.org/entity/Q135094113,San Diego Lightfoot Sue and Other Stories,http://www.wikidata.org/entity/Q328550,Tom Reamy,научная фантастика,1979-11-01T00:00:00Z,
http://www.wikidata.org/entity/Q135094136,Father to the Stars,http://www.wikidata.org/entity/Q296256,Филип Хосе Фармер,научная фантастика,1981-07-01T00:00:00Z,
http://www.wikidata.org/entity/Q135094315,The Custodians and Other Stories,http://www.wikidata.org/entity/Q1701097,"John Middleton Murry, Jr.",научная фантастика,1976-04-01T00:00:00Z,
http://www.wikidata.org/entity/Q135094226,Particle Theory,http://www.wikidata.org/entity/Q5342047,Эдвард Брайант,научная фантастика,1981-10-01T00:00:00Z,
http://www.wikidata.org/entity/Q134727119,The Ink Imp,http://www.wikidata.org/entity/Q62894141,R. M. Lamming,научная фантастика,1980-05-01T00:00:00Z,
http://www.wikidata.org/entity/Q134727116,The Checkout,http://www.wikidata.org/entity/Q1379856,Кит Робертс,научная фантастика,1981-02-01T00:00:00Z,
http://www.wikidata.org/entity/Q1144667,Порог,http://www.wikidata.org/entity/Q181659,Урсула Крёбер Ле Гуин,фэнтези,1980-02-01T00:00:00Z,Harper
http://www.wikidata.org/entity/Q135094076,Utopia Hunters,http://www.wikidata.org/entity/Q938710,С. П. Сомтоу,научная фантастика,1984-12-01T00:00:00Z,
http://www.wikidata.org/entity/Q134518949,Warriors of Mars,http://www.wikidata.org/entity/Q316138,Майкл Муркок,научная фантастика,1965-01-01T00:00:00Z,
http://www.wikidata.org/entity/Q135094304,The Lunatics of Terra,http://www.wikidata.org/entity/Q1701769,John Sladek,научная фантастика,1984-01-01T00:00:00Z,
http://www.wikidata.org/entity/Q738937,Матерь Тьмы,http://www.wikidata.org/entity/Q313185,Фриц Лейбер,фэнтези,1977-02-01T00:00:00Z,
http://www.wikidata.org/entity/Q134599096,More Than the Sum of His Parts,http://www.wikidata.org/entity/Q347461,Джо Холдеман,научная фантастика,1985-05-01T00:00:00Z,
http://www.wikidata.org/entity/Q1138060,Страна смеха,http://www.wikidata.org/entity/Q727079,Джонатан Кэрролл,фэнтези,1980-01-01T00:00:00Z,Viking Press
http://www.wikidata.org/entity/Q1198683,Жёлтый туман,http://www.wikidata.org/entity/Q1358834,Александр Мелентьевич Волков,фэнтези,1970-01-01T00:00:00Z,Советская Россия
http://www.wikidata.org/entity/Q135094137,Fireship,http://www.wikidata.org/entity/Q268371,Джоан Виндж,научная фантастика,1978-12-01T00:00:00Z,
http://www.wikidata.org/entity/Q135094217,The Book of Ian Watson,http://www.wikidata.org/entity/Q1371639,Йен Уотсон,научная фантастика,1985-09-01T00:00:00Z,
http://www.wikidata.org/entity/Q340401,Книга утраченных сказаний,http://www.wikidata.org/entity/Q82032,Кристофер Толкин,фэнтези,1983-01-01T00:00:00Z,George Allen & Unwin
http://www.wikidata.org/entity/Q281466,Властители Дерини,http://www.wikidata.org/entity/Q443109,Кэтрин Куртц,фэнтези,1973-08-12T00:00:00Z,Ballantine Books
http://www.wikidata.org/entity/Q1167442,Надвигается беда,http://www.wikidata.org/entity/Q40640,Рэй Брэдбери,фэнтези,1962-01-01T00:00:00Z,Simon & Schuster
http://www.wikidata.org/entity/Q135094227,The Science Fiction of Mark Clifton,http://www.wikidata.org/entity/Q1760899,Марк Клифтон,научная фантастика,1980-12-01T00:00:00Z,
http://www.wikidata.org/entity/Q128324,Врата Анубиса,http://www.wikidata.org/entity/Q363810,Тим Пауэрс,фэнтези,1983-12-01T00:00:00Z,
http://www.wikidata.org/entity/Q135094306,Signs & Portents,http://www.wikidata.org/entity/Q275172,Челси Куинн Ярбро,научная фантастика,1984-08-01T00:00:00Z,
http://www.wikidata.org/entity/Q331061,Квента Сильмариллион,http://www.wikidata.org/entity/Q892,Джон Рональд Руэл Толкин,фэнтези,1977-09-15T00:00:00Z,
http://www.wikidata.org/entity/Q135089169,Sturgeon Is Alive and Well...,http://www.wikidata.org/entity/Q240253,Теодор Старджон,научная фантастика,1971-03-26T00:00:00Z,
http://www.wikidata.org/entity/Q331142,Акаллабет,http://www.wikidata.org/entity/Q892,Джон Рональд Руэл Толкин,фэнтези,1977-09-15T00:00:00Z,
http://www.wikidata.org/entity/Q135094207,The Conglomeroid Cocktail Party,http://www.wikidata.org/entity/Q314553,Роберт Силверберг,научная фантастика,1984-06-01T00:00:00Z,
http://www.wikidata.org/entity/Q134602479,"Poor Man, Beggar Man",http://www.wikidata.org/entity/Q265270,Джоанна Расс,научная фантастика,1971-01-01T00:00:00Z,
http://www.wikidata.org/entity/Q135094298,Wave Rider,http://www.wikidata.org/entity/Q3785610,Hilbert Schenck,научная фантастика,1980-01-01T00:00:00Z,
http://www.wikidata.org/entity/Q134727096,The People on the Precipice,http://www.wikidata.org/entity/Q1371639,Йен Уотсон,научная фантастика,1985-01-01T00:00:00Z,
http://www.wikidata.org/entity/Q135094229,The Gorgon and Other Beastly Tales,http://www.wikidata.org/entity/Q261962,Танит Ли,научная фантастика,1985-02-01T00:00:00Z,
http://www.wikidata.org/entity/Q136767491,Men of Greywater Station,http://www.wikidata.org/entity/Q181677,Джордж Р. Р. Мартин,научная фантастика,1976-01-01T00:00:00Z,
http://www.wikidata.org/entity/Q134727089,The Dissemblers,http://www.wikidata.org/entity/Q3098488,Гарри Килуэрт,научная фантастика,1982-09-01T00:00:00Z,
http://www.wikidata.org/entity/Q135094258,Ringing Changes,http://www.wikidata.org/entity/Q982489,R. A. Lafferty,научная фантастика,1984-01-01T00:00:00Z,
http://www.wikidata.org/entity/Q135094111,Manifest Destiny,http://www.wikidata.org/entity/Q809012,Барри Брукс Лонгиер,научная фантастика,1980-05-01T00:00:00Z,
http://www.wikidata.org/entity/Q309019,Неоконченные сказания,http://www.wikidata.org/entity/Q892,Джон Рональд Руэл Толкин,фэнтези,1980-01-01T00:00:00Z,
http://www.wikidata.org/entity/Q135094255,The 57th Franz Kafka,http://www.wikidata.org/entity/Q92849,Руди Рюкер,научная фантастика,1983-01-01T00:00:00Z,
http://www.wikidata.org/entity/Q134727091,Calling All Gumdrops,http://www.wikidata.org/entity/Q1701769,John Sladek,научная фантастика,1983-03-01T00:00:00Z,
http://www.wikidata.org/entity/Q135094149,Red Dreams,http://www.wikidata.org/entity/Q5258392,Деннис Этчисон,научная фантастика,1984-10-01T00:00:00Z,
http://www.wikidata.org/entity/Q135094300,A Life in the Day of ... and Other Short Stories,http://www.wikidata.org/entity/Q843541,Фрэнк М. Робинсон,научная фантастика,1981-11-01T00:00:00Z,
http://www.wikidata.org/entity/Q1194339,Ребёнок Розмари,http://www.wikidata.org/entity/Q317631,Айра Левин,фэнтези,1967-03-12T00:00:00Z,Random House
http://www.wikidata.org/entity/Q135094112,Out There Where the Big Ships Go,http://www.wikidata.org/entity/Q1701097,"John Middleton Murry, Jr.",научная фантастика,1980-10-01T00:00:00Z,
http://www.wikidata.org/entity/Q136767491,Men of Greywater Station,http://www.wikidata.org/entity/Q787382,Howard Waldrop,научная фантастика,1976-01-01T00:00:00Z,
http://www.wikidata.org/entity/Q1171521,The Enormous Crocodile,http://www.wikidata.org/entity/Q25161,Роальд Даль,фэнтези,1978-11-01T00:00:00Z,Jonathan Cape
http://www.wikidata.org/entity/Q135094174,The Light Fantastic,http://www.wikidata.org/entity/Q286116,Альфред Бестер,научная фантастика,1976-04-01T00:00:00Z,
http://www.wikidata.org/entity/Q135094145,Nightflyers,http://www.wikidata.org/entity/Q181677,Джордж Р. Р. Мартин,научная фантастика,1985-12-01T00:00:00Z,
http://www.wikidata.org/entity/Q136773495,Fast-Friend,http://www.wikidata.org/entity/Q181677,Джордж Р. Р. Мартин,научная фантастика,1976-01-01T00:00:00Z,
http://www.wikidata.org/entity/Q1196643,Царь Каменных Врат,http://www.wikidata.org/entity/Q220450,Дэвид Геммел,фэнтези,1985-01-01T00:00:00Z,Random House
http://www.wikidata.org/entity/Q135094144,Midas World,http://www.wikidata.org/entity/Q312641,Фредерик Пол,научная фантастика,1983-07-01T00:00:00Z,
http://www.wikidata.org/entity/Q135094316,Alyx,http://www.wikidata.org/entity/Q265270,Джоанна Расс,научная фантастика,1976-06-01T00:00:00Z,
http://www.wikidata.org/entity/Q135094205,Born with the Dead,http://www.wikidata.org/entity/Q314553,Роберт Силверберг,научная фантастика,1974-06-01T00:00:00Z,
http://www.wikidata.org/entity/Q135094583,Expanded Universe: The New Worlds of Robert A. Heinlein,http://www.wikidata.org/entity/Q123078,Роберт Хайнлайн,научная фантастика,1980-10-01T00:00:00Z,
http://www.wikidata.org/entity/Q135094216,"The Science Fiction Stories of Walter M. Miller, Jr.",http://www.wikidata.org/entity/Q357839,Уолтер Майкл Миллер,научная фантастика,1978-01-01T00:00:00Z,
http://www.wikidata.org/entity/Q135094206,Capricorn Games,http://www.wikidata.org/entity/Q314553,Роберт Силверберг,научная фантастика,1976-02-01T00:00:00Z,
http://www.wikidata.org/entity/Q135094251,The Feast of St. Dionysus,http://www.wikidata.org/entity/Q314553,Роберт Силверберг,научная фантастика,1975-03-01T00:00:00Z,
http://www.wikidata.org/entity/Q135089164,Strange Doings,http://www.wikidata.org/entity/Q982489,R. A. Lafferty,научная фантастика,1972-03-20T00:00:00Z,
http://www.wikidata.org/entity/Q135094185,Best SF Stories of C. M. Kornbluth,http://www.wikidata.org/entity/Q376859,Сирил Корнблат,научная фантастика,1968-01-01T00:00:00Z,
http://www.wikidata.org/entity/Q135094224,The Star-Spangled Future,http://www.wikidata.org/entity/Q455951,Норман Спинрад,научная фантастика,1979-07-01T00:00:00Z,
http://www.wikidata.org/entity/Q135094301,Best of Beaumont,http://www.wikidata.org/entity/Q2958511,Чарльз Бомонт,научная фантастика,1982-12-01T00:00:00Z,
http://www.wikidata.org/entity/Q261148,Огненный бог Марранов,http://www.wikidata.org/entity/Q1358834,Александр Мелентьевич Волков,фэнтези,1968-01-01T00:00:00Z,
http://www.wikidata.org/entity/Q134727087,The Tithonian Factor,http://www.wikidata.org/entity/Q1701097,"John Middleton Murry, Jr.",научная фантастика,1983-07-01T00:00:00Z,
http://www.wikidata.org/entity/Q136762499,Weekend in a War Zone,http://www.wikidata.org/entity/Q181677,Джордж Р. Р. Мартин,научная фантастика,1977-01-01T00:00:00Z,
http://www.wikidata.org/entity/Q136773573,Starlady,http://www.wikidata.org/entity/Q181677,Джордж Р. Р. Мартин,научная фантастика,1976-01-01T00:00:00Z,
http://www.wikidata.org/entity/Q135094218,Is That What People Do?,http://www.wikidata.org/entity/Q333246,Роберт Шекли,научная фантастика,1984-08-01T00:00:00Z,
http://www.wikidata.org/entity/Q135094297,Ladies from Hell,http://www.wikidata.org/entity/Q1379856,Кит Робертс,научная фантастика,1979-01-01T00:00:00Z,
http://www.wikidata.org/entity/Q135094180,Far from Home,http://www.wikidata.org/entity/Q740928,Уолтер Тевис,научная фантастика,1981-01-01T00:00:00Z,
http://www.wikidata.org/entity/Q630341,Три сердца и три льва,http://www.wikidata.org/entity/Q220883,Пол Уильям Андерсон,фэнтези,1961-01-01T00:00:00Z,Doubleday
http://www.wikidata.org/entity/Q139884733,Домашняя атмосфера,http://www.wikidata.org/entity/Q1160619,Дэниэл Ф. Галуйе,научная фантастика,1961-01-01T00:00:00Z,
http://www.wikidata.org/entity/Q135094223,No Direction Home,http://www.wikidata.org/entity/Q455951,Норман Спинрад,научная фантастика,1975-05-01T00:00:00Z,
http://www.wikidata.org/entity/Q135094303,Fire from the Wine Dark Sea,http://www.wikidata.org/entity/Q938710,С. П. Сомтоу,научная фантастика,1983-09-01T00:00:00Z,
http://www.wikidata.org/entity/Q149552,Противостояние,http://www.wikidata.org/entity/Q39829,Стивен Кинг,фэнтези,1978-09-01T00:00:00Z,Doubleday
http://www.wikidata.org/entity/Q134727084,The Flash! Kid,http://www.wikidata.org/entity/Q7436024,Скотт Брэдфилд,научная фантастика,1983-09-01T00:00:00Z,
http://www.wikidata.org/entity/Q135094261,Dealing in Futures,http://www.wikidata.org/entity/Q347461,Джо Холдеман,научная фантастика,1985-09-01T00:00:00Z,
http://www.wikidata.org/entity/Q135094175,Beastmarks,http://www.wikidata.org/entity/Q278510,A. A. Attanasio,научная фантастика,1985-01-01T00:00:00Z,
http://www.wikidata.org/entity/Q135094148,Phoenix in the Ashes,http://www.wikidata.org/entity/Q268371,Джоан Виндж,научная фантастика,1985-01-01T00:00:00Z,
http://www.wikidata.org/entity/Q135094213,Somerset Dreams and Other Fictions,http://www.wikidata.org/entity/Q260560,Кейт Вильгельм,научная фантастика,1978-04-01T00:00:00Z,
http://www.wikidata.org/entity/Q330898,Валаквента,http://www.wikidata.org/entity/Q892,Джон Рональд Руэл Толкин,фэнтези,1977-09-15T00:00:00Z,
http://www.wikidata.org/entity/Q136767459,"Patrick Henry, Jupiter, and the Little Red Brick Spaceship",http://www.wikidata.org/entity/Q181677,Джордж Р. Р. Мартин,научная фантастика,1976-01-01T00:00:00Z,
http://www.wikidata.org/entity/Q135094220,The Man Who Had No Idea,http://www.wikidata.org/entity/Q708581,Томас М. Диш,научная фантастика,1982-01-01T00:00:00Z,
http://www.wikidata.org/entity/Q3231303,The World Wreckers,http://www.wikidata.org/entity/Q465179,Мэрион Зиммер Брэдли,фэнтези,1971-01-01T00:00:00Z,Ace Books
http://www.wikidata.org/entity/Q2657392,Рука Оберона,http://www.wikidata.org/entity/Q295406,Роджер Желязны,фэнтези,1976-06-01T00:00:00Z,Doubleday
http://www.wikidata.org/entity/Q721,"Жизнь, Вселенная и всё остальное",http://www.wikidata.org/entity/Q42,Дуглас Адамс,фэнтези,1982-08-01T00:00:00Z,Pan Books
http://www.wikidata.org/entity/Q2346673,Драконы осенних сумерек,http://www.wikidata.org/entity/Q353137,Трейси Хикмен,фэнтези,1984-04-01T00:00:00Z,
http://www.wikidata.org/entity/Q2855197,The Dragon Hoard,http://www.wikidata.org/entity/Q261962,Танит Ли,фэнтези,1971-01-01T00:00:00Z,
http://www.wikidata.org/entity/Q2730105,Хрустальный грот,http://www.wikidata.org/entity/Q271111,Мэри Стюарт,фэнтези,1970-01-01T00:00:00Z,William Morrow and Company
http://www.wikidata.org/entity/Q471926,Глаза дракона,http://www.wikidata.org/entity/Q39829,Стивен Кинг,фэнтези,1984-01-01T00:00:00Z,Viking Press
http://www.wikidata.org/entity/Q936801,Обитатели холмов,http://www.wikidata.org/entity/Q313289,Ричард Адамс,фэнтези,1972-11-01T00:00:00Z,
http://www.wikidata.org/entity/Q1770433,Лес Мифаго,http://www.wikidata.org/entity/Q890980,Роберт Холдсток,фэнтези,1984-09-01T00:00:00Z,
http://www.wikidata.org/entity/Q721,"Жизнь, Вселенная и всё остальное",http://www.wikidata.org/entity/Q42,Дуглас Адамс,фэнтези,1982-08-01T00:00:00Z,Harmony Books
http://www.wikidata.org/entity/Q3818271,Канун всех святых,http://www.wikidata.org/entity/Q40640,Рэй Брэдбери,фэнтези,1972-01-01T00:00:00Z,Alfred A. Knopf
http://www.wikidata.org/entity/Q1613936,Bored of the Rings,http://www.wikidata.org/entity/Q5717932,Генри Бирд,фэнтези,1969-09-01T00:00:00Z,
http://www.wikidata.org/entity/Q1613936,Bored of the Rings,http://www.wikidata.org/entity/Q5717932,Генри Бирд,фэнтези,1969-01-01T00:00:00Z,
http://www.wikidata.org/entity/Q3210276,Мечи и ледовая магия,http://www.wikidata.org/entity/Q313185,Фриц Лейбер,фэнтези,1977-01-01T00:00:00Z,
http://www.wikidata.org/entity/Q2738156,Джуманджи,http://www.wikidata.org/entity/Q704553,Крис Ван Оллсбург,фэнтези,1981-01-01T00:00:00Z,Houghton Mifflin Harcourt
http://www.wikidata.org/entity/Q136300164,For the Sake of Grace,http://www.wikidata.org/entity/Q2741191,Сьюзет Хейден Элджин,научная фантастика,1969-01-01T00:00:00Z,
http://www.wikidata.org/entity/Q136762350,Nobody Leaves New Pittsburg,http://www.wikidata.org/entity/Q181677,Джордж Р. Р. Мартин,научная фантастика,1976-09-01T00:00:00Z,
http://www.wikidata.org/entity/Q32136,Цвет волшебства,http://www.wikidata.org/entity/Q46248,Терри Пратчетт,фэнтези,1983-11-24T00:00:00Z,
http://www.wikidata.org/entity/Q1645751,Плавучие театры Большой планеты,http://www.wikidata.org/entity/Q312632,Джек Вэнс,фэнтези,1975-03-01T00:00:00Z,Jove Books
http://www.wikidata.org/entity/Q3224465,Повелитель Прошлого,http://www.wikidata.org/entity/Q982489,R. A. Lafferty,фэнтези,1968-01-01T00:00:00Z,Ace Books
http://www.wikidata.org/entity/Q2082630,Сага о Кугеле,http://www.wikidata.org/entity/Q312632,Джек Вэнс,фэнтези,1983-11-01T00:00:00Z,Timescape Books
http://www.wikidata.org/entity/Q2082630,Сага о Кугеле,http://www.wikidata.org/entity/Q312632,Джек Вэнс,фэнтези,1983-11-01T00:00:00Z,Underwood–Miller
http://www.wikidata.org/entity/Q79762,Сильмариллион,http://www.wikidata.org/entity/Q892,Джон Рональд Руэл Толкин,фэнтези,1977-09-15T00:00:00Z,
http://www.wikidata.org/entity/Q3209921,Милость Келсона,http://www.wikidata.org/entity/Q443109,Кэтрин Куртц,фэнтези,1985-11-01T00:00:00Z,Ballantine Books
http://www.wikidata.org/entity/Q1845356,Глаза чужого мира,http://www.wikidata.org/entity/Q312632,Джек Вэнс,фэнтези,1966-01-01T00:00:00Z,Ace Books
http://www.wikidata.org/entity/Q3222632,Создатель Вселенных,http://www.wikidata.org/entity/Q296256,Филип Хосе Фармер,фэнтези,1965-01-01T00:00:00Z,Ace Books
http://www.wikidata.org/entity/Q2662175,Драконы зимней ночи,http://www.wikidata.org/entity/Q233033,Маргарет Уэйс,фэнтези,1985-04-01T00:00:00Z,
http://www.wikidata.org/entity/Q3230486,Free Amazons of Darkover,http://www.wikidata.org/entity/Q465179,Мэрион Зиммер Брэдли,фэнтези,1985-01-01T00:00:00Z,DAW Books
http://www.wikidata.org/entity/Q1984729,Корона кобры,http://www.wikidata.org/entity/Q1248054,Лин Картер,фэнтези,1971-01-01T00:00:00Z,
http://www.wikidata.org/entity/Q2913897,Последнее волшебство,http://www.wikidata.org/entity/Q271111,Мэри Стюарт,фэнтези,1979-01-01T00:00:00Z,Hodder & Stoughton
http://www.wikidata.org/entity/Q2872449,Сайрион,http://www.wikidata.org/entity/Q261962,Танит Ли,фэнтези,1982-01-01T00:00:00Z,
http://www.wikidata.org/entity/Q1545663,Грендель,http://www.wikidata.org/entity/Q1381985,Джон Гарднер,фэнтези,1971-01-01T00:00:00Z,Alfred A. Knopf
http://www.wikidata.org/entity/Q3221672,Граф Карлштайн,http://www.wikidata.org/entity/Q190220,Филип Пулман,фэнтези,1982-01-01T00:00:00Z,Chatto & Windus
http://www.wikidata.org/entity/Q2966793,Хроники Маджипура,http://www.wikidata.org/entity/Q314553,Роберт Силверберг,фэнтези,1982-01-01T00:00:00Z,
http://www.wikidata.org/entity/Q967268,Последний Единорог,http://www.wikidata.org/entity/Q285007,Питер Бигл,фэнтези,1968-01-01T00:00:00Z,
http://www.wikidata.org/entity/Q2268391,Излом времени,http://www.wikidata.org/entity/Q257261,Мадлен Л’Энгл,фэнтези,1963-01-01T00:00:00Z,"Farrar, Straus and Giroux"
http://www.wikidata.org/entity/Q3222632,Создатель Вселенных,http://www.wikidata.org/entity/Q296256,Филип Хосе Фармер,фэнтези,1969-01-01T00:00:00Z,Ace Books
http://www.wikidata.org/entity/Q2795742,Ледяной дракон,http://www.wikidata.org/entity/Q181677,Джордж Р. Р. Мартин,фэнтези,1980-01-01T00:00:00Z,Ace Books
http://www.wikidata.org/entity/Q1545663,Грендель,http://www.wikidata.org/entity/Q1381985,Джон Гарднер,фэнтези,1971-01-01T00:00:00Z,Victor Gollancz
http://www.wikidata.org/entity/Q3026489,Проклятие лорда Фаула,http://www.wikidata.org/entity/Q457185,Стивен Дональдсон,фэнтези,1977-01-01T00:00:00Z,Holt McDougal
http://www.wikidata.org/entity/Q1422318,Стрелок,http://www.wikidata.org/entity/Q39829,Стивен Кинг,фэнтези,1982-06-10T00:00:00Z,"Donald M. Grant, Publisher"
http://www.wikidata.org/entity/Q2662191,Драконы весеннего рассвета,http://www.wikidata.org/entity/Q233033,Маргарет Уэйс,фэнтези,1985-09-01T00:00:00Z,
http://www.wikidata.org/entity/Q534991,Письма Рождественского Деда,http://www.wikidata.org/entity/Q892,Джон Рональд Руэл Толкин,фэнтези,1976-01-01T00:00:00Z,
http://www.wikidata.org/entity/Q3792899,Чёрным по чёрному,http://www.wikidata.org/entity/Q363810,Тим Пауэрс,фэнтези,1979-06-01T00:00:00Z,Grafton
http://www.wikidata.org/entity/Q882388,Кровавая комната,http://www.wikidata.org/entity/Q234519,Анджела Картер,фэнтези,1979-01-01T00:00:00Z,Victor Gollancz
http://www.wikidata.org/entity/Q3207312,The Shattered Chain,http://www.wikidata.org/entity/Q465179,Мэрион Зиммер Брэдли,фэнтези,1976-04-01T00:00:00Z,DAW Books
http://www.wikidata.org/entity/Q966507,Владыка ночи,http://www.wikidata.org/entity/Q261962,Танит Ли,фэнтези,1978-01-01T00:00:00Z,DAW Books
http://www.wikidata.org/entity/Q1989233,Джек из Тени,http://www.wikidata.org/entity/Q295406,Роджер Желязны,фэнтези,1971-01-01T00:00:00Z,Bloomsbury Publishing
http://www.wikidata.org/entity/Q3226765,Возвышение Дерини,http://www.wikidata.org/entity/Q443109,Кэтрин Куртц,фэнтези,1970-08-01T00:00:00Z,Ballantine Books
http://www.wikidata.org/entity/Q2027021,The Castle of Dark,http://www.wikidata.org/entity/Q261962,Танит Ли,фэнтези,1978-01-01T00:00:00Z,
http://www.wikidata.org/entity/Q828031,Воспламеняющая взглядом,http://www.wikidata.org/entity/Q39829,Стивен Кинг,фэнтези,1980-09-29T00:00:00Z,Viking Press
http://www.wikidata.org/entity/Q3207268,Шахматная партия Дерини,http://www.wikidata.org/entity/Q443109,Кэтрин Куртц,фэнтези,1972-05-01T00:00:00Z,Ballantine Books
http://www.wikidata.org/entity/Q3207442,Цитадель Автарха,http://www.wikidata.org/entity/Q361149,Джин Вулф,фэнтези,1983-01-01T00:00:00Z,
http://www.wikidata.org/entity/Q3207042,The Winds of Darkover,http://www.wikidata.org/entity/Q465179,Мэрион Зиммер Брэдли,фэнтези,1970-01-01T00:00:00Z,Ace Books
http://www.wikidata.org/entity/Q2996937,Знак Единорога,http://www.wikidata.org/entity/Q295406,Роджер Желязны,фэнтези,1975-02-01T00:00:00Z,Doubleday
http://www.wikidata.org/entity/Q3790781,Falcons of Narabedla,http://www.wikidata.org/entity/Q465179,Мэрион Зиммер Брэдли,фэнтези,1964-01-01T00:00:00Z,Ace Books
http://www.wikidata.org/entity/Q3920897,"Сабелла, или Кровавый камень",http://www.wikidata.org/entity/Q261962,Танит Ли,фэнтези,1980-04-01T00:00:00Z,
http://www.wikidata.org/entity/Q1940145,Волшебный автомобиль Чих-Чих-Бум-Бум,http://www.wikidata.org/entity/Q82104,Ян Флеминг,фэнтези,1964-10-22T00:00:00Z,Jonathan Cape
http://www.wikidata.org/entity/Q3207268,Шахматная партия Дерини,http://www.wikidata.org/entity/Q443109,Кэтрин Куртц,фэнтези,1972-05-01T00:00:00Z,Ace Books
http://www.wikidata.org/entity/Q952738,The Warlock of Firetop Mountain,http://www.wikidata.org/entity/Q727934,Стив Джексон,фэнтези,1982-08-27T00:00:00Z,
http://www.wikidata.org/entity/Q2196893,Полёт дракона,http://www.wikidata.org/entity/Q233046,Энн Маккефри,фэнтези,1968-07-01T00:00:00Z,Ballantine Books
http://www.wikidata.org/entity/Q2779057,Убить мёртвых,http://www.wikidata.org/entity/Q261962,Танит Ли,фэнтези,1980-09-01T00:00:00Z,
http://www.wikidata.org/entity/Q2268391,Излом времени,http://www.wikidata.org/entity/Q257261,Мадлен Л’Энгл,фэнтези,1962-01-01T00:00:00Z,"Farrar, Straus and Giroux"
http://www.wikidata.org/entity/Q3220685,Сын епископа,http://www.wikidata.org/entity/Q443109,Кэтрин Куртц,фэнтези,1984-10-01T00:00:00Z,Ballantine Books
http://www.wikidata.org/entity/Q1935913,Принцесса-невеста,http://www.wikidata.org/entity/Q506885,Уильям Голдман,фэнтези,1973-01-01T00:00:00Z,
http://www.wikidata.org/entity/Q2288175,На последнем берегу,http://www.wikidata.org/entity/Q181659,Урсула Крёбер Ле Гуин,фэнтези,1972-09-01T00:00:00Z,
http://www.wikidata.org/entity/Q1984729,Корона кобры,http://www.wikidata.org/entity/Q316313,Лайон Спрэг де Камп,фэнтези,1971-01-01T00:00:00Z,
http://www.wikidata.org/entity/Q3212209,Владычица магии,http://www.wikidata.org/entity/Q354888,Дэвид Эддингс,фэнтези,1982-11-01T00:00:00Z,
http://www.wikidata.org/entity/Q2956167,Песнь о Лии,http://www.wikidata.org/entity/Q181677,Джордж Р. Р. Мартин,фэнтези,1976-02-01T00:00:00Z,Avon Publications
http://www.wikidata.org/entity/Q2996611,Ружья Авалона,http://www.wikidata.org/entity/Q295406,Роджер Желязны,фэнтези,1972-01-01T00:00:00Z,Doubleday
http://www.wikidata.org/entity/Q1773137,Меч Шаннары,http://www.wikidata.org/entity/Q318845,Терренс Дин Брукс,фэнтези,1977-04-01T00:00:00Z,Del Rey Books
http://www.wikidata.org/entity/Q952738,The Warlock of Firetop Mountain,http://www.wikidata.org/entity/Q1082789,Ян Ливингстон,фэнтези,1982-08-27T00:00:00Z,
http://www.wikidata.org/entity/Q1760824,Повелительница ястреба,http://www.wikidata.org/entity/Q465179,Мэрион Зиммер Брэдли,фэнтези,1982-09-01T00:00:00Z,DAW Books
http://www.wikidata.org/entity/Q1219490,Семь подземных королей,http://www.wikidata.org/entity/Q1358834,Александр Мелентьевич Волков,фэнтези,1964-01-01T00:00:00Z,
http://www.wikidata.org/entity/Q3051690,Elric at the End of Time,http://www.wikidata.org/entity/Q316138,Майкл Муркок,фэнтези,1984-05-01T00:00:00Z,
http://www.wikidata.org/entity/Q1973586,Хозяева драконов,http://www.wikidata.org/entity/Q312632,Джек Вэнс,фэнтези,1962-08-01T00:00:00Z,Ace Books
http://www.wikidata.org/entity/Q3878871,Nights at the Circus,http://www.wikidata.org/entity/Q234519,Анджела Картер,фэнтези,1984-03-04T00:00:00Z,Chatto & Windus
http://www.wikidata.org/entity/Q3212908,Спящая волшебница,http://www.wikidata.org/entity/Q316138,Майкл Муркок,фэнтези,1971-01-01T00:00:00Z,
http://www.wikidata.org/entity/Q2662175,Драконы зимней ночи,http://www.wikidata.org/entity/Q353137,Трейси Хикмен,фэнтези,1985-04-01T00:00:00Z,
http://www.wikidata.org/entity/Q3883945,Операция «Хаос»,http://www.wikidata.org/entity/Q220883,Пол Уильям Андерсон,фэнтези,1971-01-01T00:00:00Z,Doubleday
http://www.wikidata.org/entity/Q3028014,Дилвиш Проклятый,http://www.wikidata.org/entity/Q295406,Роджер Желязны,фэнтези,1982-01-01T00:00:00Z,Del Rey Books
http://www.wikidata.org/entity/Q3795023,Dinner at Deviant's Palace,http://www.wikidata.org/entity/Q363810,Тим Пауэрс,фэнтези,1985-01-01T00:00:00Z,
http://www.wikidata.org/entity/Q2346673,Драконы осенних сумерек,http://www.wikidata.org/entity/Q233033,Маргарет Уэйс,фэнтези,1984-04-01T00:00:00Z,
http://www.wikidata.org/entity/Q2353704,"Lycanthia, or The Children of Wolves",http://www.wikidata.org/entity/Q261962,Танит Ли,фэнтези,1981-04-01T00:00:00Z,
http://www.wikidata.org/entity/Q136490655,The Tenth Planet,http://www.wikidata.org/entity/Q1286138,Эдмунд Купер,научная фантастика,1973-01-01T00:00:00Z,
http://www.wikidata.org/entity/Q2976056,Странствия дракона,http://www.wikidata.org/entity/Q233046,Энн Маккефри,фэнтези,1971-05-01T00:00:00Z,Ballantine Books
http://www.wikidata.org/entity/Q2683585,Владыка иллюзий,http://www.wikidata.org/entity/Q261962,Танит Ли,фэнтези,1981-09-01T00:00:00Z,DAW Books
http://www.wikidata.org/entity/Q1760447,Thendara House,http://www.wikidata.org/entity/Q465179,Мэрион Зиммер Брэдли,фэнтези,1983-09-01T00:00:00Z,DAW Books
http://www.wikidata.org/entity/Q3202921,Песнь Шаннары,http://www.wikidata.org/entity/Q318845,Терренс Дин Брукс,фэнтези,1985-05-01T00:00:00Z,Del Rey Books
http://www.wikidata.org/entity/Q951615,Обретение чуда,http://www.wikidata.org/entity/Q354888,Дэвид Эддингс,фэнтези,1982-04-01T00:00:00Z,
http://www.wikidata.org/entity/Q2000356,Сад принцессы Сульдрун,http://www.wikidata.org/entity/Q312632,Джек Вэнс,фэнтези,1983-04-01T00:00:00Z,
http://www.wikidata.org/entity/Q824307,Легенда,http://www.wikidata.org/entity/Q220450,Дэвид Геммел,фэнтези,1984-04-01T00:00:00Z,Random House
http://www.wikidata.org/entity/Q3011896,Дагон и другие жуткие рассказы,http://www.wikidata.org/entity/Q169566,Говард Филлипс Лавкрафт,фэнтези,1965-01-01T00:00:00Z,Arkham House
http://www.wikidata.org/entity/Q2920661,Вечный Тук,http://www.wikidata.org/entity/Q514080,Натали Баббитт,фэнтези,1975-01-01T00:00:00Z,"Farrar, Straus and Giroux"
http://www.wikidata.org/entity/Q3223032,В поисках камня,http://www.wikidata.org/entity/Q354888,Дэвид Эддингс,фэнтези,1983-06-01T00:00:00Z,
http://www.wikidata.org/entity/Q2344912,Туман,http://www.wikidata.org/entity/Q39829,Стивен Кинг,фэнтези,1980-08-01T00:00:00Z,New American Library
http://www.wikidata.org/entity/Q963537,Свирепый Пеллюсидар,http://www.wikidata.org/entity/Q148234,Эдгар Райс Берроуз,фэнтези,1963-01-01T00:00:00Z,Canaveral Press
http://www.wikidata.org/entity/Q962348,Тихий уголок,http://www.wikidata.org/entity/Q285007,Питер Бигл,фэнтези,1960-01-01T00:00:00Z,Viking Press
http://www.wikidata.org/entity/Q139917434,Не по правилам,http://www.wikidata.org/entity/Q286116,Альфред Бестер,научная фантастика,1963-10-01T00:00:00Z,
http://www.wikidata.org/entity/Q2662191,Драконы весеннего рассвета,http://www.wikidata.org/entity/Q353137,Трейси Хикмен,фэнтези,1985-09-01T00:00:00Z,
http://www.wikidata.org/entity/Q3202276,Колдовской мир,http://www.wikidata.org/entity/Q235899,Андре Нортон,фэнтези,1963-01-01T00:00:00Z,Ace Books
http://www.wikidata.org/entity/Q1907286,Анакир,http://www.wikidata.org/entity/Q261962,Танит Ли,фэнтези,1983-10-01T00:00:00Z,
http://www.wikidata.org/entity/Q945558,Королева бурь,http://www.wikidata.org/entity/Q465179,Мэрион Зиммер Брэдли,фэнтези,1978-06-01T00:00:00Z,DAW Books
http://www.wikidata.org/entity/Q462454,Талисман,http://www.wikidata.org/entity/Q39829,Стивен Кинг,фэнтези,1984-11-08T00:00:00Z,Viking Press
http://www.wikidata.org/entity/Q3224088,Два завоевателя,http://www.wikidata.org/entity/Q465179,Мэрион Зиммер Брэдли,фэнтези,1980-06-01T00:00:00Z,DAW Books
http://www.wikidata.org/entity/Q3313848,Мастер-чародей,http://www.wikidata.org/entity/Q350404,Раймонд Фэйст,фэнтези,1982-10-01T00:00:00Z,
http://www.wikidata.org/entity/Q838776,Мост в Терабитию,http://www.wikidata.org/entity/Q236321,Кэтрин Патерсон,фэнтези,1977-10-21T00:00:00Z,Thomas Y. Crowell Co.
http://www.wikidata.org/entity/Q3040730,Подменённый,http://www.wikidata.org/entity/Q295406,Роджер Желязны,фэнтези,1980-06-01T00:00:00Z,
http://www.wikidata.org/entity/Q3213211,The Forbidden Tower,http://www.wikidata.org/entity/Q465179,Мэрион Зиммер Брэдли,фэнтези,1977-09-01T00:00:00Z,DAW Books
http://www.wikidata.org/entity/Q2344912,Туман,http://www.wikidata.org/entity/Q39829,Стивен Кинг,фэнтези,1980-08-01T00:00:00Z,Viking Press
http://www.wikidata.org/entity/Q2657600,Владения Хаоса,http://www.wikidata.org/entity/Q295406,Роджер Желязны,фэнтези,1978-10-01T00:00:00Z,Doubleday
http://www.wikidata.org/entity/Q3227631,Q3227631,http://www.wikidata.org/entity/Q207640,Роберт Ирвин Говард,фэнтези,1985-11-01T00:00:00Z,
http://www.wikidata.org/entity/Q3207217,Певица Перна,http://www.wikidata.org/entity/Q233046,Энн Маккефри,фэнтези,1977-02-01T00:00:00Z,Atheneum Books
http://www.wikidata.org/entity/Q3203368,Sharra's Exile,http://www.wikidata.org/entity/Q465179,Мэрион Зиммер Брэдли,фэнтези,1981-10-01T00:00:00Z,DAW Books
http://www.wikidata.org/entity/Q136469025,Пора закрываться,http://www.wikidata.org/entity/Q181677,Джордж Р. Р. Мартин,научная фантастика,1982-01-01T00:00:00Z,
http://www.wikidata.org/entity/Q3928529,The Book of Lost Tales: Part II,http://www.wikidata.org/entity/Q892,Джон Рональд Руэл Толкин,фэнтези,1984-01-01T00:00:00Z,
http://www.wikidata.org/entity/Q3063803,Магический лабиринт,http://www.wikidata.org/entity/Q296256,Филип Хосе Фармер,фэнтези,1980-05-01T00:00:00Z,Berkley Books
http://www.wikidata.org/entity/Q1613936,Bored of the Rings,http://www.wikidata.org/entity/Q3038012,Дуглас Кенни,фэнтези,1969-09-01T00:00:00Z,
http://www.wikidata.org/entity/Q462454,Талисман,http://www.wikidata.org/entity/Q364189,Питер Страуб,фэнтези,1984-11-08T00:00:00Z,Viking Press
http://www.wikidata.org/entity/Q2891156,Роза ветров,http://www.wikidata.org/entity/Q181659,Урсула Крёбер Ле Гуин,фэнтези,1982-01-01T00:00:00Z,Pendragon Press
http://www.wikidata.org/entity/Q3209610,Коготь миротворца,http://www.wikidata.org/entity/Q361149,Джин Вулф,фэнтези,1981-03-01T00:00:00Z,Simon & Schuster
http://www.wikidata.org/entity/Q1613936,Bored of the Rings,http://www.wikidata.org/entity/Q3038012,Дуглас Кенни,фэнтези,1969-01-01T00:00:00Z,
http://www.wikidata.org/entity/Q3205411,Меч ликтора,http://www.wikidata.org/entity/Q361149,Джин Вулф,фэнтези,1982-01-01T00:00:00Z,
http://www.wikidata.org/entity/Q1010653,"Иов, или Осмеяние справедливости",http://www.wikidata.org/entity/Q123078,Роберт Хайнлайн,фэнтези,1984-09-01T00:00:00Z,Del Rey Books
http://www.wikidata.org/entity/Q2915854,Грезы Февра,http://www.wikidata.org/entity/Q181677,Джордж Р. Р. Мартин,фэнтези,1982-10-01T00:00:00Z,
http://www.wikidata.org/entity/Q1989821,Книга Трёх,http://www.wikidata.org/entity/Q366643,Ллойд Александер,фэнтези,1964-03-12T00:00:00Z,Henry Holt and Company
http://www.wikidata.org/entity/Q478250,Кузнец из Большого Вуттона,http://www.wikidata.org/entity/Q892,Джон Рональд Руэл Толкин,фэнтези,1967-01-01T00:00:00Z,George Allen & Unwin
http://www.wikidata.org/entity/Q1010653,"Иов, или Осмеяние справедливости",http://www.wikidata.org/entity/Q123078,Роберт Хайнлайн,фэнтези,1984-09-01T00:00:00Z,Ballantine Books
http://www.wikidata.org/entity/Q3823481,The Passion of New Eve,http://www.wikidata.org/entity/Q234519,Анджела Картер,фэнтези,1977-01-01T00:00:00Z,Victor Gollancz
http://www.wikidata.org/entity/Q3226696,Мечи Ланкмара,http://www.wikidata.org/entity/Q313185,Фриц Лейбер,фэнтези,1968-01-01T00:00:00Z,Ace Books
http://www.wikidata.org/entity/Q3213209,Обитель чародеев,http://www.wikidata.org/entity/Q354888,Дэвид Эддингс,фэнтези,1984-05-01T00:00:00Z,
http://www.wikidata.org/entity/Q3207474,City of Sorcery,http://www.wikidata.org/entity/Q465179,Мэрион Зиммер Брэдли,фэнтези,1984-10-01T00:00:00Z,DAW Books
http://www.wikidata.org/entity/Q13912,"Там, где живут чудовища",http://www.wikidata.org/entity/Q314771,Морис Сендак,фэнтези,1963-11-13T00:00:00Z,Harper
http://www.wikidata.org/entity/Q489581,Песнь Кали,http://www.wikidata.org/entity/Q297538,Дэн Симмонс,фэнтези,1985-11-01T00:00:00Z,James Frenkel
http://www.wikidata.org/entity/Q1213440,Иствикские ведьмы,http://www.wikidata.org/entity/Q105756,Джон Апдайк,фэнтези,1984-04-12T00:00:00Z,
http://www.wikidata.org/entity/Q3828782,The Infernal Desire Machines of Doctor Hoffman,http://www.wikidata.org/entity/Q234519,Анджела Картер,фэнтези,1972-01-01T00:00:00Z,Руперт Харт-Дэвис
http://www.wikidata.org/entity/Q1422745,Ведьмы,http://www.wikidata.org/entity/Q25161,Роальд Даль,фэнтези,1983-01-01T00:00:00Z,
http://www.wikidata.org/entity/Q2070380,Гробницы Атуана,http://www.wikidata.org/entity/Q181659,Урсула Крёбер Ле Гуин,фэнтези,1971-01-01T00:00:00Z,
http://www.wikidata.org/entity/Q2258634,Долина Тьмы,http://www.wikidata.org/entity/Q350404,Раймонд Фэйст,фэнтези,1985-05-07T00:00:00Z,Doubleday
http://www.wikidata.org/entity/Q1771810,Волшебник Земноморья,http://www.wikidata.org/entity/Q181659,Урсула Крёбер Ле Гуин,фэнтези,1968-01-01T00:00:00Z,Kinneret Zmora-Bitan Dvir
http://www.wikidata.org/entity/Q3706436,The Rim of the Unknown,http://www.wikidata.org/entity/Q975994,Фрэнк Белнэп Лонг,фэнтези,1972-01-01T00:00:00Z,Arkham House
http://www.wikidata.org/entity/Q3208951,Последняя игра,http://www.wikidata.org/entity/Q354888,Дэвид Эддингс,фэнтези,1984-12-01T00:00:00Z,
http://www.wikidata.org/entity/Q2906934,"Маленький, большой",http://www.wikidata.org/entity/Q736447,Джон Краули,фэнтези,1981-08-01T00:00:00Z,
http://www.wikidata.org/entity/Q3228199,Полёт гарпии,http://www.wikidata.org/entity/Q234403,Робин Хобб,фэнтези,1983-02-01T00:00:00Z,
http://www.wikidata.org/entity/Q2654518,Карты судьбы,http://www.wikidata.org/entity/Q295406,Роджер Желязны,фэнтези,1985-05-01T00:00:00Z,Arbor House
http://www.wikidata.org/entity/Q139917339,Девушки и Наджент Миллер,http://www.wikidata.org/entity/Q333246,Роберт Шекли,научная фантастика,1960-03-01T00:00:00Z,
http://www.wikidata.org/entity/Q1219128,Amy's Eyes,http://www.wikidata.org/entity/Q1411615,Ричард Кеннеди,фэнтези,1985-01-01T00:00:00Z,
http://www.wikidata.org/entity/Q3224982,Скиталец по морям судьбы,http://www.wikidata.org/entity/Q316138,Майкл Муркок,фэнтези,1976-03-01T00:00:00Z,
http://www.wikidata.org/entity/Q3966488,Чародей с гитарой,http://www.wikidata.org/entity/Q575345,Алан Дин Фостер,фэнтези,1983-03-01T00:00:00Z,Hachette Book Group
http://www.wikidata.org/entity/Q5281504,Disclosures in Scarlet,http://www.wikidata.org/entity/Q2503902,Карл Якоби,фэнтези,1972-01-01T00:00:00Z,Arkham House
http://www.wikidata.org/entity/Q5314716,Летнее Солнцестояние / Брекен и Ребекка,http://www.wikidata.org/entity/Q2005408,Уильям Хорвуд,фэнтези,1980-03-01T00:00:00Z,S&P Global
http://www.wikidata.org/entity/Q4920833,Тень чёрного бога,http://www.wikidata.org/entity/Q242530,Кэтрин Люсиль Мур,фэнтези,1977-01-01T00:00:00Z,"Donald M. Grant, Publisher"
http://www.wikidata.org/entity/Q5299863,Double Phoenix,http://www.wikidata.org/entity/Q1286138,Эдмунд Купер,фэнтези,1971-01-01T00:00:00Z,
http://www.wikidata.org/entity/Q3589384,Мечи в тумане,http://www.wikidata.org/entity/Q313185,Фриц Лейбер,фэнтези,1968-01-01T00:00:00Z,Ace Books
http://www.wikidata.org/entity/Q5638022,Хэдон из Древнего Опара,http://www.wikidata.org/entity/Q296256,Филип Хосе Фармер,фэнтези,1974-01-01T00:00:00Z,DAW Books
http://www.wikidata.org/entity/Q4185859,Замок Ругна,http://www.wikidata.org/entity/Q559409,Пирс Энтони,фэнтези,1979-07-01T00:00:00Z,Del Rey Books
http://www.wikidata.org/entity/Q5305328,Dragon of the Lost Sea,http://www.wikidata.org/entity/Q6140101,Лоуренс Е,фэнтези,1982-01-01T00:00:00Z,
http://www.wikidata.org/entity/Q4921998,Чёрные слёзы,http://www.wikidata.org/entity/Q316313,Лайон Спрэг де Камп,фэнтези,1968-01-01T00:00:00Z,
http://www.wikidata.org/entity/Q4076712,Баллада о гибкой пуле,http://www.wikidata.org/entity/Q39829,Стивен Кинг,фэнтези,1984-06-01T00:00:00Z,
http://www.wikidata.org/entity/Q4887190,Под торфяниками,http://www.wikidata.org/entity/Q912602,Брайан Ламли,фэнтези,1974-01-01T00:00:00Z,Arkham House
http://www.wikidata.org/entity/Q3256063,Полые холмы,http://www.wikidata.org/entity/Q271111,Мэри Стюарт,фэнтези,1973-01-01T00:00:00Z,Hodder & Stoughton
http://www.wikidata.org/entity/Q5316199,Durandal,http://www.wikidata.org/entity/Q3270225,Гарольд Альберт Лэмб,фэнтези,1981-01-01T00:00:00Z,"Donald M. Grant, Publisher"
http://www.wikidata.org/entity/Q4264977,The Tolkien Reader,http://www.wikidata.org/entity/Q892,Джон Рональд Руэл Толкин,фэнтези,1966-09-01T00:00:00Z,Ballantine Books
http://www.wikidata.org/entity/Q3439806,Святой Камбер,http://www.wikidata.org/entity/Q443109,Кэтрин Куртц,фэнтези,1978-10-01T00:00:00Z,Ballantine Books
http://www.wikidata.org/entity/Q4507517,Чары для Хамелеоши,http://www.wikidata.org/entity/Q559409,Пирс Энтони,фэнтези,1977-09-01T00:00:00Z,
http://www.wikidata.org/entity/Q5227915,Daughter of Regals,http://www.wikidata.org/entity/Q457185,Стивен Дональдсон,фэнтези,1984-01-01T00:00:00Z,"Donald M. Grant, Publisher"
http://www.wikidata.org/entity/Q5299863,Double Phoenix,http://www.wikidata.org/entity/Q3044868,Роджер Ланселин Грин,фэнтези,1971-01-01T00:00:00Z,
http://www.wikidata.org/entity/Q4656700,Пир потаённый,http://www.wikidata.org/entity/Q296256,Филип Хосе Фармер,фэнтези,1969-01-01T00:00:00Z,
http://www.wikidata.org/entity/Q4921170,Чёрный Легион Каллисто,http://www.wikidata.org/entity/Q1248054,Лин Картер,фэнтези,1972-01-01T00:00:00Z,Dell Publishing
http://www.wikidata.org/entity/Q5531532,Gene Wolfe's Book of Days,http://www.wikidata.org/entity/Q361149,Джин Вулф,фэнтези,1981-01-01T00:00:00Z,Doubleday
http://www.wikidata.org/entity/Q5146033,Collected Ghost Stories,http://www.wikidata.org/entity/Q276421,Мэри Уилкинс,фэнтези,1974-01-01T00:00:00Z,Arkham House
http://www.wikidata.org/entity/Q2492950,Девять принцев Амбера,http://www.wikidata.org/entity/Q295406,Роджер Желязны,фэнтези,1970-06-01T00:00:00Z,Doubleday
http://www.wikidata.org/entity/Q3080500,Одержимый магией,http://www.wikidata.org/entity/Q295406,Роджер Желязны,фэнтези,1981-07-01T00:00:00Z,
http://www.wikidata.org/entity/Q3273588,Заколдованная жизнь,http://www.wikidata.org/entity/Q236829,Диана Уинн Джонс,фэнтези,1977-01-01T00:00:00Z,Macmillan Publishers
http://www.wikidata.org/entity/Q5663569,Арфист на ветру,http://www.wikidata.org/entity/Q268755,Патриция Маккиллип,фэнтези,1979-04-01T00:00:00Z,Atheneum Books
http://www.wikidata.org/entity/Q3407200,The Planet Savers,http://www.wikidata.org/entity/Q465179,Мэрион Зиммер Брэдли,фэнтези,1962-01-01T00:00:00Z,Ace Books
http://www.wikidata.org/entity/Q3233147,Les Habitants des tombes,http://www.wikidata.org/entity/Q207640,Роберт Ирвин Говард,фэнтези,1985-09-01T00:00:00Z,
http://www.wikidata.org/entity/Q2538455,Дорога славы,http://www.wikidata.org/entity/Q123078,Роберт Хайнлайн,фэнтези,1963-07-01T00:00:00Z,G. P. Putnam's Sons
http://www.wikidata.org/entity/Q4101727,В логове нечисти,http://www.wikidata.org/entity/Q294625,Клиффорд Дональд Саймак,фэнтези,1982-01-01T00:00:00Z,
http://www.wikidata.org/entity/Q5384529,Equinox,http://www.wikidata.org/entity/Q438164,Сэмюэль Дилэни,фэнтези,1973-01-01T00:00:00Z,Lancer Books
http://www.wikidata.org/entity/Q4884626,Below the Root,http://www.wikidata.org/entity/Q8071937,Zilpha Keatley Snyder,фэнтези,1975-01-01T00:00:00Z,Atheneum Books
http://www.wikidata.org/entity/Q3549108,The Vampire Tapestry,http://www.wikidata.org/entity/Q441603,Сюзи Макки Чарнас,фэнтези,1980-08-01T00:00:00Z,Simon & Schuster
http://www.wikidata.org/entity/Q5284128,Divine Right's Trip,http://www.wikidata.org/entity/Q5620215,Gurney Norman,фэнтези,1972-01-01T00:00:00Z,Dial Press
http://www.wikidata.org/entity/Q3525781,Колдун Лемурии,http://www.wikidata.org/entity/Q1248054,Лин Картер,фэнтези,1965-01-01T00:00:00Z,Ace Books
http://www.wikidata.org/entity/Q5047028,Сын менестреля,http://www.wikidata.org/entity/Q236829,Диана Уинн Джонс,фэнтези,1975-01-01T00:00:00Z,Macmillan Publishers
http://www.wikidata.org/entity/Q3234684,Эльфийские камни Шаннары,http://www.wikidata.org/entity/Q318845,Терренс Дин Брукс,фэнтези,1982-07-01T00:00:00Z,Del Rey Books
http://www.wikidata.org/entity/Q5373014,Emma in Winter,http://www.wikidata.org/entity/Q2068767,Penelope Farmer,фэнтези,1966-01-01T00:00:00Z,Chatto & Windus
http://www.wikidata.org/entity/Q4655363,A Barnstormer in Oz,http://www.wikidata.org/entity/Q296256,Филип Хосе Фармер,фэнтези,1981-01-01T00:00:00Z,Phantasia Press
http://www.wikidata.org/entity/Q4708265,Alanna: The First Adventure,http://www.wikidata.org/entity/Q443681,Tamora Pierce,фэнтези,1983-01-01T00:00:00Z,Atheneum Books
http://www.wikidata.org/entity/Q4921879,Чёрный сфинкс Нептху,http://www.wikidata.org/entity/Q316313,Лайон Спрэг де Камп,фэнтези,1973-01-01T00:00:00Z,
http://www.wikidata.org/entity/Q5288460,Dogsbody,http://www.wikidata.org/entity/Q236829,Диана Уинн Джонс,фэнтези,1975-01-01T00:00:00Z,Macmillan Publishers
http://www.wikidata.org/entity/Q6410642,Kindred,http://www.wikidata.org/entity/Q239739,Октавия Батлер,фэнтези,1979-06-01T00:00:00Z,Doubleday
http://www.wikidata.org/entity/Q5053992,Cats Have No Lord,http://www.wikidata.org/entity/Q8003095,Will Shetterly,фэнтези,1985-04-01T00:00:00Z,
http://www.wikidata.org/entity/Q5247740,Deathtrap Dungeon,http://www.wikidata.org/entity/Q1082789,Ян Ливингстон,фэнтези,1984-01-01T00:00:00Z,
http://www.wikidata.org/entity/Q5036954,Пленники огня,http://www.wikidata.org/entity/Q438164,Сэмюэль Дилэни,фэнтези,1963-01-01T00:00:00Z,Ace Books
http://www.wikidata.org/entity/Q5434585,"Far Lands, Other Days",http://www.wikidata.org/entity/Q2085846,Эдгар Хоффман Прайс,фэнтези,1975-01-01T00:00:00Z,Каркоза
http://www.wikidata.org/entity/Q5641803,Half in Shadow,http://www.wikidata.org/entity/Q6779408,Mary Elizabeth Counselman,фэнтези,1978-01-01T00:00:00Z,Arkham House
http://www.wikidata.org/entity/Q4230943,Конные варвары,http://www.wikidata.org/entity/Q489193,Гарри Гаррисон,фэнтези,1968-01-01T00:00:00Z,
http://www.wikidata.org/entity/Q5373014,Emma in Winter,http://www.wikidata.org/entity/Q2068767,Penelope Farmer,фэнтези,1966-01-01T00:00:00Z,Harcourt
http://www.wikidata.org/entity/Q5223447,Dark Things,http://www.wikidata.org/entity/Q509002,Август Дерлет,фэнтези,1971-01-01T00:00:00Z,Arkham House
http://www.wikidata.org/entity/Q5325455,Ealdwood,http://www.wikidata.org/entity/Q234030,Кэролайн Черри,фэнтези,1981-01-01T00:00:00Z,
http://www.wikidata.org/entity/Q3589382,Мечи и чёрная магия,http://www.wikidata.org/entity/Q313185,Фриц Лейбер,фэнтези,1970-01-01T00:00:00Z,Ace Books
http://www.wikidata.org/entity/Q5684866,Hawk of May,http://www.wikidata.org/entity/Q539221,Gillian Bradshaw,фэнтези,1980-05-01T00:00:00Z,Simon & Schuster
http://www.wikidata.org/entity/Q5299863,Double Phoenix,http://www.wikidata.org/entity/Q1248054,Лин Картер,фэнтези,1971-01-01T00:00:00Z,
http://www.wikidata.org/entity/Q5685281,Хоксмур,http://www.wikidata.org/entity/Q319169,Питер Акройд,фэнтези,1985-09-01T00:00:00Z,Hamish Hamilton
http://www.wikidata.org/entity/Q3106001,Царь Гильгамеш,http://www.wikidata.org/entity/Q314553,Роберт Силверберг,фэнтези,1984-10-01T00:00:00Z,Arbor House
http://www.wikidata.org/entity/Q3439805,Камбер Кулдский,http://www.wikidata.org/entity/Q443109,Кэтрин Куртц,фэнтези,1976-06-12T00:00:00Z,Ballantine Books
http://www.wikidata.org/entity/Q5604045,Зелёная жемчужина,http://www.wikidata.org/entity/Q312632,Джек Вэнс,фэнтези,1985-06-01T00:00:00Z,
http://www.wikidata.org/entity/Q3981229,Тарзан и сумасшедший,http://www.wikidata.org/entity/Q148234,Эдгар Райс Берроуз,фэнтези,1964-01-01T00:00:00Z,Canaveral Press
http://www.wikidata.org/entity/Q5158138,Конан-островитянин,http://www.wikidata.org/entity/Q1248054,Лин Картер,фэнтези,1968-01-01T00:00:00Z,
http://www.wikidata.org/entity/Q5674021,Hart's Hope,http://www.wikidata.org/entity/Q217110,Орсон Скотт Кард,фэнтези,1983-02-01T00:00:00Z,Berkley Books
http://www.wikidata.org/entity/Q5306714,Dreams and Fancies,http://www.wikidata.org/entity/Q169566,Говард Филлипс Лавкрафт,фэнтези,1962-01-01T00:00:00Z,Arkham House
http://www.wikidata.org/entity/Q5086142,Charlotte Sometimes,http://www.wikidata.org/entity/Q2068767,Penelope Farmer,фэнтези,1969-01-01T00:00:00Z,Chatto & Windus
http://www.wikidata.org/entity/Q3439809,Камбер-еретик,http://www.wikidata.org/entity/Q443109,Кэтрин Куртц,фэнтези,1981-11-01T00:00:00Z,Ballantine Books
http://www.wikidata.org/entity/Q5234815,Славный маленький тостер,http://www.wikidata.org/entity/Q708581,Томас М. Диш,фэнтези,1980-08-01T00:00:00Z,
http://www.wikidata.org/entity/Q4920715,Black Easter,http://www.wikidata.org/entity/Q248867,Джеймс Блиш,фэнтези,1968-01-01T00:00:00Z,Faber and Faber
http://www.wikidata.org/entity/Q6412702,Kingdoms of Sorcery,http://www.wikidata.org/entity/Q1248054,Лин Картер,фэнтези,1976-01-01T00:00:00Z,
http://www.wikidata.org/entity/Q3235534,Гавань Ветров,http://www.wikidata.org/entity/Q181677,Джордж Р. Р. Мартин,фэнтези,1981-04-01T00:00:00Z,
http://www.wikidata.org/entity/Q5348967,"Огонь и заклятие, или Восемь дней с Люком",http://www.wikidata.org/entity/Q236829,Диана Уинн Джонс,фэнтези,1975-01-01T00:00:00Z,Macmillan Publishers
http://www.wikidata.org/entity/Q5086142,Charlotte Sometimes,http://www.wikidata.org/entity/Q2068767,Penelope Farmer,фэнтези,1969-01-01T00:00:00Z,Harcourt
http://www.wikidata.org/entity/Q6382485,Kecksies and Other Twilight Tales,http://www.wikidata.org/entity/Q536979,Марджори Боуэн,фэнтези,1976-01-01T00:00:00Z,Arkham House
http://www.wikidata.org/entity/Q4655363,A Barnstormer in Oz,http://www.wikidata.org/entity/Q296256,Филип Хосе Фармер,фэнтези,1982-01-01T00:00:00Z,Phantasia Press
http://www.wikidata.org/entity/Q5305430,Dragons of Light,http://www.wikidata.org/entity/Q217110,Орсон Скотт Кард,фэнтези,1980-01-01T00:00:00Z,Ace Books
http://www.wikidata.org/entity/Q5684866,Hawk of May,http://www.wikidata.org/entity/Q539221,Gillian Bradshaw,фэнтези,1980-05-01T00:00:00Z,New American Library
http://www.wikidata.org/entity/Q4273418,МИФОуказания,http://www.wikidata.org/entity/Q976059,Роберт Линн Асприн,фэнтези,1982-01-01T00:00:00Z,
http://www.wikidata.org/entity/Q6412663,Kingdom of Summer,http://www.wikidata.org/entity/Q539221,Gillian Bradshaw,фэнтези,1981-03-01T00:00:00Z,New American Library
http://www.wikidata.org/entity/Q4524942,"Шкатулка, в которой была Тьма",http://www.wikidata.org/entity/Q181659,Урсула Крёбер Ле Гуин,фэнтези,1963-01-01T00:00:00Z,
http://www.wikidata.org/entity/Q5664449,Harrigan's File,http://www.wikidata.org/entity/Q509002,Август Дерлет,фэнтези,1975-01-01T00:00:00Z,Arkham House
http://www.wikidata.org/entity/Q5059002,Волшебный коридор,http://www.wikidata.org/entity/Q559409,Пирс Энтони,фэнтези,1982-01-01T00:00:00Z,
http://www.wikidata.org/entity/Q3589383,Мечи против смерти,http://www.wikidata.org/entity/Q313185,Фриц Лейбер,фэнтези,1970-01-01T00:00:00Z,Ace Books
http://www.wikidata.org/entity/Q4875092,Склад странных услад,http://www.wikidata.org/entity/Q313185,Фриц Лейбер,фэнтези,1978-01-01T00:00:00Z,"Donald M. Grant, Publisher"
http://www.wikidata.org/entity/Q5250359,Глубокое волшебство,http://www.wikidata.org/entity/Q445930,Диана Дуэйн,фэнтези,1985-01-01T00:00:00Z,Harcourt
http://www.wikidata.org/entity/Q4658233,Буря в летнюю ночь,http://www.wikidata.org/entity/Q220883,Пол Уильям Андерсон,фэнтези,1974-03-01T00:00:00Z,
http://www.wikidata.org/entity/Q3110346,Magician: Apprentice,http://www.wikidata.org/entity/Q350404,Раймонд Фэйст,фэнтези,1982-10-01T00:00:00Z,Doubleday
http://www.wikidata.org/entity/Q4785920,Ловушка для волшебников,http://www.wikidata.org/entity/Q236829,Диана Уинн Джонс,фэнтези,1984-01-01T00:00:00Z,Methuen Publishing
http://www.wikidata.org/entity/Q5419355,Excalibur,http://www.wikidata.org/entity/Q7416134,Sanders Anne Laubenthal,фэнтези,1973-01-01T00:00:00Z,Ballantine Books
http://www.wikidata.org/entity/Q3420053,Ratha's Creature,http://www.wikidata.org/entity/Q2975527,Clare Bell,фэнтези,1983-01-01T00:00:00Z,
http://www.wikidata.org/entity/Q4876743,Властью Песочных Часов,http://www.wikidata.org/entity/Q559409,Пирс Энтони,фэнтези,1984-08-01T00:00:00Z,Del Rey Books
http://www.wikidata.org/entity/Q5003864,Свет Зелёной Звезды,http://www.wikidata.org/entity/Q1248054,Лин Картер,фэнтези,1974-07-01T00:00:00Z,DAW Books
http://www.wikidata.org/entity/Q3589386,Мечи против колдовства,http://www.wikidata.org/entity/Q313185,Фриц Лейбер,фэнтези,1968-01-01T00:00:00Z,Ace Books
http://www.wikidata.org/entity/Q3984540,Westmark,http://www.wikidata.org/entity/Q366643,Ллойд Александер,фэнтези,1981-04-01T00:00:00Z,Dutton
http://www.wikidata.org/entity/Q4660663,Ветер на пороге,http://www.wikidata.org/entity/Q257261,Мадлен Л’Энгл,фэнтези,1973-01-01T00:00:00Z,
http://www.wikidata.org/entity/Q3109139,Gloriana,http://www.wikidata.org/entity/Q316138,Майкл Муркок,фэнтези,1978-04-01T00:00:00Z,
http://www.wikidata.org/entity/Q5256299,Demons by Daylight,http://www.wikidata.org/entity/Q703476,Рэмси Кэмпбелл,фэнтези,1973-01-01T00:00:00Z,
http://www.wikidata.org/entity/Q4659839,A Stranger Came Ashore,http://www.wikidata.org/entity/Q4955103,Mollie Hunter,фэнтези,1975-08-07T00:00:00Z,Hamish Hamilton
http://www.wikidata.org/entity/Q4875091,Bazaar of the Bizarre,http://www.wikidata.org/entity/Q313185,Фриц Лейбер,фэнтези,1963-08-01T00:00:00Z,
http://www.wikidata.org/entity/Q2558373,Freaky Friday,http://www.wikidata.org/entity/Q435135,Мэри Роджерс,фэнтези,1972-01-01T00:00:00Z,
http://www.wikidata.org/entity/Q2558373,Freaky Friday,http://www.wikidata.org/entity/Q435135,Мэри Роджерс,фэнтези,1972-04-01T00:00:00Z,
http://www.wikidata.org/entity/Q5247664,Deathbird Stories,http://www.wikidata.org/entity/Q311253,Харлан Эллисон,фэнтези,1975-01-01T00:00:00Z,Harper
http://www.wikidata.org/entity/Q5158138,Конан-островитянин,http://www.wikidata.org/entity/Q316313,Лайон Спрэг де Камп,фэнтези,1968-01-01T00:00:00Z,
http://www.wikidata.org/entity/Q2610089,Kiss Kiss,http://www.wikidata.org/entity/Q25161,Роальд Даль,фэнтези,1960-01-01T00:00:00Z,Alfred A. Knopf
http://www.wikidata.org/entity/Q5305330,Дракон на пьедестале,http://www.wikidata.org/entity/Q559409,Пирс Энтони,фэнтези,1983-10-01T00:00:00Z,
http://www.wikidata.org/entity/Q4921998,Чёрные слёзы,http://www.wikidata.org/entity/Q1248054,Лин Картер,фэнтези,1968-01-01T00:00:00Z,
http://www.wikidata.org/entity/Q4381839,Протока,http://www.wikidata.org/entity/Q39829,Стивен Кинг,фэнтези,1981-11-01T00:00:00Z,
http://www.wikidata.org/entity/Q5148152,Colonel Markesan and Less Pleasant People,http://www.wikidata.org/entity/Q509002,Август Дерлет,фэнтези,1966-01-01T00:00:00Z,Arkham House
http://www.wikidata.org/entity/Q5349021,Eight Tales,http://www.wikidata.org/entity/Q981086,"Де Ла Мар, Уолтер Джон",фэнтези,1971-01-01T00:00:00Z,Arkham House
http://www.wikidata.org/entity/Q4659923,Быстро вращается планета,http://www.wikidata.org/entity/Q257261,Мадлен Л’Энгл,фэнтези,1978-07-01T00:00:00Z,
http://www.wikidata.org/entity/Q4676455,Через миллиард лет,http://www.wikidata.org/entity/Q314553,Роберт Силверберг,фэнтези,1969-01-01T00:00:00Z,
http://www.wikidata.org/entity/Q4655696,A Cabin on the Coast,http://www.wikidata.org/entity/Q361149,Джин Вулф,фэнтези,1984-02-01T00:00:00Z,
http://www.wikidata.org/entity/Q4921264,Черная медицина,http://www.wikidata.org/entity/Q4799182,Arthur J. Burks,фэнтези,1966-01-01T00:00:00Z,Arkham House
http://www.wikidata.org/entity/Q4803079,Восход Зелёной Звезды,http://www.wikidata.org/entity/Q1248054,Лин Картер,фэнтези,1975-01-01T00:00:00Z,
http://www.wikidata.org/entity/Q4803079,Восход Зелёной Звезды,http://www.wikidata.org/entity/Q1248054,Лин Картер,фэнтези,1975-02-01T00:00:00Z,
http://www.wikidata.org/entity/Q5700937,Наследница Моря и Огня,http://www.wikidata.org/entity/Q268755,Патриция Маккиллип,фэнтези,1977-07-01T00:00:00Z,Atheneum Books
http://www.wikidata.org/entity/Q3647984,Незнайка на Луне,http://www.wikidata.org/entity/Q653320,Николай Николаевич Носов,фэнтези,1965-01-01T00:00:00Z,
http://www.wikidata.org/entity/Q4973287,Brokedown Palace,http://www.wikidata.org/entity/Q1780503,Стивен Браст,фэнтези,1985-01-01T00:00:00Z,Ace Books
http://www.wikidata.org/entity/Q3525782,Воин Лемурии,http://www.wikidata.org/entity/Q1248054,Лин Картер,фэнтези,1966-01-01T00:00:00Z,Ace Books
http://www.wikidata.org/entity/Q3099387,Люди ковра,http://www.wikidata.org/entity/Q46248,Терри Пратчетт,фэнтези,1971-01-01T00:00:00Z,Colin Smythe
http://www.wikidata.org/entity/Q4481617,Фаэты,http://www.wikidata.org/entity/Q1263957,"Казанцев, Александр Петрович",фэнтези,1974-01-01T00:00:00Z,Детская литература
http://www.wikidata.org/entity/Q4812540,At the Mountains of Madness and Other Novels,http://www.wikidata.org/entity/Q169566,Говард Филлипс Лавкрафт,фэнтези,1964-01-01T00:00:00Z,
http://www.wikidata.org/entity/Q3235534,Гавань Ветров,http://www.wikidata.org/entity/Q440744,Лиза Таттл,фэнтези,1981-04-01T00:00:00Z,
http://www.wikidata.org/entity/Q5444396,Fermi and Frost,http://www.wikidata.org/entity/Q312641,Фредерик Пол,фэнтези,1985-01-01T00:00:00Z,
http://www.wikidata.org/entity/Q4753284,"And Afterward, the Dark",http://www.wikidata.org/entity/Q2886798,Бэзил Коппер,фэнтези,1977-01-01T00:00:00Z,Arkham House
http://www.wikidata.org/entity/Q5142283,Холодный рай,http://www.wikidata.org/entity/Q912791,Браян Мур,фэнтези,1983-01-01T00:00:00Z,McClelland & Stewart
http://www.wikidata.org/entity/Q5318074,Dwellers in Darkness,http://www.wikidata.org/entity/Q509002,Август Дерлет,фэнтези,1976-01-01T00:00:00Z,Arkham House
http://www.wikidata.org/entity/Q6347447,Kai Lung: Six,http://www.wikidata.org/entity/Q1356259,Ernest Bramah,фэнтези,1974-01-01T00:00:00Z,
http://www.wikidata.org/entity/Q5148152,Colonel Markesan and Less Pleasant People,http://www.wikidata.org/entity/Q6769632,Mark Schorer,фэнтези,1966-01-01T00:00:00Z,Arkham House
http://www.wikidata.org/entity/Q4074513,Бабуля,http://www.wikidata.org/entity/Q39829,Стивен Кинг,фэнтези,1984-01-01T00:00:00Z,
http://www.wikidata.org/entity/Q2549691,Риальто Великолепный,http://www.wikidata.org/entity/Q312632,Джек Вэнс,фэнтези,1984-11-01T00:00:00Z,
http://www.wikidata.org/entity/Q4921879,Чёрный сфинкс Нептху,http://www.wikidata.org/entity/Q1248054,Лин Картер,фэнтези,1973-01-01T00:00:00Z,
http://www.wikidata.org/entity/Q5184847,Жгучая ложь,http://www.wikidata.org/entity/Q559409,Пирс Энтони,фэнтези,1984-12-12T00:00:00Z,
http://www.wikidata.org/entity/Q4802912,As It Is Written,http://www.wikidata.org/entity/Q5244603,De Lysle Ferree Cass,фэнтези,1982-01-01T00:00:00Z,"Donald M. Grant, Publisher"
http://www.wikidata.org/entity/Q5123996,Город тысячи солнц,http://www.wikidata.org/entity/Q438164,Сэмюэль Дилэни,фэнтези,1965-01-01T00:00:00Z,Ace Books
http://www.wikidata.org/entity/Q4753427,And the Devil Will Drag You Under,http://www.wikidata.org/entity/Q1398751,Джек Чалкер,фэнтези,1979-01-01T00:00:00Z,Del Rey Books
http://www.wikidata.org/entity/Q7305024,Red Shift,http://www.wikidata.org/entity/Q384481,Алан Гарнер,фэнтези,1973-09-17T00:00:00Z,"William Collins, Sons"
http://www.wikidata.org/entity/Q6003412,Imaro,http://www.wikidata.org/entity/Q5081875,Charles R. Saunders,фэнтези,1981-01-01T00:00:00Z,
http://www.wikidata.org/entity/Q5466556,Footprints on Sand,http://www.wikidata.org/entity/Q316313,Лайон Спрэг де Камп,фэнтези,1981-01-01T00:00:00Z,Advent:Publishers
http://www.wikidata.org/entity/Q5505346,"From A to Z, in the Chocolate Alphabet",http://www.wikidata.org/entity/Q311253,Харлан Эллисон,фэнтези,1976-10-01T00:00:00Z,
http://www.wikidata.org/entity/Q5451887,Firelord,http://www.wikidata.org/entity/Q3365451,Парк Годвин,фэнтези,1980-10-01T00:00:00Z,Bantam Books
http://www.wikidata.org/entity/Q7685175,Тейра из Сумерек,http://www.wikidata.org/entity/Q1248054,Лин Картер,фэнтези,1979-01-01T00:00:00Z,Kensington Books
http://www.wikidata.org/entity/Q7740690,The House of the Worm,http://www.wikidata.org/entity/Q5525647,Гари Майерс,фэнтези,1975-01-01T00:00:00Z,Arkham House
http://www.wikidata.org/entity/Q5451523,Рыцарь на золотом коне,http://www.wikidata.org/entity/Q236829,Диана Уинн Джонс,фэнтези,1984-12-01T00:00:00Z,Methuen Publishing
http://www.wikidata.org/entity/Q7737975,The Great Victorian Collection,http://www.wikidata.org/entity/Q912791,Браян Мур,фэнтези,1975-01-01T00:00:00Z,McClelland & Stewart
http://www.wikidata.org/entity/Q5998666,Ill Met in Lankhmar,http://www.wikidata.org/entity/Q313185,Фриц Лейбер,фэнтези,1970-04-01T00:00:00Z,
http://www.wikidata.org/entity/Q6012229,Закат Зелёной Звезды,http://www.wikidata.org/entity/Q1248054,Лин Картер,фэнтези,1976-01-01T00:00:00Z,DAW Books
http://www.wikidata.org/entity/Q6191037,Джарег,http://www.wikidata.org/entity/Q1780503,Стивен Браст,фэнтези,1983-01-01T00:00:00Z,Ace Books
http://www.wikidata.org/entity/Q7728783,Проклятая игра,http://www.wikidata.org/entity/Q298761,Клайв Баркер,фэнтези,1985-01-01T00:00:00Z,
http://www.wikidata.org/entity/Q7712632,The Adventures of Samurai Cat,http://www.wikidata.org/entity/Q6767467,Марк Э. Роджерс,фэнтези,1984-01-01T00:00:00Z,"Donald M. Grant, Publisher"
http://www.wikidata.org/entity/Q7717092,The Best of L. Sprague de Camp,http://www.wikidata.org/entity/Q316313,Лайон Спрэг де Камп,фэнтези,1978-01-01T00:00:00Z,Doubleday
http://www.wikidata.org/entity/Q7744407,The Kin of Ata Are Waiting for You,http://www.wikidata.org/entity/Q5298329,Dorothy Bryant,фэнтези,1971-01-01T00:00:00Z,
http://www.wikidata.org/entity/Q7356356,Rod Serling's Devils and Demons,http://www.wikidata.org/entity/Q435920,Род Серлинг,фэнтези,1967-01-01T00:00:00Z,Bantam Books
http://www.wikidata.org/entity/Q7549689,Как стать волшебником,http://www.wikidata.org/entity/Q445930,Диана Дуэйн,фэнтези,1983-01-01T00:00:00Z,Harcourt
http://www.wikidata.org/entity/Q6150937,Джандар с Каллисто,http://www.wikidata.org/entity/Q1248054,Лин Картер,фэнтези,1972-01-01T00:00:00Z,Dell Publishing
http://www.wikidata.org/entity/Q7719331,Книга скорбящей коровы,http://www.wikidata.org/entity/Q6232142,Уолтер Уангерин,фэнтези,1978-01-01T00:00:00Z,
http://www.wikidata.org/entity/Q7734847,The Forgotten World of Uloc,http://www.wikidata.org/entity/Q4979994,Bryan Buchan,фэнтези,1970-01-01T00:00:00Z,
http://www.wikidata.org/entity/Q7739491,Корона героев,http://www.wikidata.org/entity/Q3064461,Robin McKinley,фэнтези,1984-11-01T00:00:00Z,HarperCollins
http://www.wikidata.org/entity/Q6740961,Малафрена,http://www.wikidata.org/entity/Q181659,Урсула Крёбер Ле Гуин,фэнтези,1979-10-01T00:00:00Z,Prószyński i S-ka
http://www.wikidata.org/entity/Q7679352,Tales of Science and Sorcery,http://www.wikidata.org/entity/Q555298,Кларк Эштон Смит,фэнтези,1964-01-01T00:00:00Z,Arkham House
http://www.wikidata.org/entity/Q6756975,Marchers of Valhalla,http://www.wikidata.org/entity/Q207640,Роберт Ирвин Говард,фэнтези,1972-01-01T00:00:00Z,"Donald M. Grant, Publisher"
http://www.wikidata.org/entity/Q6725637,Macroscope,http://www.wikidata.org/entity/Q559409,Пирс Энтони,фэнтези,1969-01-01T00:00:00Z,Avon Publications
http://www.wikidata.org/entity/Q6730932,Magic in Ithkar 2,http://www.wikidata.org/entity/Q235899,Андре Нортон,фэнтези,1985-01-01T00:00:00Z,
http://www.wikidata.org/entity/Q7460812,Тени каменного черепа,http://www.wikidata.org/entity/Q1248054,Лин Картер,фэнтези,1975-01-01T00:00:00Z,
http://www.wikidata.org/entity/Q7111646,Вне бездны времени,http://www.wikidata.org/entity/Q148234,Эдгар Райс Берроуз,фэнтези,1963-01-01T00:00:00Z,Ace Books
http://www.wikidata.org/entity/Q7659361,Swordsmen and Supermen,http://www.wikidata.org/entity/Q1248054,Лин Картер,фэнтези,1972-01-01T00:00:00Z,Centaur Press
http://www.wikidata.org/entity/Q6679147,Lord Darcy,http://www.wikidata.org/entity/Q1193106,Randall Garrett,фэнтези,1983-01-01T00:00:00Z,Doubleday
http://www.wikidata.org/entity/Q5451523,Рыцарь на золотом коне,http://www.wikidata.org/entity/Q236829,Диана Уинн Джонс,фэнтези,1984-12-01T00:00:00Z,HarperCollins
http://www.wikidata.org/entity/Q6880319,Mister Tinker in Oz,http://www.wikidata.org/entity/Q6136319,Джеймс Хау,фэнтези,1985-01-01T00:00:00Z,Random House
http://www.wikidata.org/entity/Q5459345,Бегство в Опар,http://www.wikidata.org/entity/Q296256,Филип Хосе Фармер,фэнтези,1976-01-01T00:00:00Z,DAW Books
http://www.wikidata.org/entity/Q6120102,The Black Castle,http://www.wikidata.org/entity/Q3231912,Лес Дэниелс,фэнтези,1978-01-01T00:00:00Z,
http://www.wikidata.org/entity/Q6740961,Малафрена,http://www.wikidata.org/entity/Q181659,Урсула Крёбер Ле Гуин,фэнтези,1979-10-01T00:00:00Z,Berkley Books
http://www.wikidata.org/entity/Q7728965,The Dark Man and Others,http://www.wikidata.org/entity/Q207640,Роберт Ирвин Говард,фэнтези,1963-01-01T00:00:00Z,Arkham House
http://www.wikidata.org/entity/Q5457629,Flashing Swords! 1,http://www.wikidata.org/entity/Q1248054,Лин Картер,фэнтези,1973-01-01T00:00:00Z,Nelson Doubleday
http://www.wikidata.org/entity/Q7734677,The Folsom Flint and Other Curious Tales,http://www.wikidata.org/entity/Q2365739,Дэвид Генри Келлер,фэнтези,1969-01-01T00:00:00Z,Arkham House
http://www.wikidata.org/entity/Q7304613,Алая луна Зембабве,http://www.wikidata.org/entity/Q316313,Лайон Спрэг де Камп,фэнтези,1974-01-01T00:00:00Z,
http://www.wikidata.org/entity/Q6482078,Lammas Night,http://www.wikidata.org/entity/Q443109,Кэтрин Куртц,фэнтези,1983-01-01T00:00:00Z,Ballantine Books
http://www.wikidata.org/entity/Q7712491,The Adventures of Alyx,http://www.wikidata.org/entity/Q265270,Джоанна Расс,фэнтези,1976-06-01T00:00:00Z,Gregg Press
http://www.wikidata.org/entity/Q5466556,Footprints on Sand,http://www.wikidata.org/entity/Q1050951,Catherine Crook de Camp,фэнтези,1981-01-01T00:00:00Z,Advent:Publishers
http://www.wikidata.org/entity/Q6671746,Lonesome Places,http://www.wikidata.org/entity/Q509002,Август Дерлет,фэнтези,1962-01-01T00:00:00Z,Arkham House
http://www.wikidata.org/entity/Q7575842,Spell of the Witch World,http://www.wikidata.org/entity/Q235899,Андре Нортон,фэнтези,1972-01-01T00:00:00Z,DAW Books
http://www.wikidata.org/entity/Q6730931,Magic in Ithkar,http://www.wikidata.org/entity/Q235899,Андре Нортон,фэнтези,1985-01-01T00:00:00Z,Tor Books
http://www.wikidata.org/entity/Q7157300,Покой,http://www.wikidata.org/entity/Q361149,Джин Вулф,фэнтези,1975-01-01T00:00:00Z,Harper
http://www.wikidata.org/entity/Q6733429,Mahars of Pellucidar,http://www.wikidata.org/entity/Q13427383,John Eric Holmes,фэнтези,1976-01-01T00:00:00Z,Ace Books
http://www.wikidata.org/entity/Q7679294,Tales from the Nightside,http://www.wikidata.org/entity/Q3666432,Charles L. Grant,фэнтези,1981-01-01T00:00:00Z,Arkham House
http://www.wikidata.org/entity/Q7732001,The Enchanted Island of Oz,http://www.wikidata.org/entity/Q449234,Рут Пламли Томпсон,фэнтези,1976-01-01T00:00:00Z,The International Wizard of Oz Club
http://www.wikidata.org/entity/Q7740320,The Horror in the Museum and Other Revisions,http://www.wikidata.org/entity/Q169566,Говард Филлипс Лавкрафт,фэнтези,1970-01-01T00:00:00Z,Arkham House
http://www.wikidata.org/entity/Q7733026,The Face in the Mirror,http://www.wikidata.org/entity/Q5259874,Denys Val Baker,фэнтези,1971-01-01T00:00:00Z,Arkham House
http://www.wikidata.org/entity/Q7194137,Pillar of Fire and Other Plays,http://www.wikidata.org/entity/Q40640,Рэй Брэдбери,фэнтези,1975-01-01T00:00:00Z,Simon & Schuster
http://www.wikidata.org/entity/Q7734645,The Fog Horn & Other Stories,http://www.wikidata.org/entity/Q40640,Рэй Брэдбери,фэнтези,1979-01-01T00:00:00Z,
http://www.wikidata.org/entity/Q7720756,The Businessman: A Tale of Terror,http://www.wikidata.org/entity/Q708581,Томас М. Диш,фэнтези,1984-01-01T00:00:00Z,Harper
http://www.wikidata.org/entity/Q7734731,The Forbidden Fountain of Oz,http://www.wikidata.org/entity/Q469464,Элоиза Джарвис Мак-Гроу,фэнтези,1980-01-01T00:00:00Z,The International Wizard of Oz Club
http://www.wikidata.org/entity/Q7303757,Red Blades of Black Cathay,http://www.wikidata.org/entity/Q207640,Роберт Ирвин Говард,фэнтези,1971-01-01T00:00:00Z,"Donald M. Grant, Publisher"
http://www.wikidata.org/entity/Q6985697,Necropolis,http://www.wikidata.org/entity/Q2886798,Бэзил Коппер,фэнтези,1980-01-01T00:00:00Z,Arkham House
http://www.wikidata.org/entity/Q7620046,Stories of Darkness and Dread,http://www.wikidata.org/entity/Q6286148,Joseph Payne Brennan,фэнтези,1973-01-01T00:00:00Z,Arkham House
http://www.wikidata.org/entity/Q7741387,The Idylls of the Queen,http://www.wikidata.org/entity/Q7188520,Phyllis Ann Karr,фэнтези,1982-01-01T00:00:00Z,Ace Books
http://www.wikidata.org/entity/Q6487192,Ланкар с Каллисто,http://www.wikidata.org/entity/Q1248054,Лин Картер,фэнтези,1975-01-01T00:00:00Z,Dell Publishing
http://www.wikidata.org/entity/Q5459873,Парящий дракон,http://www.wikidata.org/entity/Q364189,Питер Страуб,фэнтези,1983-01-01T00:00:00Z,
http://www.wikidata.org/entity/Q7460812,Тени каменного черепа,http://www.wikidata.org/entity/Q316313,Лайон Спрэг де Камп,фэнтези,1975-01-01T00:00:00Z,
http://www.wikidata.org/entity/Q7734828,The Forgotten Beasts of Eld,http://www.wikidata.org/entity/Q268755,Патриция Маккиллип,фэнтези,1974-08-01T00:00:00Z,Atheneum Books
http://www.wikidata.org/entity/Q7734216,The First Two Lives of Lukas-Kasha,http://www.wikidata.org/entity/Q366643,Ллойд Александер,фэнтези,1978-01-01T00:00:00Z,Dutton
http://www.wikidata.org/entity/Q7233013,Poseidonis,http://www.wikidata.org/entity/Q555298,Кларк Эштон Смит,фэнтези,1973-01-01T00:00:00Z,
http://www.wikidata.org/entity/Q5923857,Сага о Хрольфе Жердинке,http://www.wikidata.org/entity/Q220883,Пол Уильям Андерсон,фэнтези,1973-01-01T00:00:00Z,Ballantine Books
http://www.wikidata.org/entity/Q7714277,Шум Армагеддона,http://www.wikidata.org/entity/Q181677,Джордж Р. Р. Мартин,фэнтези,1983-09-01T00:00:00Z,Simon & Schuster
http://www.wikidata.org/entity/Q7740485,Час ворот,http://www.wikidata.org/entity/Q575345,Алан Дин Фостер,фэнтези,1984-03-01T00:00:00Z,Hachette Book Group
http://www.wikidata.org/entity/Q7659361,Swordsmen and Supermen,http://www.wikidata.org/entity/Q207640,Роберт Ирвин Говард,фэнтези,1972-01-01T00:00:00Z,Centaur Press
http://www.wikidata.org/entity/Q6735205,Maia,http://www.wikidata.org/entity/Q313289,Ричард Адамс,фэнтези,1984-09-01T00:00:00Z,Viking Press
http://www.wikidata.org/entity/Q7732542,Вечный воитель,http://www.wikidata.org/entity/Q316138,Майкл Муркок,фэнтези,1970-01-01T00:00:00Z,Dell Publishing
http://www.wikidata.org/entity/Q7740316,The Horror at Oakdeene and Others,http://www.wikidata.org/entity/Q912602,Брайан Ламли,фэнтези,1977-01-01T00:00:00Z,Arkham House
http://www.wikidata.org/entity/Q5457631,Flashing Swords! 3: Warriors and Wizards,http://www.wikidata.org/entity/Q1248054,Лин Картер,фэнтези,1976-01-01T00:00:00Z,Nelson Doubleday
http://www.wikidata.org/entity/Q5505405,From Evil's Pillow,http://www.wikidata.org/entity/Q2886798,Бэзил Коппер,фэнтези,1973-01-01T00:00:00Z,Arkham House
http://www.wikidata.org/entity/Q7679339,Повести Невериона,http://www.wikidata.org/entity/Q438164,Сэмюэль Дилэни,фэнтези,1979-09-01T00:00:00Z,Bantam Books
http://www.wikidata.org/entity/Q7719432,Добывайки в воздухе,http://www.wikidata.org/entity/Q265756,Мэри Нортон,фэнтези,1961-01-01T00:00:00Z,
http://www.wikidata.org/entity/Q7685379,Тарен Странник,http://www.wikidata.org/entity/Q366643,Ллойд Александер,фэнтези,1967-01-01T00:00:00Z,Henry Holt and Company
http://www.wikidata.org/entity/Q7313044,Изменник с Каллисто,http://www.wikidata.org/entity/Q1248054,Лин Картер,фэнтези,1978-01-01T00:00:00Z,
http://www.wikidata.org/entity/Q7728481,Проклятие монолита,http://www.wikidata.org/entity/Q1248054,Лин Картер,фэнтези,1968-01-01T00:00:00Z,
http://www.wikidata.org/entity/Q6482902,Lanark: A Life in Four Books,http://www.wikidata.org/entity/Q729121,Аласдер Грей,фэнтези,1981-01-01T00:00:00Z,
http://www.wikidata.org/entity/Q7356358,"Rod Serling's Triple W: Witches, Warlocks and Werewolves",http://www.wikidata.org/entity/Q435920,Род Серлинг,фэнтези,1963-01-01T00:00:00Z,Bantam Books
http://www.wikidata.org/entity/Q7303757,Red Blades of Black Cathay,http://www.wikidata.org/entity/Q7707154,Tevis Clyde Smith,фэнтези,1971-01-01T00:00:00Z,"Donald M. Grant, Publisher"
http://www.wikidata.org/entity/Q7721031,The Caller of the Black,http://www.wikidata.org/entity/Q912602,Брайан Ламли,фэнтези,1971-01-01T00:00:00Z,Arkham House
http://www.wikidata.org/entity/Q7727089,The Compleat Enchanter,http://www.wikidata.org/entity/Q316313,Лайон Спрэг де Камп,фэнтези,1975-01-01T00:00:00Z,Doubleday
http://www.wikidata.org/entity/Q7712132,Ужасы Йондо,http://www.wikidata.org/entity/Q555298,Кларк Эштон Смит,фэнтези,1960-01-01T00:00:00Z,Arkham House
http://www.wikidata.org/entity/Q6012259,In the Hand of the Goddess,http://www.wikidata.org/entity/Q443681,Tamora Pierce,фэнтези,1984-01-01T00:00:00Z,Atheneum Books
http://www.wikidata.org/entity/Q7719433,Добывайки на новом месте,http://www.wikidata.org/entity/Q265756,Мэри Нортон,фэнтези,1982-11-01T00:00:00Z,Viking Press
http://www.wikidata.org/entity/Q7740102,The Homeward Bounders,http://www.wikidata.org/entity/Q236829,Диана Уинн Джонс,фэнтези,1981-01-01T00:00:00Z,Macmillan Publishers
http://www.wikidata.org/entity/Q7256430,Психомех,http://www.wikidata.org/entity/Q912602,Брайан Ламли,фэнтези,1984-01-01T00:00:00Z,Grafton
http://www.wikidata.org/entity/Q5457630,Flashing Swords! 2,http://www.wikidata.org/entity/Q1248054,Лин Картер,фэнтези,1973-01-01T00:00:00Z,Nelson Doubleday
http://www.wikidata.org/entity/Q7113492,Over the Hills and Far Away,http://www.wikidata.org/entity/Q458658,"Эдвард Планкетт, 18-й барон Дансени",фэнтези,1974-01-01T00:00:00Z,Ballantine Books
http://www.wikidata.org/entity/Q7733240,"Демон, который ошибался",http://www.wikidata.org/entity/Q316313,Лайон Спрэг де Камп,фэнтези,1973-01-01T00:00:00Z,New American Library
http://www.wikidata.org/entity/Q7080226,"Огры, огры!",http://www.wikidata.org/entity/Q559409,Пирс Энтони,фэнтези,1982-10-01T00:00:00Z,
http://www.wikidata.org/entity/Q7563353,Sorcerer's Son,http://www.wikidata.org/entity/Q768776,Phyllis Eisenstein,фэнтези,1979-03-01T00:00:00Z,Del Rey Books
http://www.wikidata.org/entity/Q6671670,Lonely Vigils,http://www.wikidata.org/entity/Q1981210,Мэнли Уэйд Веллман,фэнтези,1981-01-01T00:00:00Z,Каркоза
http://www.wikidata.org/entity/Q6928703,Mr. George and Other Odd Persons,http://www.wikidata.org/entity/Q509002,Август Дерлет,фэнтези,1963-01-01T00:00:00Z,Arkham House
http://www.wikidata.org/entity/Q7733240,"Демон, который ошибался",http://www.wikidata.org/entity/Q316313,Лайон Спрэг де Камп,фэнтези,1973-02-01T00:00:00Z,New American Library
http://www.wikidata.org/entity/Q7537459,Небесные пираты Каллисто,http://www.wikidata.org/entity/Q1248054,Лин Картер,фэнтези,1973-01-01T00:00:00Z,Dell Publishing
http://www.wikidata.org/entity/Q7719306,The Book of Sorrows,http://www.wikidata.org/entity/Q6232142,Уолтер Уангерин,фэнтези,1985-01-01T00:00:00Z,
http://www.wikidata.org/entity/Q7738276,The Grey King,http://www.wikidata.org/entity/Q236848,Сьюзэн Купер,фэнтези,1975-10-01T00:00:00Z,Chatto & Windus
http://www.wikidata.org/entity/Q6176396,Джеффти пять лет,http://www.wikidata.org/entity/Q311253,Харлан Эллисон,фэнтези,1977-07-01T00:00:00Z,
http://www.wikidata.org/entity/Q5755158,High Couch of Silistra,http://www.wikidata.org/entity/Q6153517,Janet Morris,фэнтези,1977-07-01T00:00:00Z,Bantam Books
http://www.wikidata.org/entity/Q7033977,Nightmares and Daydreams,http://www.wikidata.org/entity/Q717071,Nelson S. Bond,фэнтези,1968-01-01T00:00:00Z,Arkham House
http://www.wikidata.org/entity/Q6929758,Миссис Фрисби и крысы НИПЗ,http://www.wikidata.org/entity/Q2156711,Роберт С. О’Брайэн,фэнтези,1971-01-01T00:00:00Z,
http://www.wikidata.org/entity/Q7495075,Шерлок Холмс против Марса,http://www.wikidata.org/entity/Q1981210,Мэнли Уэйд Веллман,фэнтези,1975-01-01T00:00:00Z,
http://www.wikidata.org/entity/Q7716314,The Beggar Queen,http://www.wikidata.org/entity/Q366643,Ллойд Александер,фэнтези,1984-05-01T00:00:00Z,Dutton
http://www.wikidata.org/entity/Q7676093,"Хвосттрубой, или Приключения молодого кота",http://www.wikidata.org/entity/Q368224,Тэд Уильямс,фэнтези,1985-11-21T00:00:00Z,DAW Books
http://www.wikidata.org/entity/Q6186063,Jessamy,http://www.wikidata.org/entity/Q4859309,Барбара Слэй,фэнтези,1967-01-01T00:00:00Z,HarperCollins
http://www.wikidata.org/entity/Q6011102,In Winter's Shadow,http://www.wikidata.org/entity/Q539221,Gillian Bradshaw,фэнтези,1983-07-01T00:00:00Z,New American Library
http://www.wikidata.org/entity/Q6817567,Ищите моё имя в Атлантиде,http://www.wikidata.org/entity/Q1258959,Джон Джейкс,фэнтези,1972-01-01T00:00:00Z,DAW Books
http://www.wikidata.org/entity/Q7244313,Prince of Annwn,http://www.wikidata.org/entity/Q273105,Evangeline Walton,фэнтези,1974-11-01T00:00:00Z,Ballantine Books
http://www.wikidata.org/entity/Q7739603,Верховный король,http://www.wikidata.org/entity/Q366643,Ллойд Александер,фэнтези,1968-06-01T00:00:00Z,Henry Holt and Company
http://www.wikidata.org/entity/Q7168523,Perilous Dreams,http://www.wikidata.org/entity/Q235899,Андре Нортон,фэнтези,1976-01-01T00:00:00Z,DAW Books
http://www.wikidata.org/entity/Q6012525,In the Mist and Other Uncanny Encounters,http://www.wikidata.org/entity/Q5363681,Elizabeth Walter,фэнтези,1979-01-01T00:00:00Z,Arkham House
http://www.wikidata.org/entity/Q7728919,The Dark Brotherhood and Other Pieces,http://www.wikidata.org/entity/Q509002,Август Дерлет,фэнтези,1966-01-01T00:00:00Z,
http://www.wikidata.org/entity/Q6684314,Lost Worlds,http://www.wikidata.org/entity/Q1248054,Лин Картер,фэнтези,1980-01-01T00:00:00Z,DAW Books
http://www.wikidata.org/entity/Q7232362,Portraits in Moonlight,http://www.wikidata.org/entity/Q2503902,Карл Якоби,фэнтези,1964-01-01T00:00:00Z,Arkham House
http://www.wikidata.org/entity/Q6912792,Morning Child,http://www.wikidata.org/entity/Q720562,Гарднер Дозуа,фэнтези,1984-01-01T00:00:00Z,
http://www.wikidata.org/entity/Q7091247,На коне бледном,http://www.wikidata.org/entity/Q559409,Пирс Энтони,фэнтези,1983-10-01T00:00:00Z,Del Rey Books
http://www.wikidata.org/entity/Q7203783,Pleasant Dreams: Nightmares,http://www.wikidata.org/entity/Q355879,Роберт Блох,фэнтези,1960-01-01T00:00:00Z,Arkham House
http://www.wikidata.org/entity/Q7740959,The Hundred-Year Christmas,http://www.wikidata.org/entity/Q444065,Дэвид Моррелл,фэнтези,1983-01-01T00:00:00Z,"Donald M. Grant, Publisher"
http://www.wikidata.org/entity/Q7744439,Девица короля,http://www.wikidata.org/entity/Q533115,Вера Чэпман,фэнтези,1976-01-01T00:00:00Z,
http://www.wikidata.org/entity/Q7520106,Simon and the Witch,http://www.wikidata.org/entity/Q6759938,Margaret Stuart Barry,фэнтези,1976-08-23T00:00:00Z,"William Collins, Sons"
http://www.wikidata.org/entity/Q5457632,Flashing Swords! 4: Barbarians and Black Magicians,http://www.wikidata.org/entity/Q1248054,Лин Картер,фэнтези,1977-01-01T00:00:00Z,Nelson Doubleday
http://www.wikidata.org/entity/Q7679870,Секрет для дракона,http://www.wikidata.org/entity/Q4394477,Патриция Риди,фэнтези,1985-01-01T00:00:00Z,
http://www.wikidata.org/entity/Q7721585,The Castle in the Attic,http://www.wikidata.org/entity/Q5363738,Elizabeth Winthrop,фэнтези,1985-08-01T00:00:00Z,Holiday House
http://www.wikidata.org/entity/Q7731796,The Elfin Ship,http://www.wikidata.org/entity/Q979465,Джеймс Блейлок,фэнтези,1982-01-01T00:00:00Z,Ballantine Books
http://www.wikidata.org/entity/Q7727089,The Compleat Enchanter,http://www.wikidata.org/entity/Q1351464,Флетчер Прэтт,фэнтези,1975-01-01T00:00:00Z,Doubleday
http://www.wikidata.org/entity/Q7728481,Проклятие монолита,http://www.wikidata.org/entity/Q316313,Лайон Спрэг де Камп,фэнтези,1968-01-01T00:00:00Z,
http://www.wikidata.org/entity/Q7301353,Realms of Wizardry,http://www.wikidata.org/entity/Q1248054,Лин Картер,фэнтези,1976-01-01T00:00:00Z,Doubleday
http://www.wikidata.org/entity/Q5457634,Flashing Swords! 5: Demons and Daggers,http://www.wikidata.org/entity/Q1248054,Лин Картер,фэнтези,1981-01-01T00:00:00Z,Nelson Doubleday
http://www.wikidata.org/entity/Q5451941,Огни Азерота,http://www.wikidata.org/entity/Q234030,Кэролайн Черри,фэнтези,1979-06-01T00:00:00Z,
http://www.wikidata.org/entity/Q7406369,Salvador,http://www.wikidata.org/entity/Q256959,Люциус Шепард,фэнтези,1984-04-01T00:00:00Z,
http://www.wikidata.org/entity/Q7691141,Tea with the Black Dragon,http://www.wikidata.org/entity/Q274941,R. A. MacAvoy,фэнтези,1983-05-01T00:00:00Z,Bantam Books
http://www.wikidata.org/entity/Q7737975,The Great Victorian Collection,http://www.wikidata.org/entity/Q912791,Браян Мур,фэнтези,1975-01-01T00:00:00Z,"Farrar, Straus and Giroux"
http://www.wikidata.org/entity/Q7362414,Romance of Atlantis,http://www.wikidata.org/entity/Q445429,Taylor Caldwell,фэнтези,1975-01-01T00:00:00Z,Fawcett Publications
http://www.wikidata.org/entity/Q7737975,The Great Victorian Collection,http://www.wikidata.org/entity/Q912791,Браян Мур,фэнтези,1975-01-01T00:00:00Z,Jonathan Cape
http://www.wikidata.org/entity/Q6785292,Master of the Five Magics,http://www.wikidata.org/entity/Q948960,Lyndon Hardy,фэнтези,1980-10-01T00:00:00Z,Del Rey Books
http://www.wikidata.org/entity/Q7304613,Алая луна Зембабве,http://www.wikidata.org/entity/Q1248054,Лин Картер,фэнтези,1974-01-01T00:00:00Z,
http://www.wikidata.org/entity/Q7659361,Swordsmen and Supermen,http://www.wikidata.org/entity/Q4798397,Arthur D. Howden Smith,фэнтези,1972-01-01T00:00:00Z,Centaur Press
http://www.wikidata.org/entity/Q7084251,Old Hundredth,http://www.wikidata.org/entity/Q238702,Брайан Олдис,фэнтези,1960-11-01T00:00:00Z,
http://www.wikidata.org/entity/Q7207368,Poems and Stories,http://www.wikidata.org/entity/Q892,Джон Рональд Руэл Толкин,фэнтези,1980-01-01T00:00:00Z,George Allen & Unwin
http://www.wikidata.org/entity/Q7304614,Red Moon and Black Mountain,http://www.wikidata.org/entity/Q272748,Joy Chant,фэнтези,1970-01-01T00:00:00Z,George Allen & Unwin
http://www.wikidata.org/entity/Q7801570,Tigers of the Sea,http://www.wikidata.org/entity/Q207640,Роберт Ирвин Говард,фэнтези,1973-01-01T00:00:00Z,"Donald M. Grant, Publisher"
http://www.wikidata.org/entity/Q7776526,The Year's Best Fantasy Stories: 3,http://www.wikidata.org/entity/Q1248054,Лин Картер,фэнтези,1977-01-01T00:00:00Z,DAW Books
http://www.wikidata.org/entity/Q7729024,Тёмный мир,http://www.wikidata.org/entity/Q551710,Генри Каттнер,фэнтези,1965-01-01T00:00:00Z,Ace Books
http://www.wikidata.org/entity/Q7776172,The World of the Dark Crystal,http://www.wikidata.org/entity/Q1117505,Брайан Фрауд,фэнтези,1982-01-01T00:00:00Z,
http://www.wikidata.org/entity/Q7980336,Weird Tales 4,http://www.wikidata.org/entity/Q1248054,Лин Картер,фэнтези,1983-01-01T00:00:00Z,Kensington Books
http://www.wikidata.org/entity/Q7761805,Правило имён,http://www.wikidata.org/entity/Q181659,Урсула Крёбер Ле Гуин,фэнтези,1964-04-01T00:00:00Z,
http://www.wikidata.org/entity/Q7749314,Бесноватый гоблин,http://www.wikidata.org/entity/Q296256,Филип Хосе Фармер,фэнтези,1970-01-01T00:00:00Z,Ace Books
http://www.wikidata.org/entity/Q8053990,Илана с Калисто,http://www.wikidata.org/entity/Q1248054,Лин Картер,фэнтези,1977-01-01T00:00:00Z,Dell Publishing
http://www.wikidata.org/entity/Q7765241,The Song of Rhiannon,http://www.wikidata.org/entity/Q273105,Evangeline Walton,фэнтези,1972-01-01T00:00:00Z,Ballantine Books
http://www.wikidata.org/entity/Q7820102,Tomoe Gozen,http://www.wikidata.org/entity/Q13563192,Джессика Аманда Сальмонсон,фэнтези,1981-01-01T00:00:00Z,Ace Books
http://www.wikidata.org/entity/Q7991087,Куда приводят мечты,http://www.wikidata.org/entity/Q325130,Ричард Мэтисон,фэнтези,1978-09-01T00:00:00Z,G. P. Putnam's Sons
http://www.wikidata.org/entity/Q7774514,The White Hotel,http://www.wikidata.org/entity/Q1969995,Д. М. Томас,фэнтези,1981-01-01T00:00:00Z,Victor Gollancz
http://www.wikidata.org/entity/Q7719245,The Book of Kane,http://www.wikidata.org/entity/Q639360,Карл Эдвард Вагнер,фэнтези,1985-01-01T00:00:00Z,"Donald M. Grant, Publisher"
http://www.wikidata.org/entity/Q7776532,The Year's Best Fantasy Stories: 7,http://www.wikidata.org/entity/Q4800570,Arthur W. Saha,фэнтези,1981-01-01T00:00:00Z,DAW Books
http://www.wikidata.org/entity/Q7749433,Магия уходит,http://www.wikidata.org/entity/Q316610,Ларри Нивен,фэнтези,1978-01-01T00:00:00Z,
http://www.wikidata.org/entity/Q7769061,The Three Palladins,http://www.wikidata.org/entity/Q3270225,Гарольд Альберт Лэмб,фэнтези,1977-01-01T00:00:00Z,"Donald M. Grant, Publisher"
http://www.wikidata.org/entity/Q7718844,The Blue Star,http://www.wikidata.org/entity/Q1351464,Флетчер Прэтт,фэнтези,1969-01-01T00:00:00Z,Ballantine Books
http://www.wikidata.org/entity/Q7883292,Мир Зелёной Звезды,http://www.wikidata.org/entity/Q1248054,Лин Картер,фэнтези,1972-11-01T00:00:00Z,DAW Books
http://www.wikidata.org/entity/Q7750979,The Memory of Whiteness,http://www.wikidata.org/entity/Q130779,Ким Стенли Робинсон,фэнтези,1985-09-01T00:00:00Z,
http://www.wikidata.org/entity/Q7719230,The Book of Fritz Leiber,http://www.wikidata.org/entity/Q313185,Фриц Лейбер,фэнтези,1974-01-01T00:00:00Z,DAW Books
http://www.wikidata.org/entity/Q7980335,Weird Tales 3,http://www.wikidata.org/entity/Q1248054,Лин Картер,фэнтези,1981-01-01T00:00:00Z,Kensington Books
http://www.wikidata.org/entity/Q7655289,Sweet Dreams,http://www.wikidata.org/entity/Q506231,Майкл Фрейн,фэнтези,1973-01-01T00:00:00Z,
http://www.wikidata.org/entity/Q7775390,The Wizard of Venus,http://www.wikidata.org/entity/Q148234,Эдгар Райс Берроуз,фэнтези,1970-01-01T00:00:00Z,Ace Books
http://www.wikidata.org/entity/Q8036887,Worms of the Earth,http://www.wikidata.org/entity/Q207640,Роберт Ирвин Говард,фэнтези,1974-01-01T00:00:00Z,"Donald M. Grant, Publisher"
http://www.wikidata.org/entity/Q7736580,The Girl in a Swing,http://www.wikidata.org/entity/Q313289,Ричард Адамс,фэнтези,1980-04-01T00:00:00Z,Viking Press
http://www.wikidata.org/entity/Q7776534,The Year's Best Fantasy Stories: 9,http://www.wikidata.org/entity/Q4800570,Arthur W. Saha,фэнтези,1983-01-01T00:00:00Z,DAW Books
http://www.wikidata.org/entity/Q7771286,Корона Ксилара,http://www.wikidata.org/entity/Q316313,Лайон Спрэг де Камп,фэнтези,1983-01-01T00:00:00Z,Ballantine Books
http://www.wikidata.org/entity/Q7729211,День диссонанса,http://www.wikidata.org/entity/Q575345,Алан Дин Фостер,фэнтези,1984-01-01T00:00:00Z,Hachette Book Group
http://www.wikidata.org/entity/Q7729024,Тёмный мир,http://www.wikidata.org/entity/Q242530,Кэтрин Люсиль Мур,фэнтези,1965-01-01T00:00:00Z,Ace Books
http://www.wikidata.org/entity/Q7897672,Until the Celebration,http://www.wikidata.org/entity/Q8071937,Zilpha Keatley Snyder,фэнтези,1977-01-01T00:00:00Z,Atheneum Books
http://www.wikidata.org/entity/Q7775662,The Wonderful Ice Cream Suit and Other Plays,http://www.wikidata.org/entity/Q40640,Рэй Брэдбери,фэнтези,1972-01-01T00:00:00Z,Bantam Books
http://www.wikidata.org/entity/Q7749317,Амулет Безумного Бога,http://www.wikidata.org/entity/Q316138,Майкл Муркок,фэнтези,1968-01-01T00:00:00Z,Lancer Books
http://www.wikidata.org/entity/Q7912989,Вампирский узел,http://www.wikidata.org/entity/Q938710,С. П. Сомтоу,фэнтези,1984-01-01T00:00:00Z,
http://www.wikidata.org/entity/Q7756640,Люди из забытого времени,http://www.wikidata.org/entity/Q148234,Эдгар Райс Берроуз,фэнтези,1963-01-01T00:00:00Z,Ace Books
http://www.wikidata.org/entity/Q7743200,Драгоценности Эптора,http://www.wikidata.org/entity/Q438164,Сэмюэль Дилэни,фэнтези,1962-01-01T00:00:00Z,Ace Books
http://www.wikidata.org/entity/Q7814295,"Tolkien: A Look Behind ""The Lord of the Rings""",http://www.wikidata.org/entity/Q1248054,Лин Картер,фэнтези,1969-01-01T00:00:00Z,Ballantine Books
http://www.wikidata.org/entity/Q7721593,Замок ужаса,http://www.wikidata.org/entity/Q316313,Лайон Спрэг де Камп,фэнтези,1969-01-01T00:00:00Z,
http://www.wikidata.org/entity/Q7758810,The Purple Pterodactyls,http://www.wikidata.org/entity/Q316313,Лайон Спрэг де Камп,фэнтези,1980-01-01T00:00:00Z,Phantasia Press
http://www.wikidata.org/entity/Q7770040,The Treasure of Alpheus Winterborn,http://www.wikidata.org/entity/Q709295,Джон Беллэрс,фэнтези,1978-01-01T00:00:00Z,Penguin Books
http://www.wikidata.org/entity/Q7743190,Чёрный камень,http://www.wikidata.org/entity/Q316138,Майкл Муркок,фэнтези,1967-01-01T00:00:00Z,Lancer Books
http://www.wikidata.org/entity/Q7836067,Travellers by Night,http://www.wikidata.org/entity/Q509002,Август Дерлет,фэнтези,1964-01-01T00:00:00Z,Arkham House
http://www.wikidata.org/entity/Q7745234,Логово ледяного червя,http://www.wikidata.org/entity/Q1248054,Лин Картер,фэнтези,1969-01-01T00:00:00Z,
http://www.wikidata.org/entity/Q8045636,Xélucha and Others,http://www.wikidata.org/entity/Q2517956,Мэтью Фипс Шил,фэнтези,1975-01-01T00:00:00Z,Arkham House
http://www.wikidata.org/entity/Q7746259,The Last of the Really Great Whangdoodles,http://www.wikidata.org/entity/Q161819,Джули Эндрюс,фэнтези,1974-01-01T00:00:00Z,"William Collins, Sons"
http://www.wikidata.org/entity/Q7744049,The Keeper's Price,http://www.wikidata.org/entity/Q465179,Мэрион Зиммер Брэдли,фэнтези,1980-01-01T00:00:00Z,DAW Books
http://www.wikidata.org/entity/Q7775665,The Wonderful Lips of Thibong Linh,http://www.wikidata.org/entity/Q7782015,Theodore Roscoe,фэнтези,1981-01-01T00:00:00Z,"Donald M. Grant, Publisher"
http://www.wikidata.org/entity/Q7756341,В плену пертурбаций,http://www.wikidata.org/entity/Q575345,Алан Дин Фостер,фэнтези,1985-01-01T00:00:00Z,Hachette Book Group
http://www.wikidata.org/entity/Q7766678,The Stories of Ray Bradbury,http://www.wikidata.org/entity/Q40640,Рэй Брэдбери,фэнтези,1980-01-01T00:00:00Z,
http://www.wikidata.org/entity/Q7768739,Тварь в склепе,http://www.wikidata.org/entity/Q1248054,Лин Картер,фэнтези,1967-01-01T00:00:00Z,
http://www.wikidata.org/entity/Q7621403,Strange Harvest,http://www.wikidata.org/entity/Q1240467,Дональд Уондри,фэнтези,1965-01-01T00:00:00Z,Arkham House
http://www.wikidata.org/entity/Q7776525,The Year's Best Fantasy Stories: 2,http://www.wikidata.org/entity/Q1248054,Лин Картер,фэнтези,1976-01-01T00:00:00Z,DAW Books
http://www.wikidata.org/entity/Q7729148,День после Светопреставления,http://www.wikidata.org/entity/Q248867,Джеймс Блиш,фэнтези,1971-01-01T00:00:00Z,Doubleday
http://www.wikidata.org/entity/Q7770821,The Twelve and the Genii,http://www.wikidata.org/entity/Q139506,Pauline Clarke,фэнтези,1962-01-01T00:00:00Z,Faber and Faber
http://www.wikidata.org/entity/Q7765533,Источник магии,http://www.wikidata.org/entity/Q559409,Пирс Энтони,фэнтези,1979-02-01T00:00:00Z,Del Rey Books
http://www.wikidata.org/entity/Q7730850,Повелитель Дракона,http://www.wikidata.org/entity/Q736343,Дэвид Дрейк,фэнтези,1979-01-01T00:00:00Z,Tor Books
http://www.wikidata.org/entity/Q7768367,The Temple of the Ten,http://www.wikidata.org/entity/Q5628089,Генри Бедфорд-Джонс,фэнтези,1973-01-01T00:00:00Z,"Donald M. Grant, Publisher"
http://www.wikidata.org/entity/Q7768802,The Third Grave,http://www.wikidata.org/entity/Q5233490,Дэвид Кейз,фэнтези,1981-01-01T00:00:00Z,Arkham House
http://www.wikidata.org/entity/Q7730850,Повелитель Дракона,http://www.wikidata.org/entity/Q736343,Дэвид Дрейк,фэнтези,1979-01-01T00:00:00Z,Berkley Books
http://www.wikidata.org/entity/Q7980334,Weird Tales 2,http://www.wikidata.org/entity/Q1248054,Лин Картер,фэнтези,1975-01-01T00:00:00Z,Kensington Books
http://www.wikidata.org/entity/Q7770274,Кольцо тритона,http://www.wikidata.org/entity/Q316313,Лайон Спрэг де Камп,фэнтези,1968-01-01T00:00:00Z,Hachette Book Group
http://www.wikidata.org/entity/Q7752174,The Moon of Gomrath,http://www.wikidata.org/entity/Q384481,Алан Гарнер,фэнтези,1963-01-01T00:00:00Z,"William Collins, Sons"
http://www.wikidata.org/entity/Q8044349,Xiccarph,http://www.wikidata.org/entity/Q555298,Кларк Эштон Смит,фэнтези,1972-01-01T00:00:00Z,Ballantine Books
http://www.wikidata.org/entity/Q7723443,Часы Ираза,http://www.wikidata.org/entity/Q316313,Лайон Спрэг де Камп,фэнтези,1971-01-01T00:00:00Z,Jove Books
http://www.wikidata.org/entity/Q7775302,Гиперборейская колдунья,http://www.wikidata.org/entity/Q1248054,Лин Картер,фэнтези,1972-01-01T00:00:00Z,
http://www.wikidata.org/entity/Q7621394,Strange Gateways,http://www.wikidata.org/entity/Q2085846,Эдгар Хоффман Прайс,фэнтези,1967-01-01T00:00:00Z,Arkham House
http://www.wikidata.org/entity/Q7741988,Концерт бесконечности,http://www.wikidata.org/entity/Q317491,Грег Бир,фэнтези,1984-10-01T00:00:00Z,
http://www.wikidata.org/entity/Q7723226,Город черепов,http://www.wikidata.org/entity/Q1248054,Лин Картер,фэнтези,1967-01-01T00:00:00Z,
http://www.wikidata.org/entity/Q7755743,The Overloaded Man,http://www.wikidata.org/entity/Q140201,Джеймс Баллард,фэнтези,1967-01-01T00:00:00Z,Panther Books
http://www.wikidata.org/entity/Q7882210,Unaccompanied Sonata and Other Stories,http://www.wikidata.org/entity/Q217110,Орсон Скотт Кард,фэнтези,1980-01-01T00:00:00Z,Dial Press
http://www.wikidata.org/entity/Q7770869,The Twilight of the Grey Gods,http://www.wikidata.org/entity/Q207640,Роберт Ирвин Говард,фэнтези,1962-01-01T00:00:00Z,
http://www.wikidata.org/entity/Q7811085,To Reign in Hell,http://www.wikidata.org/entity/Q1780503,Стивен Браст,фэнтези,1984-05-01T00:00:00Z,
http://www.wikidata.org/entity/Q7752059,Рай на сто лет,http://www.wikidata.org/entity/Q217110,Орсон Скотт Кард,фэнтези,1979-05-01T00:00:00Z,
http://www.wikidata.org/entity/Q7730290,The Disappearing Dwarf,http://www.wikidata.org/entity/Q979465,Джеймс Блейлок,фэнтези,1983-02-01T00:00:00Z,Ballantine Books
http://www.wikidata.org/entity/Q7776530,The Year's Best Fantasy Stories: 5,http://www.wikidata.org/entity/Q1248054,Лин Картер,фэнтези,1980-01-01T00:00:00Z,DAW Books
http://www.wikidata.org/entity/Q7797861,Three Tales of Horror,http://www.wikidata.org/entity/Q169566,Говард Филлипс Лавкрафт,фэнтези,1967-01-01T00:00:00Z,Arkham House
http://www.wikidata.org/entity/Q7973124,Watchers at the Strait Gate,http://www.wikidata.org/entity/Q158997,Расселл Керк,фэнтези,1984-01-01T00:00:00Z,Arkham House
http://www.wikidata.org/entity/Q7776533,The Year's Best Fantasy Stories: 8,http://www.wikidata.org/entity/Q4800570,Arthur W. Saha,фэнтези,1982-01-01T00:00:00Z,DAW Books
http://www.wikidata.org/entity/Q7721595,The Castle of the Otter,http://www.wikidata.org/entity/Q361149,Джин Вулф,фэнтези,1982-01-01T00:00:00Z,
http://www.wikidata.org/entity/Q7736072,The General Zapped an Angel,http://www.wikidata.org/entity/Q380202,Говард Мелвин Фаст,фэнтези,1970-01-01T00:00:00Z,Уильям Морроу
http://www.wikidata.org/entity/Q7772724,The Vintage Bradbury,http://www.wikidata.org/entity/Q40640,Рэй Брэдбери,фэнтези,1965-01-01T00:00:00Z,Vintage Books
http://www.wikidata.org/entity/Q8036963,Worse Things Waiting,http://www.wikidata.org/entity/Q1981210,Мэнли Уэйд Веллман,фэнтези,1973-01-01T00:00:00Z,Каркоза
http://www.wikidata.org/entity/Q7622588,Strayers from Sheol,http://www.wikidata.org/entity/Q5628542,Герберт Расселл Уэйкфилд,фэнтези,1961-01-01T00:00:00Z,Arkham House
http://www.wikidata.org/entity/Q7769368,Время призраков,http://www.wikidata.org/entity/Q236829,Диана Уинн Джонс,фэнтези,1981-01-01T00:00:00Z,Macmillan Publishers
http://www.wikidata.org/entity/Q7730855,Дракон не дремлет,http://www.wikidata.org/entity/Q328949,"Форд, Джон Майлоу",фэнтези,1983-11-01T00:00:00Z,
http://www.wikidata.org/entity/Q7765815,Вниз по великой реке,http://www.wikidata.org/entity/Q236829,Диана Уинн Джонс,фэнтези,1979-04-12T00:00:00Z,Macmillan Publishers
http://www.wikidata.org/entity/Q7730995,Эльфийский камень сна,http://www.wikidata.org/entity/Q234030,Кэролайн Черри,фэнтези,1983-03-01T00:00:00Z,
http://www.wikidata.org/entity/Q7775798,Слово Освобождения,http://www.wikidata.org/entity/Q181659,Урсула Крёбер Ле Гуин,фэнтези,1964-01-01T00:00:00Z,
http://www.wikidata.org/entity/Q7760677,Мастер загадок,http://www.wikidata.org/entity/Q268755,Патриция Маккиллип,фэнтези,1976-01-01T00:00:00Z,Atheneum Books
http://www.wikidata.org/entity/Q7745234,Логово ледяного червя,http://www.wikidata.org/entity/Q316313,Лайон Спрэг де Камп,фэнтези,1969-01-01T00:00:00Z,
http://www.wikidata.org/entity/Q7980333,Weird Tales 1,http://www.wikidata.org/entity/Q1248054,Лин Картер,фэнтези,1980-01-01T00:00:00Z,Kensington Books
http://www.wikidata.org/entity/Q7754764,The Ogre Downstairs,http://www.wikidata.org/entity/Q236829,Диана Уинн Джонс,фэнтези,1974-01-01T00:00:00Z,Macmillan Publishers
http://www.wikidata.org/entity/Q7759254,Плот,http://www.wikidata.org/entity/Q39829,Стивен Кинг,фэнтези,1982-11-01T00:00:00Z,
http://www.wikidata.org/entity/Q7729475,The Deathbird,http://www.wikidata.org/entity/Q311253,Харлан Эллисон,фэнтези,1973-03-01T00:00:00Z,
http://www.wikidata.org/entity/Q7776529,The Year's Best Fantasy Stories: 4,http://www.wikidata.org/entity/Q1248054,Лин Картер,фэнтези,1978-01-01T00:00:00Z,DAW Books
http://www.wikidata.org/entity/Q7962654,Wall of Serpents,http://www.wikidata.org/entity/Q316313,Лайон Спрэг де Камп,фэнтези,1960-01-01T00:00:00Z,Avalon Books
http://www.wikidata.org/entity/Q7768739,Тварь в склепе,http://www.wikidata.org/entity/Q316313,Лайон Спрэг де Камп,фэнтези,1967-01-01T00:00:00Z,
http://www.wikidata.org/entity/Q7755756,Совы на тарелках,http://www.wikidata.org/entity/Q384481,Алан Гарнер,фэнтези,1967-01-01T00:00:00Z,"William Collins, Sons"
http://www.wikidata.org/entity/Q7744144,The Kestrel,http://www.wikidata.org/entity/Q366643,Ллойд Александер,фэнтези,1982-04-01T00:00:00Z,Dutton
http://www.wikidata.org/entity/Q7757981,"Сила, которая защищает",http://www.wikidata.org/entity/Q457185,Стивен Дональдсон,фэнтези,1979-01-01T00:00:00Z,Holt McDougal
http://www.wikidata.org/entity/Q7776521,The Year's Best Fantasy Stories: 11,http://www.wikidata.org/entity/Q4800570,Arthur W. Saha,фэнтези,1985-01-01T00:00:00Z,DAW Books
http://www.wikidata.org/entity/Q7752172,The Moon in the Cloud,http://www.wikidata.org/entity/Q4952797,Розмари Харрис,фэнтези,1968-01-01T00:00:00Z,Faber and Faber
http://www.wikidata.org/entity/Q7751954,Момент волшебства,http://www.wikidata.org/entity/Q575345,Алан Дин Фостер,фэнтези,1984-01-01T00:00:00Z,Hachette Book Group
http://www.wikidata.org/entity/Q7774430,The Whisper of Glocken,http://www.wikidata.org/entity/Q542561,Carol Kendall,фэнтези,1965-01-01T00:00:00Z,
http://www.wikidata.org/entity/Q7776531,The Year's Best Fantasy Stories: 6,http://www.wikidata.org/entity/Q1248054,Лин Картер,фэнтези,1980-01-01T00:00:00Z,DAW Books
http://www.wikidata.org/entity/Q7764218,The Silent Gondoliers,http://www.wikidata.org/entity/Q506885,Уильям Голдман,фэнтези,1983-11-01T00:00:00Z,
http://www.wikidata.org/entity/Q7731231,The Dunwich Horror and Others,http://www.wikidata.org/entity/Q169566,Говард Филлипс Лавкрафт,фэнтези,1963-01-01T00:00:00Z,Arkham House
http://www.wikidata.org/entity/Q7774503,The White Hart,http://www.wikidata.org/entity/Q3335610,Нэнси Спрингер,фэнтези,1979-12-01T00:00:00Z,Pocket Books
http://www.wikidata.org/entity/Q7728919,The Dark Brotherhood and Other Pieces,http://www.wikidata.org/entity/Q169566,Говард Филлипс Лавкрафт,фэнтези,1966-01-01T00:00:00Z,
http://www.wikidata.org/entity/Q7758330,The Princess of All Lands,http://www.wikidata.org/entity/Q158997,Расселл Керк,фэнтези,1979-01-01T00:00:00Z,Arkham House
http://www.wikidata.org/entity/Q7775302,Гиперборейская колдунья,http://www.wikidata.org/entity/Q316313,Лайон Спрэг де Камп,фэнтези,1972-01-01T00:00:00Z,
http://www.wikidata.org/entity/Q7742024,The Inhabitant of the Lake and Less Welcome Tenants,http://www.wikidata.org/entity/Q703476,Рэмси Кэмпбелл,фэнтези,1964-01-01T00:00:00Z,Arkham House
http://www.wikidata.org/entity/Q7760126,The Reluctant Shaman and Other Fantastic Tales,http://www.wikidata.org/entity/Q316313,Лайон Спрэг де Камп,фэнтези,1970-01-01T00:00:00Z,Jove Books
http://www.wikidata.org/entity/Q7723226,Город черепов,http://www.wikidata.org/entity/Q316313,Лайон Спрэг де Камп,фэнтези,1967-01-01T00:00:00Z,
http://www.wikidata.org/entity/Q7764864,The Small Assassin,http://www.wikidata.org/entity/Q40640,Рэй Брэдбери,фэнтези,1962-01-01T00:00:00Z,Ace Books
http://www.wikidata.org/entity/Q7774730,День гнева,http://www.wikidata.org/entity/Q271111,Мэри Стюарт,фэнтези,1983-01-01T00:00:00Z,Ballantine Books
http://www.wikidata.org/entity/Q7771659,Фабрика Грёз Unlimited,http://www.wikidata.org/entity/Q140201,Джеймс Баллард,фэнтези,1979-10-01T00:00:00Z,Jonathan Cape
http://www.wikidata.org/entity/Q7775391,Волшебник Зао,http://www.wikidata.org/entity/Q1248054,Лин Картер,фэнтези,1978-01-01T00:00:00Z,DAW Books
http://www.wikidata.org/entity/Q7730667,"Рок, покаравший Сарнат, и другие рассказы",http://www.wikidata.org/entity/Q169566,Говард Филлипс Лавкрафт,фэнтези,1971-01-01T00:00:00Z,Ballantine Books
http://www.wikidata.org/entity/Q7773900,Путь креста и дракона,http://www.wikidata.org/entity/Q181677,Джордж Р. Р. Мартин,фэнтези,1979-06-01T00:00:00Z,
http://www.wikidata.org/entity/Q7719275,Книга Мерлина,http://www.wikidata.org/entity/Q453410,Теренс Хэнбери Уайт,фэнтези,1977-01-01T00:00:00Z,Издательство Техасского университета
http://www.wikidata.org/entity/Q7759055,Поиски Каджи,http://www.wikidata.org/entity/Q1248054,Лин Картер,фэнтези,1971-07-01T00:00:00Z,Belmont Books
http://www.wikidata.org/entity/Q7752830,Тайны Харриса Бёрдика,http://www.wikidata.org/entity/Q704553,Крис Ван Оллсбург,фэнтези,1984-01-01T00:00:00Z,
http://www.wikidata.org/entity/Q7776518,The Year's Best Fantasy Stories,http://www.wikidata.org/entity/Q1248054,Лин Картер,фэнтези,1975-01-01T00:00:00Z,DAW Books
http://www.wikidata.org/entity/Q7771914,Долина пропавших женщин,http://www.wikidata.org/entity/Q207640,Роберт Ирвин Говард,фэнтези,1967-01-01T00:00:00Z,
http://www.wikidata.org/entity/Q7804949,Time Cat: The Remarkable Journeys of Jason and Gareth,http://www.wikidata.org/entity/Q366643,Ллойд Александер,фэнтези,1963-01-01T00:00:00Z,Henry Holt and Company
http://www.wikidata.org/entity/Q7718849,Меч королевы,http://www.wikidata.org/entity/Q3064461,Robin McKinley,фэнтези,1982-01-01T00:00:00Z,HarperCollins
http://www.wikidata.org/entity/Q8026174,Зимняя сказка,http://www.wikidata.org/entity/Q1400307,Mark Helprin,фэнтези,1983-10-20T00:00:00Z,
http://www.wikidata.org/entity/Q7736892,Башня гоблинов,http://www.wikidata.org/entity/Q316313,Лайон Спрэг де Камп,фэнтези,1968-01-01T00:00:00Z,Jove Books
http://www.wikidata.org/entity/Q7736580,The Girl in a Swing,http://www.wikidata.org/entity/Q313289,Ричард Адамс,фэнтези,1980-04-01T00:00:00Z,Alfred A. Knopf
http://www.wikidata.org/entity/Q7776284,The Wreck of the Zephyr,http://www.wikidata.org/entity/Q704553,Крис Ван Оллсбург,фэнтези,1983-01-01T00:00:00Z,Houghton Mifflin Harcourt
http://www.wikidata.org/entity/Q8023972,Wind from the Abyss,http://www.wikidata.org/entity/Q6153517,Janet Morris,фэнтези,1978-01-01T00:00:00Z,
http://www.wikidata.org/entity/Q7659294,Sword of Chaos,http://www.wikidata.org/entity/Q465179,Мэрион Зиммер Брэдли,фэнтези,1982-04-01T00:00:00Z,DAW Books
http://www.wikidata.org/entity/Q7762884,The Second Book of Fritz Leiber,http://www.wikidata.org/entity/Q313185,Фриц Лейбер,фэнтези,1975-01-01T00:00:00Z,DAW Books
http://www.wikidata.org/entity/Q7751087,Дети морского царя,http://www.wikidata.org/entity/Q220883,Пол Уильям Андерсон,фэнтези,1979-09-01T00:00:00Z,Berkley Books
http://www.wikidata.org/entity/Q7748771,The Lost Valley of Iskander,http://www.wikidata.org/entity/Q207640,Роберт Ирвин Говард,фэнтези,1974-01-01T00:00:00Z,
http://www.wikidata.org/entity/Q7721592,Замок Ллира,http://www.wikidata.org/entity/Q366643,Ллойд Александер,фэнтези,1966-03-03T00:00:00Z,Henry Holt and Company
http://www.wikidata.org/entity/Q7722097,Очарованная земля,http://www.wikidata.org/entity/Q295406,Роджер Желязны,фэнтези,1981-04-01T00:00:00Z,Del Rey Books
http://www.wikidata.org/entity/Q7765037,Снежные женщины,http://www.wikidata.org/entity/Q313185,Фриц Лейбер,фэнтези,1970-01-01T00:00:00Z,
http://www.wikidata.org/entity/Q7769870,The Trail of Cthulhu,http://www.wikidata.org/entity/Q509002,Август Дерлет,фэнтези,1962-01-01T00:00:00Z,Arkham House
http://www.wikidata.org/entity/Q7765037,Снежные женщины,http://www.wikidata.org/entity/Q313185,Фриц Лейбер,фэнтези,1970-04-01T00:00:00Z,
http://www.wikidata.org/entity/Q7736373,The Giant Under the Snow,http://www.wikidata.org/entity/Q15435114,Джон Гордон,фэнтези,1968-10-01T00:00:00Z,Hutchinson
http://www.wikidata.org/entity/Q7773670,Наблюдатели,http://www.wikidata.org/entity/Q509002,Август Дерлет,фэнтези,1974-01-01T00:00:00Z,Arkham House
http://www.wikidata.org/entity/Q7721593,Замок ужаса,http://www.wikidata.org/entity/Q1248054,Лин Картер,фэнтези,1969-01-01T00:00:00Z,
http://www.wikidata.org/entity/Q7962654,Wall of Serpents,http://www.wikidata.org/entity/Q1351464,Флетчер Прэтт,фэнтези,1960-01-01T00:00:00Z,Avalon Books
http://www.wikidata.org/entity/Q7765326,The Sorcerer's Ship,http://www.wikidata.org/entity/Q5649104,Hannes Bok,фэнтези,1969-01-01T00:00:00Z,Ballantine Books
http://www.wikidata.org/entity/Q7770096,Древо мечей и камней,http://www.wikidata.org/entity/Q234030,Кэролайн Черри,фэнтези,1983-08-01T00:00:00Z,DAW Books
http://www.wikidata.org/entity/Q7773670,Наблюдатели,http://www.wikidata.org/entity/Q169566,Говард Филлипс Лавкрафт,фэнтези,1974-01-01T00:00:00Z,Arkham House
http://www.wikidata.org/entity/Q56302118,Алая цитадель,http://www.wikidata.org/entity/Q42511,Герберт Уэллс,фэнтези,1979-06-01T00:00:00Z,
http://www.wikidata.org/entity/Q16386257,Imaginary Worlds – the Art of Fantasy,http://www.wikidata.org/entity/Q1248054,Лин Картер,фэнтези,1973-01-01T00:00:00Z,Ballantine Books
http://www.wikidata.org/entity/Q17128265,The Unknown Five,http://www.wikidata.org/entity/Q4083857,Дональд Рональд Бенсен,фэнтези,1964-01-01T00:00:00Z,
http://www.wikidata.org/entity/Q8000801,Wild Seed,http://www.wikidata.org/entity/Q239739,Октавия Батлер,фэнтези,1980-07-01T00:00:00Z,Doubleday
http://www.wikidata.org/entity/Q110821527,Greenwitch,http://www.wikidata.org/entity/Q236848,Сьюзэн Купер,фэнтези,1974-04-17T00:00:00Z,
http://www.wikidata.org/entity/Q16161693,Кольцо Мерлина,http://www.wikidata.org/entity/Q784797,Уорнер Мунн,фэнтези,1974-06-01T00:00:00Z,
http://www.wikidata.org/entity/Q15032738,Merry Go Round in Oz,http://www.wikidata.org/entity/Q469464,Элоиза Джарвис Мак-Гроу,фэнтези,1963-01-01T00:00:00Z,Reilly & Britton
http://www.wikidata.org/entity/Q16678711,Wireless,http://www.wikidata.org/entity/Q35064,Агата Кристи,фэнтези,1969-01-01T00:00:00Z,
http://www.wikidata.org/entity/Q9395624,The Island of Doctor Death and Other Stories and Other Stories,http://www.wikidata.org/entity/Q361149,Джин Вулф,фэнтези,1980-01-01T00:00:00Z,Pocket Books
http://www.wikidata.org/entity/Q48816397,Collected Fantasies,http://www.wikidata.org/entity/Q782991,Эйв Дэвидсон,фэнтези,1982-01-01T00:00:00Z,
http://www.wikidata.org/entity/Q9558899,Ведьмина неделя,http://www.wikidata.org/entity/Q236829,Диана Уинн Джонс,фэнтези,1982-01-01T00:00:00Z,Macmillan Publishers
http://www.wikidata.org/entity/Q23307343,The Sword is Forged,http://www.wikidata.org/entity/Q273105,Evangeline Walton,фэнтези,1983-01-01T00:00:00Z,
http://www.wikidata.org/entity/Q19895842,The Silver Crown,http://www.wikidata.org/entity/Q2156711,Роберт С. О’Брайэн,фэнтези,1968-01-01T00:00:00Z,
http://www.wikidata.org/entity/Q19355880,Сторожевая башня,http://www.wikidata.org/entity/Q443462,Elizabeth A. Lynn,фэнтези,1979-02-01T00:00:00Z,
http://www.wikidata.org/entity/Q29869070,Count the Clock That Tells the Time,http://www.wikidata.org/entity/Q311253,Харлан Эллисон,фэнтези,1978-12-01T00:00:00Z,
http://www.wikidata.org/entity/Q16570328,Eriol's song,http://www.wikidata.org/entity/Q892,Джон Рональд Руэл Толкин,фэнтези,1984-01-01T00:00:00Z,
http://www.wikidata.org/entity/Q25208110,Snow White,http://www.wikidata.org/entity/Q353869,Дональд Бартельм,фэнтези,1967-01-01T00:00:00Z,
http://www.wikidata.org/entity/Q16996930,The Infinity Box,http://www.wikidata.org/entity/Q260560,Кейт Вильгельм,фэнтези,1975-01-01T00:00:00Z,Harper
http://www.wikidata.org/entity/Q109595278,Usurp the Night,http://www.wikidata.org/entity/Q207640,Роберт Ирвин Говард,фэнтези,1970-02-01T00:00:00Z,
http://www.wikidata.org/entity/Q56290982,A Stitch in Time,http://www.wikidata.org/entity/Q262274,Пенелопа Лайвли,фэнтези,1976-01-01T00:00:00Z,
http://www.wikidata.org/entity/Q16385744,Freeway Fighter,http://www.wikidata.org/entity/Q1082789,Ян Ливингстон,фэнтези,1985-01-01T00:00:00Z,Puffin Books
http://www.wikidata.org/entity/Q18775268,Барабаны Томбалку,http://www.wikidata.org/entity/Q316313,Лайон Спрэг де Камп,фэнтези,1966-01-01T00:00:00Z,
http://www.wikidata.org/entity/Q17111847,Jirel of Joiry,http://www.wikidata.org/entity/Q242530,Кэтрин Люсиль Мур,фэнтези,1969-01-01T00:00:00Z,Hachette Book Group
http://www.wikidata.org/entity/Q18210180,When the Idols Walked,http://www.wikidata.org/entity/Q1258959,Джон Джейкс,фэнтези,1964-01-01T00:00:00Z,
http://www.wikidata.org/entity/Q39053476,"Человек, любивший Марс",http://www.wikidata.org/entity/Q1248054,Лин Картер,фэнтези,1973-01-01T00:00:00Z,Gold Medal Books
http://www.wikidata.org/entity/Q24951298,«...И берегись двуногого кровь пролить»,http://www.wikidata.org/entity/Q181677,Джордж Р. Р. Мартин,фэнтези,1975-07-01T00:00:00Z,
http://www.wikidata.org/entity/Q110633738,Silver on the Tree,http://www.wikidata.org/entity/Q236848,Сьюзэн Купер,фэнтези,1977-09-01T00:00:00Z,
http://www.wikidata.org/entity/Q15032745,Тарзан жив: Подлинная биография лорда Грейстока,http://www.wikidata.org/entity/Q296256,Филип Хосе Фармер,фэнтези,1972-01-01T00:00:00Z,Doubleday
http://www.wikidata.org/entity/Q48743442,The Best of Avram Davidson,http://www.wikidata.org/entity/Q782991,Эйв Дэвидсон,фэнтези,1979-01-01T00:00:00Z,
http://www.wikidata.org/entity/Q107343032,Драгонруж,http://www.wikidata.org/entity/Q1248054,Лин Картер,фэнтези,1984-01-01T00:00:00Z,DAW Books
http://www.wikidata.org/entity/Q17041125,Talisman of Death,http://www.wikidata.org/entity/Q6147565,Jamie Thomson,фэнтези,1985-01-01T00:00:00Z,Puffin Books
http://www.wikidata.org/entity/Q56277879,The Snowball,http://www.wikidata.org/entity/Q4859309,Барбара Слэй,фэнтези,1969-01-01T00:00:00Z,
http://www.wikidata.org/entity/Q16386765,Lore of the Witch World,http://www.wikidata.org/entity/Q235899,Андре Нортон,фэнтези,1980-01-01T00:00:00Z,DAW Books
http://www.wikidata.org/entity/Q56302118,Алая цитадель,http://www.wikidata.org/entity/Q316138,Майкл Муркок,фэнтези,1979-06-01T00:00:00Z,
http://www.wikidata.org/entity/Q17030695,Пёс войны и боль мира,http://www.wikidata.org/entity/Q316138,Майкл Муркок,фэнтези,1981-10-01T00:00:00Z,Pocket Books
http://www.wikidata.org/entity/Q15034210,Roderick,http://www.wikidata.org/entity/Q1701769,John Sladek,фэнтези,1980-11-13T00:00:00Z,Гранада
http://www.wikidata.org/entity/Q17031290,Scorpion Swamp,http://www.wikidata.org/entity/Q547203,Стив Джексон,фэнтези,1984-09-01T00:00:00Z,Puffin Books
http://www.wikidata.org/entity/Q39074235,Сонный Океан,http://www.wikidata.org/entity/Q1248054,Лин Картер,фэнтези,1984-01-01T00:00:00Z,DAW Books
http://www.wikidata.org/entity/Q16257203,Island of the Lizard King,http://www.wikidata.org/entity/Q1082789,Ян Ливингстон,фэнтези,1984-01-01T00:00:00Z,
http://www.wikidata.org/entity/Q15687860,The Best of Fritz Leiber,http://www.wikidata.org/entity/Q313185,Фриц Лейбер,фэнтези,1974-01-01T00:00:00Z,Sphere Books
http://www.wikidata.org/entity/Q56302118,Алая цитадель,http://www.wikidata.org/entity/Q316313,Лайон Спрэг де Камп,фэнтези,1979-06-01T00:00:00Z,
http://www.wikidata.org/entity/Q18389714,The Fortunes of Brak,http://www.wikidata.org/entity/Q1258959,Джон Джейкс,фэнтези,1980-01-01T00:00:00Z,
http://www.wikidata.org/entity/Q28808665,One Night of Song,http://www.wikidata.org/entity/Q34981,Айзек Азимов,фэнтези,1982-04-01T00:00:00Z,
http://www.wikidata.org/entity/Q16994852,In the Grip of Winter,http://www.wikidata.org/entity/Q1108416,Колин Данн,фэнтези,1981-01-01T00:00:00Z,Hutchinson
http://www.wikidata.org/entity/Q107342992,Кезрик,http://www.wikidata.org/entity/Q1248054,Лин Картер,фэнтези,1982-01-01T00:00:00Z,DAW Books
http://www.wikidata.org/entity/Q17060637,Other Dimensions,http://www.wikidata.org/entity/Q555298,Кларк Эштон Смит,фэнтези,1970-01-01T00:00:00Z,Arkham House
http://www.wikidata.org/entity/Q16773077,Владыка смерти,http://www.wikidata.org/entity/Q261962,Танит Ли,фэнтези,1979-02-01T00:00:00Z,DAW Books
http://www.wikidata.org/entity/Q17110645,"Здравствуй, лето… и прощай",http://www.wikidata.org/entity/Q506242,Майкл Коуни,фэнтези,1975-06-01T00:00:00Z,Victor Gollancz
http://www.wikidata.org/entity/Q56302118,Алая цитадель,http://www.wikidata.org/entity/Q313185,Фриц Лейбер,фэнтези,1979-06-01T00:00:00Z,
http://www.wikidata.org/entity/Q28008019,The Quickening,http://www.wikidata.org/entity/Q953288,Майкл Бишоп,фэнтези,1981-06-01T00:00:00Z,
http://www.wikidata.org/entity/Q16386173,Hyperborea,http://www.wikidata.org/entity/Q555298,Кларк Эштон Смит,фэнтези,1971-01-01T00:00:00Z,Ballantine Books
http://www.wikidata.org/entity/Q18209939,The Mark of the Demons,http://www.wikidata.org/entity/Q1258959,Джон Джейкс,фэнтези,1969-01-01T00:00:00Z,
http://www.wikidata.org/entity/Q13725678,Восставшая из пепла,http://www.wikidata.org/entity/Q261962,Танит Ли,фэнтези,1975-06-01T00:00:00Z,
http://www.wikidata.org/entity/Q16198509,"Дрейфуя у островков Лангерганса: 38°54' северной широты, 77°00'13'' западной долготы",http://www.wikidata.org/entity/Q311253,Харлан Эллисон,фэнтези,1974-10-01T00:00:00Z,
http://www.wikidata.org/entity/Q18210212,Witch of the Four Winds,http://www.wikidata.org/entity/Q1258959,Джон Джейкс,фэнтези,1963-01-01T00:00:00Z,
http://www.wikidata.org/entity/Q56064058,Полночь по часам Морфи,http://www.wikidata.org/entity/Q313185,Фриц Лейбер,фэнтези,1974-07-01T00:00:00Z,
http://www.wikidata.org/entity/Q28015713,Портреты его детей,http://www.wikidata.org/entity/Q181677,Джордж Р. Р. Мартин,фэнтези,1985-11-01T00:00:00Z,
http://www.wikidata.org/entity/Q56302118,Алая цитадель,http://www.wikidata.org/entity/Q295406,Роджер Желязны,фэнтези,1979-06-01T00:00:00Z,
http://www.wikidata.org/entity/Q10470112,Обладатель белого золота,http://www.wikidata.org/entity/Q457185,Стивен Дональдсон,фэнтези,1983-01-01T00:00:00Z,Del Rey Books
http://www.wikidata.org/entity/Q11792666,Кобылка — Страшилка,http://www.wikidata.org/entity/Q559409,Пирс Энтони,фэнтези,1983-01-01T00:00:00Z,
http://www.wikidata.org/entity/Q17026125,Tom O'Bedlam's Night Out and Other Strange Excursions,http://www.wikidata.org/entity/Q4521762,Даррелл Швейцер,фэнтези,1985-01-01T00:00:00Z,
http://www.wikidata.org/entity/Q10469939,Первое дерево,http://www.wikidata.org/entity/Q457185,Стивен Дональдсон,фэнтези,1982-04-01T00:00:00Z,Del Rey Books
http://www.wikidata.org/entity/Q17126456,The Undying Land,http://www.wikidata.org/entity/Q8009900,William Gilmour,фэнтези,1985-01-01T00:00:00Z,"Donald M. Grant, Publisher"
http://www.wikidata.org/entity/Q60785226,The Shattered Goddess,http://www.wikidata.org/entity/Q4521762,Даррелл Швейцер,фэнтези,1983-01-01T00:00:00Z,
http://www.wikidata.org/entity/Q21502008,Unicorn Tapestry,http://www.wikidata.org/entity/Q441603,Сюзи Макки Чарнас,фэнтези,1980-07-01T00:00:00Z,
http://www.wikidata.org/entity/Q7992985,Зов Зелёной Звезды,http://www.wikidata.org/entity/Q1248054,Лин Картер,фэнтези,1973-07-01T00:00:00Z,DAW Books
http://www.wikidata.org/entity/Q16386529,Колдун Келлори,http://www.wikidata.org/entity/Q1248054,Лин Картер,фэнтези,1984-01-01T00:00:00Z,Doubleday
http://www.wikidata.org/entity/Q16385292,The Citadel of Chaos,http://www.wikidata.org/entity/Q727934,Стив Джексон,фэнтези,1983-03-01T00:00:00Z,Puffin Books
http://www.wikidata.org/entity/Q109597001,Name and Number,http://www.wikidata.org/entity/Q912602,Брайан Ламли,фэнтези,1982-07-01T00:00:00Z,
http://www.wikidata.org/entity/Q75167934,Одинокие песни Ларена Дорра,http://www.wikidata.org/entity/Q181677,Джордж Р. Р. Мартин,фэнтези,1976-05-01T00:00:00Z,
http://www.wikidata.org/entity/Q16386529,Колдун Келлори,http://www.wikidata.org/entity/Q1248054,Лин Картер,фэнтези,1984-03-01T00:00:00Z,Doubleday
http://www.wikidata.org/entity/Q39055728,Долина Вечности,http://www.wikidata.org/entity/Q1248054,Лин Картер,фэнтези,1974-01-01T00:00:00Z,Doubleday
http://www.wikidata.org/entity/Q16385272,The Children of Llyr,http://www.wikidata.org/entity/Q273105,Evangeline Walton,фэнтези,1971-01-01T00:00:00Z,Ballantine Books
http://www.wikidata.org/entity/Q21934300,Грезящий город,http://www.wikidata.org/entity/Q316138,Майкл Муркок,фэнтези,1961-06-01T00:00:00Z,
http://www.wikidata.org/entity/Q21501950,Dragonrider,http://www.wikidata.org/entity/Q233046,Энн Маккефри,фэнтези,1967-12-01T00:00:00Z,
http://www.wikidata.org/entity/Q18120923,Стальная Крыса,http://www.wikidata.org/entity/Q489193,Гарри Гаррисон,фэнтези,1961-01-01T00:00:00Z,
http://www.wikidata.org/entity/Q21557555,Weyr Search,http://www.wikidata.org/entity/Q233046,Энн Маккефри,фэнтези,1967-10-01T00:00:00Z,
http://www.wikidata.org/entity/Q88086992,Willow,http://www.wikidata.org/entity/Q234030,Кэролайн Черри,фэнтези,1982-01-01T00:00:00Z,
http://www.wikidata.org/entity/Q88086992,Willow,http://www.wikidata.org/entity/Q234030,Кэролайн Черри,фэнтези,1982-02-01T00:00:00Z,
http://www.wikidata.org/entity/Q85742917,Ariosto,http://www.wikidata.org/entity/Q275172,Челси Куинн Ярбро,фэнтези,1980-04-01T00:00:00Z,
http://www.wikidata.org/entity/Q85807528,The Immortal of World's End,http://www.wikidata.org/entity/Q1248054,Лин Картер,фэнтези,1976-01-01T00:00:00Z,DAW Books
http://www.wikidata.org/entity/Q20963045,"The Chronicles of Thomas Covenant, the Unbeliever",http://www.wikidata.org/entity/Q457185,Стивен Дональдсон,фэнтези,1977-01-01T00:00:00Z,
http://www.wikidata.org/entity/Q28419536,Giants,http://www.wikidata.org/entity/Q34981,Айзек Азимов,фэнтези,1985-01-01T00:00:00Z,New American Library
http://www.wikidata.org/entity/Q16385242,Caverns of the Snow Witch,http://www.wikidata.org/entity/Q1082789,Ян Ливингстон,фэнтези,1984-01-01T00:00:00Z,
http://www.wikidata.org/entity/Q19898188,The Warrior of World's End,http://www.wikidata.org/entity/Q1248054,Лин Картер,фэнтези,1974-01-01T00:00:00Z,DAW Books
http://www.wikidata.org/entity/Q27971205,Unicorn Variation,http://www.wikidata.org/entity/Q295406,Роджер Желязны,фэнтези,1981-04-13T00:00:00Z,
http://www.wikidata.org/entity/Q7997336,Who Made Stevie Crye?,http://www.wikidata.org/entity/Q953288,Майкл Бишоп,фэнтези,1984-10-01T00:00:00Z,Arkham House
http://www.wikidata.org/entity/Q27973457,Paladin of the Lost Hour,http://www.wikidata.org/entity/Q311253,Харлан Эллисон,фэнтези,1985-08-01T00:00:00Z,
http://www.wikidata.org/entity/Q56302118,Алая цитадель,http://www.wikidata.org/entity/Q1258959,Джон Джейкс,фэнтези,1979-06-01T00:00:00Z,
http://www.wikidata.org/entity/Q85808158,The Pirate of World's End,http://www.wikidata.org/entity/Q1248054,Лин Картер,фэнтези,1978-01-01T00:00:00Z,DAW Books
http://www.wikidata.org/entity/Q17026037,Песнь о Лии,http://www.wikidata.org/entity/Q181677,Джордж Р. Р. Мартин,фэнтези,1974-06-01T00:00:00Z,
http://www.wikidata.org/entity/Q61113554,Огнесмех,http://www.wikidata.org/entity/Q4084087,"Бердник, Олесь Павлович",фэнтези,1975-01-01T00:00:00Z,
http://www.wikidata.org/entity/Q10470053,Раненая Страна,http://www.wikidata.org/entity/Q457185,Стивен Дональдсон,фэнтези,1980-06-01T00:00:00Z,Del Rey Books
http://www.wikidata.org/entity/Q21197449,The Ugly Chickens,http://www.wikidata.org/entity/Q787382,Howard Waldrop,фэнтези,1980-09-01T00:00:00Z,
http://www.wikidata.org/entity/Q15033906,Безумная императрица Каллисто,http://www.wikidata.org/entity/Q1248054,Лин Картер,фэнтези,1975-01-01T00:00:00Z,Dell Publishing
http://www.wikidata.org/entity/Q85807055,The Enchantress of World's End,http://www.wikidata.org/entity/Q1248054,Лин Картер,фэнтези,1975-01-01T00:00:00Z,DAW Books
http://www.wikidata.org/entity/Q17109890,The Face in the Frost,http://www.wikidata.org/entity/Q709295,Джон Беллэрс,фэнтези,1969-01-01T00:00:00Z,Macmillan Publishers
http://www.wikidata.org/entity/Q110598546,The Orphan,http://www.wikidata.org/entity/Q3436347,Robert Stallman,фэнтези,1980-03-01T00:00:00Z,
http://www.wikidata.org/entity/Q17034426,We Are All Legends,http://www.wikidata.org/entity/Q4521762,Даррелл Швейцер,фэнтези,1981-01-01T00:00:00Z,The Donning Company
http://www.wikidata.org/entity/Q52421342,Меч и конь,http://www.wikidata.org/entity/Q316138,Майкл Муркок,фэнтези,1974-01-01T00:00:00Z,
http://www.wikidata.org/entity/Q85809350,Город Магов,http://www.wikidata.org/entity/Q1248054,Лин Картер,фэнтези,1968-01-01T00:00:00Z,
http://www.wikidata.org/entity/Q10339852,Temple of Terror,http://www.wikidata.org/entity/Q1082789,Ян Ливингстон,фэнтези,1985-01-01T00:00:00Z,Puffin Books
http://www.wikidata.org/entity/Q109451458,A Castle of Bone,http://www.wikidata.org/entity/Q2068767,Penelope Farmer,фэнтези,1972-01-01T00:00:00Z,
http://www.wikidata.org/entity/Q15033918,Колдуны Мозга Каллисто,http://www.wikidata.org/entity/Q1248054,Лин Картер,фэнтези,1975-01-01T00:00:00Z,Dell Publishing
http://www.wikidata.org/entity/Q18775268,Барабаны Томбалку,http://www.wikidata.org/entity/Q207640,Роберт Ирвин Говард,фэнтези,1966-01-01T00:00:00Z,
http://www.wikidata.org/entity/Q20739593,San Diego Lightfoot Sue,http://www.wikidata.org/entity/Q328550,Tom Reamy,фэнтези,1975-08-01T00:00:00Z,
http://www.wikidata.org/entity/Q15032746,Yankee in Oz,http://www.wikidata.org/entity/Q449234,Рут Пламли Томпсон,фэнтези,1972-01-01T00:00:00Z,The International Wizard of Oz Club
http://www.wikidata.org/entity/Q48815582,The Enquiries of Doctor Eszterhazy,http://www.wikidata.org/entity/Q782991,Эйв Дэвидсон,фэнтези,1975-01-01T00:00:00Z,
http://www.wikidata.org/entity/Q17027074,Saga of Old City,http://www.wikidata.org/entity/Q1379,Гэри Гайгэкс,фэнтези,1985-01-01T00:00:00Z,"TSR, Inc."
http://www.wikidata.org/entity/Q85809345,Пираты Таракуса,http://www.wikidata.org/entity/Q1248054,Лин Картер,фэнтези,1970-01-01T00:00:00Z,
http://www.wikidata.org/entity/Q15032739,Башни Торона,http://www.wikidata.org/entity/Q438164,Сэмюэль Дилэни,фэнтези,1964-01-01T00:00:00Z,Ace Books
http://www.wikidata.org/entity/Q85809341,Тонгор против Богов,http://www.wikidata.org/entity/Q1248054,Лин Картер,фэнтези,1967-01-01T00:00:00Z,
http://www.wikidata.org/entity/Q11786364,Поход Чёрного Креста,http://www.wikidata.org/entity/Q639360,Карл Эдвард Вагнер,фэнтези,1976-01-01T00:00:00Z,
http://www.wikidata.org/entity/Q68515823,Когда боги смеются,http://www.wikidata.org/entity/Q316138,Майкл Муркок,фэнтези,1961-10-01T00:00:00Z,
http://www.wikidata.org/entity/Q12740242,Война Иллеарта,http://www.wikidata.org/entity/Q457185,Стивен Дональдсон,фэнтези,1978-01-01T00:00:00Z,Holt McDougal
http://www.wikidata.org/entity/Q7997232,Who Fears the Devil?,http://www.wikidata.org/entity/Q1981210,Мэнли Уэйд Веллман,фэнтези,1963-01-01T00:00:00Z,Arkham House
http://www.wikidata.org/entity/Q85809348,Тонгор на Краю Времени,http://www.wikidata.org/entity/Q1248054,Лин Картер,фэнтези,1968-01-01T00:00:00Z,
http://www.wikidata.org/entity/Q17060853,Зотик,http://www.wikidata.org/entity/Q555298,Кларк Эштон Смит,фэнтези,1970-01-01T00:00:00Z,
http://www.wikidata.org/entity/Q39059307,Город за пределами мира,http://www.wikidata.org/entity/Q1248054,Лин Картер,фэнтези,1977-01-01T00:00:00Z,Berkley Books
http://www.wikidata.org/entity/Q56302118,Алая цитадель,http://www.wikidata.org/entity/Q555298,Кларк Эштон Смит,фэнтези,1979-06-01T00:00:00Z,
http://www.wikidata.org/entity/Q15032947,Йенди,http://www.wikidata.org/entity/Q1780503,Стивен Браст,фэнтези,1984-01-01T00:00:00Z,Ace Books
http://www.wikidata.org/entity/Q85806450,The Barbarian of World's End,http://www.wikidata.org/entity/Q1248054,Лин Картер,фэнтези,1977-01-01T00:00:00Z,DAW Books
http://www.wikidata.org/entity/Q9355464,Танцоры Аруна,http://www.wikidata.org/entity/Q443462,Elizabeth A. Lynn,фэнтези,1979-07-01T00:00:00Z,
http://www.wikidata.org/entity/Q48815963,Or All the Seas with Oysters,http://www.wikidata.org/entity/Q782991,Эйв Дэвидсон,фэнтези,1962-01-01T00:00:00Z,
http://www.wikidata.org/entity/Q7994991,Белый Свет,http://www.wikidata.org/entity/Q92849,Руди Рюкер,фэнтези,1980-09-01T00:00:00Z,
http://www.wikidata.org/entity/Q16256384,City of Thieves,http://www.wikidata.org/entity/Q1082789,Ян Ливингстон,фэнтези,1983-01-01T00:00:00Z,
http://www.wikidata.org/entity/Q56302118,Алая цитадель,http://www.wikidata.org/entity/Q207640,Роберт Ирвин Говард,фэнтези,1979-06-01T00:00:00Z,
http://www.wikidata.org/entity/Q16387291,"Невериона, или Повесть о знаках и городах",http://www.wikidata.org/entity/Q438164,Сэмюэль Дилэни,фэнтези,1983-04-01T00:00:00Z,Bantam Books
http://www.wikidata.org/entity/Q83636780,The Man Who Met Picasso,http://www.wikidata.org/entity/Q455510,Майкл Суэнвик,фэнтези,1982-01-01T00:00:00Z,
http://www.wikidata.org/entity/Q7991088,What Dreams May Come,http://www.wikidata.org/entity/Q1981210,Мэнли Уэйд Веллман,фэнтези,1983-01-01T00:00:00Z,Doubleday
http://www.wikidata.org/entity/Q83636780,The Man Who Met Picasso,http://www.wikidata.org/entity/Q455510,Майкл Суэнвик,фэнтези,1982-09-01T00:00:00Z,
http://www.wikidata.org/entity/Q24255816,Исполин последних дней,http://www.wikidata.org/entity/Q1248054,Лин Картер,фэнтези,1969-01-01T00:00:00Z,Belmont Books
http://www.wikidata.org/entity/Q17141260,The Touch of Evil,http://www.wikidata.org/entity/Q1701926,John T. Phillifent,фэнтези,1963-01-01T00:00:00Z,
http://www.wikidata.org/entity/Q7992474,When Evil Wakes,http://www.wikidata.org/entity/Q509002,Август Дерлет,фэнтези,1963-01-01T00:00:00Z,Ernest Hecht
http://www.wikidata.org/entity/Q29917820,"Djinn, No Chaser",http://www.wikidata.org/entity/Q311253,Харлан Эллисон,фэнтези,1982-04-01T00:00:00Z,
http://www.wikidata.org/entity/Q56302118,Алая цитадель,http://www.wikidata.org/entity/Q1248054,Лин Картер,фэнтези,1979-06-01T00:00:00Z,
http://www.wikidata.org/entity/Q17041125,Talisman of Death,http://www.wikidata.org/entity/Q6769766,Марк Смит,фэнтези,1985-01-01T00:00:00Z,Puffin Books
http://www.wikidata.org/entity/Q16386028,High Sorcery,http://www.wikidata.org/entity/Q235899,Андре Нортон,фэнтези,1970-01-01T00:00:00Z,Ace Books
http://www.wikidata.org/entity/Q60790432,The Fire When It Comes,http://www.wikidata.org/entity/Q3365451,Парк Годвин,фэнтези,1981-01-01T00:00:00Z,
http://www.wikidata.org/entity/Q60790432,The Fire When It Comes,http://www.wikidata.org/entity/Q3365451,Парк Годвин,фэнтези,1981-05-01T00:00:00Z,
http://www.wikidata.org/entity/Q7997187,Who Censored Roger Rabbit?,http://www.wikidata.org/entity/Q1079574,Гэри Вульф,фэнтези,1981-01-01T00:00:00Z,St. Martin's Press
http://www.wikidata.org/entity/Q16385855,Gonna Roll the Bones,http://www.wikidata.org/entity/Q313185,Фриц Лейбер,фэнтези,1967-10-01T00:00:00Z,
http://www.wikidata.org/entity/Q131413851,Thorn,http://www.wikidata.org/entity/Q497454,Фред Саберхаген,фэнтези,1980-09-01T00:00:00Z,
http://www.wikidata.org/entity/Q130643344,Piper at the Gates of Dawn,http://www.wikidata.org/entity/Q1701097,"John Middleton Murry, Jr.",фэнтези,1976-03-01T00:00:00Z,
http://www.wikidata.org/entity/Q131414175,The Grey Mane of Morning,http://www.wikidata.org/entity/Q272748,Joy Chant,фэнтези,1977-01-01T00:00:00Z,
http://www.wikidata.org/entity/Q131199804,The Woman Who Loved the Moon,http://www.wikidata.org/entity/Q443462,Elizabeth A. Lynn,фэнтези,1979-12-01T00:00:00Z,
http://www.wikidata.org/entity/Q130742183,Men of the Shadows,http://www.wikidata.org/entity/Q207640,Роберт Ирвин Говард,фэнтези,1969-09-01T00:00:00Z,
http://www.wikidata.org/entity/Q131516775,Глубинные сады,http://www.wikidata.org/entity/Q312995,Брюс Стерлинг,фэнтези,1984-06-01T00:00:00Z,
http://www.wikidata.org/entity/Q131413636,Искушение кровью,http://www.wikidata.org/entity/Q275172,Челси Куинн Ярбро,фэнтези,1982-02-01T00:00:00Z,
http://www.wikidata.org/entity/Q131416058,Daughter of the Bright Moon,http://www.wikidata.org/entity/Q613259,Линн Абби,фэнтези,1979-07-01T00:00:00Z,
http://www.wikidata.org/entity/Q131308014,Wong's Lost and Found Emporium,http://www.wikidata.org/entity/Q8008898,Уильям Ф. Ву,фэнтези,1983-05-01T00:00:00Z,
http://www.wikidata.org/entity/Q131471964,The Button Molder,http://www.wikidata.org/entity/Q313185,Фриц Лейбер,фэнтези,1979-10-01T00:00:00Z,
http://www.wikidata.org/entity/Q131416072,The Sword of Winter,http://www.wikidata.org/entity/Q682325,Marta Randall,фэнтези,1983-09-01T00:00:00Z,
http://www.wikidata.org/entity/Q131200237,Confess the Seasons,http://www.wikidata.org/entity/Q3666432,Charles L. Grant,фэнтези,1982-10-01T00:00:00Z,
http://www.wikidata.org/entity/Q131415839,The Dream Years,http://www.wikidata.org/entity/Q690338,Лиза Голдштейн,фэнтези,1985-09-01T00:00:00Z,
http://www.wikidata.org/entity/Q131416200,Wings of Flame,http://www.wikidata.org/entity/Q3335610,Нэнси Спрингер,фэнтези,1985-05-01T00:00:00Z,
http://www.wikidata.org/entity/Q104841342,The Golden Horn,http://www.wikidata.org/entity/Q539418,Judith Tarr,фэнтези,1985-01-01T00:00:00Z,
http://www.wikidata.org/entity/Q131517136,Disciples,http://www.wikidata.org/entity/Q720562,Гарднер Дозуа,фэнтези,1981-11-27T00:00:00Z,
http://www.wikidata.org/entity/Q96371776,Наступление Тьмы,http://www.wikidata.org/entity/Q922071,Глен Кук,фэнтези,1980-06-01T00:00:00Z,
http://www.wikidata.org/entity/Q131517143,The Gods of Mars,http://www.wikidata.org/entity/Q720562,Гарднер Дозуа,фэнтези,1985-03-01T00:00:00Z,
http://www.wikidata.org/entity/Q122452525,Sword of the Demon,http://www.wikidata.org/entity/Q3430446,Ричард А Лупофф,фэнтези,1977-02-01T00:00:00Z,
http://www.wikidata.org/entity/Q131472034,The Monkey's Bride,http://www.wikidata.org/entity/Q953288,Майкл Бишоп,фэнтези,1983-03-01T00:00:00Z,
http://www.wikidata.org/entity/Q107986288,В зале мертвецов,http://www.wikidata.org/entity/Q316313,Лайон Спрэг де Камп,фэнтези,1967-01-01T00:00:00Z,
http://www.wikidata.org/entity/Q104869742,Буря крыльев,http://www.wikidata.org/entity/Q963799,M. John Harrison,фэнтези,1980-05-01T00:00:00Z,
http://www.wikidata.org/entity/Q131517411,The Bagful of Dreams,http://www.wikidata.org/entity/Q312632,Джек Вэнс,фэнтези,1977-05-01T00:00:00Z,
http://www.wikidata.org/entity/Q104864827,The Ladies of Mandrigyn,http://www.wikidata.org/entity/Q288198,Барбара Хэмбли,фэнтези,1984-03-01T00:00:00Z,
http://www.wikidata.org/entity/Q104866702,Sun's End,http://www.wikidata.org/entity/Q3430446,Ричард А Лупофф,фэнтези,1984-01-01T00:00:00Z,
http://www.wikidata.org/entity/Q104525320,For All Poor Folks at Picketwire,http://www.wikidata.org/entity/Q982489,R. A. Lafferty,фэнтези,1975-01-01T00:00:00Z,
http://www.wikidata.org/entity/Q131192011,The Last Enchantment,http://www.wikidata.org/entity/Q316138,Майкл Муркок,фэнтези,1978-01-01T00:00:00Z,
http://www.wikidata.org/entity/Q116792583,"Daisy, in the Sun",http://www.wikidata.org/entity/Q234700,Конни Уиллис,фэнтези,1979-11-01T00:00:00Z,
http://www.wikidata.org/entity/Q131302891,In the Bag,http://www.wikidata.org/entity/Q703476,Рэмси Кэмпбелл,фэнтези,1977-11-01T00:00:00Z,
http://www.wikidata.org/entity/Q131301486,Земля осенняя,http://www.wikidata.org/entity/Q294625,Клиффорд Дональд Саймак,фэнтези,1971-10-01T00:00:00Z,
http://www.wikidata.org/entity/Q131308009,The Boy Who Waterskied to Forever,http://www.wikidata.org/entity/Q234928,Джеймс Типтри-младший,фэнтези,1982-10-01T00:00:00Z,
http://www.wikidata.org/entity/Q108337330,Рыло во тьме,http://www.wikidata.org/entity/Q316313,Лайон Спрэг де Камп,фэнтези,1969-01-01T00:00:00Z,
http://www.wikidata.org/entity/Q131200577,Black Air,http://www.wikidata.org/entity/Q130779,Ким Стенли Робинсон,фэнтези,1983-03-01T00:00:00Z,
http://www.wikidata.org/entity/Q131195358,Prismatica,http://www.wikidata.org/entity/Q438164,Сэмюэль Дилэни,фэнтези,1977-10-01T00:00:00Z,
http://www.wikidata.org/entity/Q108353481,Волки у границы,http://www.wikidata.org/entity/Q316313,Лайон Спрэг де Камп,фэнтези,1967-01-01T00:00:00Z,
http://www.wikidata.org/entity/Q120176313,Cyrus the Unsinkable Sea Serpent,http://www.wikidata.org/entity/Q321790,Билл Пит,фэнтези,1975-01-01T00:00:00Z,
http://www.wikidata.org/entity/Q96408590,The Devil Wives of Li Fong,http://www.wikidata.org/entity/Q2085846,Эдгар Хоффман Прайс,фэнтези,1979-01-01T00:00:00Z,
http://www.wikidata.org/entity/Q113525868,Circle of Light,http://www.wikidata.org/entity/Q7031405,Niel Hancock,фэнтези,1977-01-01T00:00:00Z,
http://www.wikidata.org/entity/Q104850239,Воздушные стены,http://www.wikidata.org/entity/Q288198,Барбара Хэмбли,фэнтези,1983-03-01T00:00:00Z,
http://www.wikidata.org/entity/Q97623557,Удача или миф,http://www.wikidata.org/entity/Q976059,Роберт Линн Асприн,фэнтези,1983-10-01T00:00:00Z,
http://www.wikidata.org/entity/Q131300957,Delusion for a Dragon Slayer,http://www.wikidata.org/entity/Q311253,Харлан Эллисон,фэнтези,1966-09-01T00:00:00Z,
http://www.wikidata.org/entity/Q131417909,Sung in Shadow,http://www.wikidata.org/entity/Q261962,Танит Ли,фэнтези,1983-05-01T00:00:00Z,
http://www.wikidata.org/entity/Q108368925,Рука Нергала,http://www.wikidata.org/entity/Q207640,Роберт Ирвин Говард,фэнтези,1967-01-01T00:00:00Z,
http://www.wikidata.org/entity/Q104856777,Церемонии,http://www.wikidata.org/entity/Q7668220,Т. Э. Д. Клейн,фэнтези,1984-06-01T00:00:00Z,
http://www.wikidata.org/entity/Q130751839,The Dwellers under the Tombs,http://www.wikidata.org/entity/Q207640,Роберт Ирвин Говард,фэнтези,1976-01-01T00:00:00Z,
http://www.wikidata.org/entity/Q97172660,In Viriconium,http://www.wikidata.org/entity/Q963799,M. John Harrison,фэнтези,1982-01-01T00:00:00Z,
http://www.wikidata.org/entity/Q131191959,Dead God's Homecoming,http://www.wikidata.org/entity/Q316138,Майкл Муркок,фэнтези,1963-06-01T00:00:00Z,
http://www.wikidata.org/entity/Q131471962,The Gorgon,http://www.wikidata.org/entity/Q261962,Танит Ли,фэнтези,1982-10-01T00:00:00Z,
http://www.wikidata.org/entity/Q108368925,Рука Нергала,http://www.wikidata.org/entity/Q1248054,Лин Картер,фэнтези,1967-01-01T00:00:00Z,
http://www.wikidata.org/entity/Q96377387,Esbae: A Winter's Tale,http://www.wikidata.org/entity/Q131412908,Linda Haldeman,фэнтези,1981-10-01T00:00:00Z,
http://www.wikidata.org/entity/Q104840720,The Isle of Glass,http://www.wikidata.org/entity/Q539418,Judith Tarr,фэнтези,1985-03-01T00:00:00Z,
http://www.wikidata.org/entity/Q131191958,Doomed Lord's Passing,http://www.wikidata.org/entity/Q316138,Майкл Муркок,фэнтези,1964-04-01T00:00:00Z,
http://www.wikidata.org/entity/Q131471924,Mythago Wood,http://www.wikidata.org/entity/Q890980,Роберт Холдсток,фэнтези,1981-09-01T00:00:00Z,
http://www.wikidata.org/entity/Q131472036,Within the Walls of Tyre,http://www.wikidata.org/entity/Q953288,Майкл Бишоп,фэнтези,1978-05-01T00:00:00Z,
http://www.wikidata.org/entity/Q131443968,Masters of Glass,http://www.wikidata.org/entity/Q106776275,Coleman Brax,фэнтези,1985-07-01T00:00:00Z,
http://www.wikidata.org/entity/Q131191544,Master of Chaos,http://www.wikidata.org/entity/Q316138,Майкл Муркок,фэнтези,1964-05-01T00:00:00Z,
http://www.wikidata.org/entity/Q131472012,"Draco, Draco",http://www.wikidata.org/entity/Q261962,Танит Ли,фэнтези,1984-08-01T00:00:00Z,
http://www.wikidata.org/entity/Q98077146,What Good Is A Glass Dagger?,http://www.wikidata.org/entity/Q316610,Ларри Нивен,фэнтези,1972-09-01T00:00:00Z,
http://www.wikidata.org/entity/Q131413790,Brisingamen,http://www.wikidata.org/entity/Q442474,Diana L. Paxson,фэнтези,1984-11-01T00:00:00Z,
http://www.wikidata.org/entity/Q131471749,Bad Medicine,http://www.wikidata.org/entity/Q6112002,Jack Dann,фэнтези,1984-10-01T00:00:00Z,
http://www.wikidata.org/entity/Q131300865,Savage Pellucidar,http://www.wikidata.org/entity/Q148234,Эдгар Райс Берроуз,фэнтези,1963-11-01T00:00:00Z,
http://www.wikidata.org/entity/Q131417963,Queens Walk in the Dusk,http://www.wikidata.org/entity/Q346490,Thomas Burnett Swann,фэнтези,1977-01-01T00:00:00Z,
http://www.wikidata.org/entity/Q131413915,Меченосец,http://www.wikidata.org/entity/Q922071,Глен Кук,фэнтези,1982-01-01T00:00:00Z,
http://www.wikidata.org/entity/Q131471938,A Good Night's Sleep,http://www.wikidata.org/entity/Q782991,Эйв Дэвидсон,фэнтези,1978-08-01T00:00:00Z,
http://www.wikidata.org/entity/Q131200376,Nightlife,http://www.wikidata.org/entity/Q768776,Phyllis Eisenstein,фэнтези,1982-02-01T00:00:00Z,
http://www.wikidata.org/entity/Q131417650,The Captive,http://www.wikidata.org/entity/Q3436347,Robert Stallman,фэнтези,1981-03-01T00:00:00Z,
http://www.wikidata.org/entity/Q131471963,Into Whose Hands,http://www.wikidata.org/entity/Q639360,Карл Эдвард Вагнер,фэнтези,1983-07-01T00:00:00Z,
http://www.wikidata.org/entity/Q102079068,Damiano's Lute,http://www.wikidata.org/entity/Q274941,R. A. MacAvoy,фэнтези,1984-05-01T00:00:00Z,
http://www.wikidata.org/entity/Q131308003,Spidersong,http://www.wikidata.org/entity/Q55418878,Susan C. Petrey,фэнтези,1980-09-01T00:00:00Z,
http://www.wikidata.org/entity/Q131417496,Затмение Луны,http://www.wikidata.org/entity/Q2043557,P. C. Hodgell,фэнтези,1985-10-01T00:00:00Z,
http://www.wikidata.org/entity/Q97355083,Сопоставление,http://www.wikidata.org/entity/Q559409,Пирс Энтони,фэнтези,1982-01-01T00:00:00Z,
http://www.wikidata.org/entity/Q97355083,Сопоставление,http://www.wikidata.org/entity/Q559409,Пирс Энтони,фэнтези,1982-03-01T00:00:00Z,
http://www.wikidata.org/entity/Q131517432,Paper Dragons,http://www.wikidata.org/entity/Q979465,Джеймс Блейлок,фэнтези,1985-12-01T00:00:00Z,
http://www.wikidata.org/entity/Q96410168,Too Long a Sacrifice,http://www.wikidata.org/entity/Q43654540,Mildred Downey Broxon,фэнтези,1981-03-01T00:00:00Z,
http://www.wikidata.org/entity/Q130426330,Entire and Perfect Chrysolite,http://www.wikidata.org/entity/Q982489,R. A. Lafferty,фэнтези,1970-01-01T00:00:00Z,
http://www.wikidata.org/entity/Q131517143,The Gods of Mars,http://www.wikidata.org/entity/Q6112002,Jack Dann,фэнтези,1985-03-01T00:00:00Z,
http://www.wikidata.org/entity/Q131517275,On the Downhill Side,http://www.wikidata.org/entity/Q311253,Харлан Эллисон,фэнтези,1972-01-01T00:00:00Z,
http://www.wikidata.org/entity/Q131413500,Peregrine: Secundus,http://www.wikidata.org/entity/Q782991,Эйв Дэвидсон,фэнтези,1981-05-01T00:00:00Z,
http://www.wikidata.org/entity/Q131191956,Sad Giant's Shield,http://www.wikidata.org/entity/Q316138,Майкл Муркок,фэнтези,1964-02-01T00:00:00Z,
http://www.wikidata.org/entity/Q134440475,Песнь Хомейны,http://www.wikidata.org/entity/Q1396763,Jennifer Roberson,фэнтези,1985-07-01T00:00:00Z,
http://www.wikidata.org/entity/Q131416064,After Dark,http://www.wikidata.org/entity/Q1981210,Мэнли Уэйд Веллман,фэнтези,1980-12-01T00:00:00Z,
http://www.wikidata.org/entity/Q131191930,The Flame Bringers,http://www.wikidata.org/entity/Q316138,Майкл Муркок,фэнтези,1962-10-01T00:00:00Z,
http://www.wikidata.org/entity/Q131413802,Северянка,http://www.wikidata.org/entity/Q443462,Elizabeth A. Lynn,фэнтези,1980-12-01T00:00:00Z,
http://www.wikidata.org/entity/Q122452526,The Road to Corlay,http://www.wikidata.org/entity/Q1701097,"John Middleton Murry, Jr.",фэнтези,1978-06-01T00:00:00Z,
http://www.wikidata.org/entity/Q131461662,Soldier of an Empire Unacquainted with Defeat,http://www.wikidata.org/entity/Q922071,Глен Кук,фэнтези,1980-08-01T00:00:00Z,
http://www.wikidata.org/entity/Q131191927,To Rescue Tanelorn...,http://www.wikidata.org/entity/Q316138,Майкл Муркок,фэнтези,1962-12-01T00:00:00Z,
http://www.wikidata.org/entity/Q115152161,Болотная крепость,http://www.wikidata.org/entity/Q235899,Андре Нортон,фэнтези,1978-02-01T00:00:00Z,
http://www.wikidata.org/entity/Q131445313,The Red Magician,http://www.wikidata.org/entity/Q690338,Лиза Голдштейн,фэнтези,1982-01-01T00:00:00Z,
http://www.wikidata.org/entity/Q131417587,The Book of Kells,http://www.wikidata.org/entity/Q274941,R. A. MacAvoy,фэнтези,1985-08-01T00:00:00Z,
http://www.wikidata.org/entity/Q131191928,The Stealer of Souls,http://www.wikidata.org/entity/Q316138,Майкл Муркок,фэнтези,1962-02-01T00:00:00Z,
http://www.wikidata.org/entity/Q131471712,The Slovo Stove,http://www.wikidata.org/entity/Q782991,Эйв Дэвидсон,фэнтези,1985-01-01T00:00:00Z,
http://www.wikidata.org/entity/Q121433746,April in Paris,http://www.wikidata.org/entity/Q181659,Урсула Крёбер Ле Гуин,фэнтези,1962-01-01T00:00:00Z,
http://www.wikidata.org/entity/Q131374930,The Gardens of Delight,http://www.wikidata.org/entity/Q1371639,Йен Уотсон,фэнтези,1980-01-01T00:00:00Z,
http://www.wikidata.org/entity/Q97473858,Raven of Destiny,http://www.wikidata.org/entity/Q1727806,Питер Тримэйн,фэнтези,1984-01-01T00:00:00Z,
http://www.wikidata.org/entity/Q131517221,The Eichmann Variations,http://www.wikidata.org/entity/Q3102027,Джордж Зебровски,фэнтези,1984-11-01T00:00:00Z,
http://www.wikidata.org/entity/Q131195271,Basilisk,http://www.wikidata.org/entity/Q311253,Харлан Эллисон,фэнтези,1972-08-01T00:00:00Z,
http://www.wikidata.org/entity/Q131471839,Nunc Dimittis,http://www.wikidata.org/entity/Q261962,Танит Ли,фэнтези,1983-01-01T00:00:00Z,
http://www.wikidata.org/entity/Q131517233,Petra,http://www.wikidata.org/entity/Q317491,Грег Бир,фэнтези,1982-02-01T00:00:00Z,
http://www.wikidata.org/entity/Q131471932,Camps,http://www.wikidata.org/entity/Q6112002,Jack Dann,фэнтези,1979-05-01T00:00:00Z,
http://www.wikidata.org/entity/Q131516855,Secrets of the Heart,http://www.wikidata.org/entity/Q3666432,Charles L. Grant,фэнтези,1980-03-01T00:00:00Z,
http://www.wikidata.org/entity/Q131471731,The Jaguar Hunter,http://www.wikidata.org/entity/Q256959,Люциус Шепард,фэнтези,1985-05-01T00:00:00Z,
http://www.wikidata.org/entity/Q131200239,Beyond Any Measure,http://www.wikidata.org/entity/Q639360,Карл Эдвард Вагнер,фэнтези,1982-03-01T00:00:00Z,
http://www.wikidata.org/entity/Q131195281,The City on the Sand,http://www.wikidata.org/entity/Q550614,Джордж Алек Эффинджер,фэнтези,1973-04-01T00:00:00Z,
http://www.wikidata.org/entity/Q120716648,Людо и звёздный конь,http://www.wikidata.org/entity/Q271111,Мэри Стюарт,фэнтези,1974-01-01T00:00:00Z,
http://www.wikidata.org/entity/Q131417567,Голубой адепт,http://www.wikidata.org/entity/Q559409,Пирс Энтони,фэнтези,1981-01-01T00:00:00Z,
http://www.wikidata.org/entity/Q131417567,Голубой адепт,http://www.wikidata.org/entity/Q559409,Пирс Энтони,фэнтези,1981-05-01T00:00:00Z,
http://www.wikidata.org/entity/Q131417962,Cry Silver Bells,http://www.wikidata.org/entity/Q346490,Thomas Burnett Swann,фэнтези,1977-12-01T00:00:00Z,
http://www.wikidata.org/entity/Q131199800,Mackintosh Willy,http://www.wikidata.org/entity/Q703476,Рэмси Кэмпбелл,фэнтези,1979-11-01T00:00:00Z,
http://www.wikidata.org/entity/Q131517318,God's Hooks!,http://www.wikidata.org/entity/Q787382,Howard Waldrop,фэнтези,1982-06-01T00:00:00Z,
http://www.wikidata.org/entity/Q131417566,Расколотая бесконечность,http://www.wikidata.org/entity/Q559409,Пирс Энтони,фэнтези,1980-01-01T00:00:00Z,
http://www.wikidata.org/entity/Q131417566,Расколотая бесконечность,http://www.wikidata.org/entity/Q559409,Пирс Энтони,фэнтези,1980-04-01T00:00:00Z,
http://www.wikidata.org/entity/Q131445270,A Storm Upon Ulster,http://www.wikidata.org/entity/Q6389932,Kenneth C. Flint,фэнтези,1981-04-01T00:00:00Z,
http://www.wikidata.org/entity/Q122581079,Отель «Трансильвания»,http://www.wikidata.org/entity/Q275172,Челси Куинн Ярбро,фэнтези,1978-01-01T00:00:00Z,
http://www.wikidata.org/entity/Q104848452,The Time of the Dark,http://www.wikidata.org/entity/Q288198,Барбара Хэмбли,фэнтези,1982-05-01T00:00:00Z,
http://www.wikidata.org/entity/Q107986288,В зале мертвецов,http://www.wikidata.org/entity/Q207640,Роберт Ирвин Говард,фэнтези,1967-01-01T00:00:00Z,
http://www.wikidata.org/entity/Q131195255,Pretty Maggie Moneyeyes,http://www.wikidata.org/entity/Q311253,Харлан Эллисон,фэнтези,1967-04-01T00:00:00Z,
http://www.wikidata.org/entity/Q131416203,Things Invisible to See,http://www.wikidata.org/entity/Q15488995,Nancy Willard,фэнтези,1985-01-14T00:00:00Z,
http://www.wikidata.org/entity/Q131445345,The Forest of App,http://www.wikidata.org/entity/Q79622321,Gloria Rand Dank,фэнтези,1983-01-01T00:00:00Z,
http://www.wikidata.org/entity/Q131415705,A Sense of Shadow,http://www.wikidata.org/entity/Q260560,Кейт Вильгельм,фэнтези,1981-04-22T00:00:00Z,
http://www.wikidata.org/entity/Q131517258,Time's Rub,http://www.wikidata.org/entity/Q358312,Грегори Бенфорд,фэнтези,1984-11-01T00:00:00Z,
http://www.wikidata.org/entity/Q131191929,Kings in Darkness,http://www.wikidata.org/entity/Q316138,Майкл Муркок,фэнтези,1962-08-01T00:00:00Z,
http://www.wikidata.org/entity/Q108337330,Рыло во тьме,http://www.wikidata.org/entity/Q207640,Роберт Ирвин Говард,фэнтези,1969-01-01T00:00:00Z,
http://www.wikidata.org/entity/Q131201161,The Man Who Painted the Dragon Griaule,http://www.wikidata.org/entity/Q256959,Люциус Шепард,фэнтези,1984-12-01T00:00:00Z,
http://www.wikidata.org/entity/Q131471957,The Seventeen Virgins,http://www.wikidata.org/entity/Q312632,Джек Вэнс,фэнтези,1974-10-01T00:00:00Z,
http://www.wikidata.org/entity/Q108353481,Волки у границы,http://www.wikidata.org/entity/Q207640,Роберт Ирвин Говард,фэнтези,1967-01-01T00:00:00Z,
http://www.wikidata.org/entity/Q131191976,The Singing Citadel,http://www.wikidata.org/entity/Q316138,Майкл Муркок,фэнтези,1970-01-01T00:00:00Z,
http://www.wikidata.org/entity/Q131417586,Raphael,http://www.wikidata.org/entity/Q274941,R. A. MacAvoy,фэнтези,1984-09-01T00:00:00Z,
http://www.wikidata.org/entity/Q104847698,Damiano,http://www.wikidata.org/entity/Q274941,R. A. MacAvoy,фэнтези,1984-01-01T00:00:00Z,
http://www.wikidata.org/entity/Q131191978,The Greater Conqueror,http://www.wikidata.org/entity/Q316138,Майкл Муркок,фэнтези,1963-04-01T00:00:00Z,
http://www.wikidata.org/entity/Q131416199,The Black Beast,http://www.wikidata.org/entity/Q3335610,Нэнси Спрингер,фэнтези,1982-09-01T00:00:00Z,
http://www.wikidata.org/entity/Q131191677,The Singing Citadel,http://www.wikidata.org/entity/Q316138,Майкл Муркок,фэнтези,1967-05-01T00:00:00Z,
http://www.wikidata.org/entity/Q131416198,The Sable Moon,http://www.wikidata.org/entity/Q3335610,Нэнси Спрингер,фэнтези,1981-01-01T00:00:00Z,
http://www.wikidata.org/entity/Q108337330,Рыло во тьме,http://www.wikidata.org/entity/Q1248054,Лин Картер,фэнтези,1969-01-01T00:00:00Z,
http://www.wikidata.org/entity/Q131413479,Грифон торжествует,http://www.wikidata.org/entity/Q235899,Андре Нортон,фэнтези,1981-01-01T00:00:00Z,
http://www.wikidata.org/entity/Q98079075,Ladyhawke,http://www.wikidata.org/entity/Q268371,Джоан Виндж,фэнтези,1985-01-01T00:00:00Z,
http://www.wikidata.org/entity/Q131413482,Берегись ястреба,http://www.wikidata.org/entity/Q235899,Андре Нортон,фэнтези,1983-09-01T00:00:00Z,
http://www.wikidata.org/entity/Q131471730,Lirios: A Tale of the Quintana Roo,http://www.wikidata.org/entity/Q234928,Джеймс Типтри-младший,фэнтези,1981-09-28T00:00:00Z,
http://www.wikidata.org/entity/Q131413477,Тройка мечей,http://www.wikidata.org/entity/Q235899,Андре Нортон,фэнтези,1977-09-01T00:00:00Z,
http://www.wikidata.org/entity/Q131413631,Костры Тосканы,http://www.wikidata.org/entity/Q275172,Челси Куинн Ярбро,фэнтези,1979-02-01T00:00:00Z,
http://www.wikidata.org/entity/Q131413795,The Door Into Fire,http://www.wikidata.org/entity/Q445930,Диана Дуэйн,фэнтези,1979-02-01T00:00:00Z,
http://www.wikidata.org/entity/Q131517143,The Gods of Mars,http://www.wikidata.org/entity/Q455510,Майкл Суэнвик,фэнтези,1985-03-01T00:00:00Z,
http://www.wikidata.org/entity/Q131413634,Дорога затмения,http://www.wikidata.org/entity/Q275172,Челси Куинн Ярбро,фэнтези,1981-03-01T00:00:00Z,
http://www.wikidata.org/entity/Q131413481,Рогатый венец,http://www.wikidata.org/entity/Q235899,Андре Нортон,фэнтези,1981-07-01T00:00:00Z,
http://www.wikidata.org/entity/Q96373384,Belsen Express,http://www.wikidata.org/entity/Q313185,Фриц Лейбер,фэнтези,1975-09-01T00:00:00Z,
http://www.wikidata.org/entity/Q131445182,Yearwood,http://www.wikidata.org/entity/Q55782530,Paul Hazel,фэнтези,1980-01-01T00:00:00Z,
http://www.wikidata.org/entity/Q131461493,Horrible Imaginings,http://www.wikidata.org/entity/Q313185,Фриц Лейбер,фэнтези,1982-08-01T00:00:00Z,
http://www.wikidata.org/entity/Q134973395,Born of the Winds,http://www.wikidata.org/entity/Q912602,Брайан Ламли,фэнтези,1975-12-01T00:00:00Z,
http://www.wikidata.org/entity/Q134964331,Night's Swift Dragons,http://www.wikidata.org/entity/Q3666432,Charles L. Grant,фэнтези,1982-04-01T00:00:00Z,
http://www.wikidata.org/entity/Q134973424,Saturday's Shadow,http://www.wikidata.org/entity/Q2578761,Уильям Ф. Нолан,фэнтези,1979-11-01T00:00:00Z,
http://www.wikidata.org/entity/Q134973425,Cabin 33,http://www.wikidata.org/entity/Q275172,Челси Куинн Ярбро,фэнтези,1980-11-01T00:00:00Z,
http://www.wikidata.org/entity/Q134960255,Phantom,http://www.wikidata.org/entity/Q3525611,Thomas Tessier,фэнтези,1982-11-01T00:00:00Z,
http://www.wikidata.org/entity/Q134973384,Children of the Kingdom,http://www.wikidata.org/entity/Q7668220,Т. Э. Д. Клейн,фэнтези,1980-08-01T00:00:00Z,
http://www.wikidata.org/entity/Q134715860,The Plot is the Thing,http://www.wikidata.org/entity/Q355879,Роберт Блох,фэнтези,1966-07-01T00:00:00Z,
http://www.wikidata.org/entity/Q131518372,Thorn,http://www.wikidata.org/entity/Q890980,Роберт Холдсток,фэнтези,1984-11-01T00:00:00Z,
http://www.wikidata.org/entity/Q134932999,The Changer of Names,http://www.wikidata.org/entity/Q703476,Рэмси Кэмпбелл,фэнтези,1977-09-01T00:00:00Z,
http://www.wikidata.org/entity/Q131461470,Young Doctor Eszterhazy,http://www.wikidata.org/entity/Q782991,Эйв Дэвидсон,фэнтези,1984-11-01T00:00:00Z,
http://www.wikidata.org/entity/Q135094140,Green Magic: The Fantasy Realms of Jack Vance,http://www.wikidata.org/entity/Q312632,Джек Вэнс,фэнтези,1979-10-01T00:00:00Z,
http://www.wikidata.org/entity/Q133377900,Shadow Magic,http://www.wikidata.org/entity/Q4394477,Патриция Риди,фэнтези,1982-01-01T00:00:00Z,
http://www.wikidata.org/entity/Q133504807,Чародей,http://www.wikidata.org/entity/Q350404,Раймонд Фэйст,фэнтези,1982-01-01T00:00:00Z,
http://www.wikidata.org/entity/Q131518629,Red As Blood,http://www.wikidata.org/entity/Q261962,Танит Ли,фэнтези,1979-07-01T00:00:00Z,
http://www.wikidata.org/entity/Q134973427,"Elle Est Trois, (La Mort)",http://www.wikidata.org/entity/Q261962,Танит Ли,фэнтези,1983-07-01T00:00:00Z,
http://www.wikidata.org/entity/Q131517925,Solitario's Eyes,http://www.wikidata.org/entity/Q256959,Люциус Шепард,фэнтези,1983-09-01T00:00:00Z,
http://www.wikidata.org/entity/Q134973416,The Companion,http://www.wikidata.org/entity/Q703476,Рэмси Кэмпбелл,фэнтези,1976-01-01T00:00:00Z,
http://www.wikidata.org/entity/Q134989787,"Clive Barker's Books of Blood, Vols. I-III",http://www.wikidata.org/entity/Q298761,Клайв Баркер,фэнтези,1985-01-01T00:00:00Z,
http://www.wikidata.org/entity/Q131518740,The Kugelmass Episode,http://www.wikidata.org/entity/Q25089,Вуди Аллен,фэнтези,1977-05-02T00:00:00Z,
http://www.wikidata.org/entity/Q131461461,The Loom of Thessaly,http://www.wikidata.org/entity/Q315069,Дэвид Брин,фэнтези,1981-11-23T00:00:00Z,
http://www.wikidata.org/entity/Q133377965,Daughter of Witches,http://www.wikidata.org/entity/Q4394477,Патриция Риди,фэнтези,1983-03-01T00:00:00Z,
http://www.wikidata.org/entity/Q131444069,The Prince of Morning Bells,http://www.wikidata.org/entity/Q238438,Нэнси Кресс,фэнтези,1981-10-01T00:00:00Z,
http://www.wikidata.org/entity/Q139681773,Hurry! Dinner Is at Six!,http://www.wikidata.org/entity/Q139681764,Ruth Leslie Smith,фэнтези,1969-01-01T00:00:00Z,
http://www.wikidata.org/entity/Q135231095,A Trio for Lute,http://www.wikidata.org/entity/Q274941,R. A. MacAvoy,фэнтези,1985-04-01T00:00:00Z,
http://www.wikidata.org/entity/Q134973397,A Father's Tale,http://www.wikidata.org/entity/Q2345563,Стерлинг Ланье,фэнтези,1974-07-01T00:00:00Z,
http://www.wikidata.org/entity/Q134715475,Shattered Like a Glass Goblin,http://www.wikidata.org/entity/Q311253,Харлан Эллисон,фэнтези,1968-01-01T00:00:00Z,
http://www.wikidata.org/entity/Q134973396,The Ghastly Priest Doth Reign,http://www.wikidata.org/entity/Q1981210,Мэнли Уэйд Веллман,фэнтези,1975-03-01T00:00:00Z,
http://www.wikidata.org/entity/Q134989828,Dragonfield and Other Stories,http://www.wikidata.org/entity/Q2394387,Jane Yolen,фэнтези,1985-09-01T00:00:00Z,
http://www.wikidata.org/entity/Q134458877,The White Pipes,http://www.wikidata.org/entity/Q238438,Нэнси Кресс,фэнтези,1985-01-01T00:00:00Z,
http://www.wikidata.org/entity/Q134706015,The Bleeding Man,http://www.wikidata.org/entity/Q473289,Craig Strete,фэнтези,1974-12-01T00:00:00Z,
http://www.wikidata.org/entity/Q133377973,The Harp of Imach Thyssel,http://www.wikidata.org/entity/Q4394477,Патриция Риди,фэнтези,1985-04-01T00:00:00Z,
http://www.wikidata.org/entity/Q134932992,Two Suns Setting,http://www.wikidata.org/entity/Q639360,Карл Эдвард Вагнер,фэнтези,1976-05-01T00:00:00Z,
http://www.wikidata.org/entity/Q134715511,Tin Woodman,http://www.wikidata.org/entity/Q5231419,Дэвид Бишоф,фэнтези,1976-12-01T00:00:00Z,
http://www.wikidata.org/entity/Q134989827,Tales of Wonder,http://www.wikidata.org/entity/Q2394387,Jane Yolen,фэнтези,1983-11-01T00:00:00Z,
http://www.wikidata.org/entity/Q134973422,Naples,http://www.wikidata.org/entity/Q782991,Эйв Дэвидсон,фэнтези,1978-09-01T00:00:00Z,
http://www.wikidata.org/entity/Q135094158,Strange Wine,http://www.wikidata.org/entity/Q311253,Харлан Эллисон,фэнтези,1978-06-01T00:00:00Z,
http://www.wikidata.org/entity/Q134973403,The Bones Wizard,http://www.wikidata.org/entity/Q16864015,Alan Ryan,фэнтези,1984-01-01T00:00:00Z,
http://www.wikidata.org/entity/Q134973401,Firestorm,http://www.wikidata.org/entity/Q7613696,Steve Rasnic Tem,фэнтези,1982-10-01T00:00:00Z,
http://www.wikidata.org/entity/Q134973402,The Silent Cradle,http://www.wikidata.org/entity/Q1815038,Ли Кеннеди,фэнтези,1983-10-01T00:00:00Z,
http://www.wikidata.org/entity/Q135094616,Tamastara or The Indian Nights,http://www.wikidata.org/entity/Q261962,Танит Ли,фэнтези,1984-03-01T00:00:00Z,
http://www.wikidata.org/entity/Q131461473,Trinity,http://www.wikidata.org/entity/Q238438,Нэнси Кресс,фэнтези,1984-10-01T00:00:00Z,
http://www.wikidata.org/entity/Q131444060,Поступь Бога,http://www.wikidata.org/entity/Q2043557,P. C. Hodgell,фэнтези,1982-09-01T00:00:00Z,
http://www.wikidata.org/entity/Q131445127,Sorcerer's Legacy,http://www.wikidata.org/entity/Q462138,Дженни Вуртс,фэнтези,1982-11-01T00:00:00Z,
http://www.wikidata.org/entity/Q134973415,The Barrow Troll,http://www.wikidata.org/entity/Q736343,Дэвид Дрейк,фэнтези,1975-12-01T00:00:00Z,
http://www.wikidata.org/entity/Q135094201,Daughter of Regals and Other Tales,http://www.wikidata.org/entity/Q457185,Стивен Дональдсон,фэнтези,1984-04-01T00:00:00Z,
http://www.wikidata.org/entity/Q134699784,The Ghost Light,http://www.wikidata.org/entity/Q313185,Фриц Лейбер,фэнтези,1984-04-01T00:00:00Z,
http://www.wikidata.org/entity/Q134973446,What Is Life?,http://www.wikidata.org/entity/Q333246,Роберт Шекли,фэнтези,1976-12-01T00:00:00Z,
http://www.wikidata.org/entity/Q134705683,The Manse of Iucounu,http://www.wikidata.org/entity/Q312632,Джек Вэнс,фэнтези,1966-07-01T00:00:00Z,
http://www.wikidata.org/entity/Q135094080,The Saint-Germain Chronicles,http://www.wikidata.org/entity/Q275172,Челси Куинн Ярбро,фэнтези,1983-05-01T00:00:00Z,
http://www.wikidata.org/entity/Q134973404,Nightcrawlers,http://www.wikidata.org/entity/Q2598859,Роберт Маккаммон,фэнтези,1984-10-01T00:00:00Z,
http://www.wikidata.org/entity/Q134989830,Viriconium Nights,http://www.wikidata.org/entity/Q963799,M. John Harrison,фэнтези,1984-08-01T00:00:00Z,
http://www.wikidata.org/entity/Q134964320,The Red Hawk,http://www.wikidata.org/entity/Q443462,Elizabeth A. Lynn,фэнтези,1983-09-01T00:00:00Z,
http://www.wikidata.org/entity/Q131518714,The Detweiler Boy,http://www.wikidata.org/entity/Q328550,Tom Reamy,фэнтези,1977-04-01T00:00:00Z,
http://www.wikidata.org/entity/Q134932968,First Make Them Mad,http://www.wikidata.org/entity/Q4684937,Adrian Cole,фэнтези,1979-03-01T00:00:00Z,
http://www.wikidata.org/entity/Q134932832,Ghoul's Garden,http://www.wikidata.org/entity/Q1258959,Джон Джейкс,фэнтези,1973-09-01T00:00:00Z,
http://www.wikidata.org/entity/Q134932965,The Lady in White,http://www.wikidata.org/entity/Q457185,Стивен Дональдсон,фэнтези,1978-02-01T00:00:00Z,
http://www.wikidata.org/entity/Q134973417,Dark Wings,http://www.wikidata.org/entity/Q313185,Фриц Лейбер,фэнтези,1976-01-01T00:00:00Z,
http://www.wikidata.org/entity/Q134989831,The Fire When It Comes,http://www.wikidata.org/entity/Q3365451,Парк Годвин,фэнтези,1984-04-01T00:00:00Z,
http://www.wikidata.org/entity/Q134989821,Cinnabar,http://www.wikidata.org/entity/Q5342047,Эдвард Брайант,фэнтези,1976-08-01T00:00:00Z,
http://www.wikidata.org/entity/Q131517883,The War at Home,http://www.wikidata.org/entity/Q1095977,Lewis Shiner,фэнтези,1985-05-01T00:00:00Z,
http://www.wikidata.org/entity/Q131461496,The Gorgon Field,http://www.wikidata.org/entity/Q260560,Кейт Вильгельм,фэнтези,1985-08-01T00:00:00Z,
http://www.wikidata.org/entity/Q134973381,Still Life with Scorpion,http://www.wikidata.org/entity/Q3476175,Скотт Бэйкер,фэнтези,1984-05-01T00:00:00Z,
http://www.wikidata.org/entity/Q134699821,The Rest Is Silence,http://www.wikidata.org/entity/Q3666432,Charles L. Grant,фэнтези,1974-09-01T00:00:00Z,
http://www.wikidata.org/entity/Q134973382,"There's a Long, Long Trail A-Winding",http://www.wikidata.org/entity/Q158997,Расселл Керк,фэнтези,1976-08-01T00:00:00Z,
http://www.wikidata.org/entity/Q131517560,My Life in the Jungle,http://www.wikidata.org/entity/Q6193337,Jim Aikin,фэнтези,1985-02-01T00:00:00Z,
http://www.wikidata.org/entity/Q134989823,The Early Long,http://www.wikidata.org/entity/Q975994,Фрэнк Белнэп Лонг,фэнтези,1975-12-01T00:00:00Z,
