book,bookLabel,authorLabel,publisherLabel,countryLabel,year,languageLabel,genreLabel
http://www.wikidata.org/entity/Q28428151,Приграничье,Артур Бертрам Чендлер,Avalon Books,США,1961,английский язык,научная фантастика
http://www.wikidata.org/entity/Q3612357,Red Alert,Питер Джордж,Boardman Books,Великобритания,1958,британский вариант английского языка,научная фантастика
http://www.wikidata.org/entity/Q513228,Туманность Андромеды,Иван Антонович Ефремов,Молодая гвардия,Россия,1957,русский язык,научная фантастика
http://www.wikidata.org/entity/Q3107329,Автостопом по галактике,Дуглас Адамс,Pan Books,Великобритания,1979,британский вариант английского языка,научная фантастика
http://www.wikidata.org/entity/Q7897672,Until the Celebration,Zilpha Keatley Snyder,Atheneum Books,США,1977,английский язык,фэнтези
http://www.wikidata.org/entity/Q17041125,Talisman of Death,Марк Смит,Puffin Books,Великобритания,1985,английский язык,фэнтези
http://www.wikidata.org/entity/Q23307461,Omnibus of Science Fiction,Айзек Азимов,Crown Publishing Group,США,1952,английский язык,научная фантастика
http://www.wikidata.org/entity/Q7962654,Wall of Serpents,Лайон Спрэг де Камп,Avalon Books,США,1960,английский язык,фэнтези
http://www.wikidata.org/entity/Q20874643,The Many Worlds of Poul Anderson,Пол Уильям Андерсон,Chilton Company,США,1974,английский язык,научная фантастика
http://www.wikidata.org/entity/Q7744144,The Kestrel,Ллойд Александер,Dutton,США,1982,английский язык,фэнтези
http://www.wikidata.org/entity/Q5700937,Наследница Моря и Огня,Патриция Маккиллип,Atheneum Books,США,1977,английский язык,фэнтези
http://www.wikidata.org/entity/Q7632038,Subspace Explorers,Эдвард Элмер Смит,Canaveral Press,США,1965,английский язык,научная фантастика
http://www.wikidata.org/entity/Q2190756,Киборг,Мартин Кейдин,Arbor House,США,1972,английский язык,научная фантастика
http://www.wikidata.org/entity/Q1809069,Языки Пао,Джек Вэнс,Avalon Books,США,1958,английский язык,научная фантастика
http://www.wikidata.org/entity/Q17031290,Scorpion Swamp,Стив Джексон,Puffin Books,Великобритания,1984,английский язык,фэнтези
http://www.wikidata.org/entity/Q23307461,Omnibus of Science Fiction,Рэй Брэдбери,Crown Publishing Group,США,1952,английский язык,научная фантастика
http://www.wikidata.org/entity/Q4034857,Barlowe's Guide to Extraterrestrials,Уэйн Барлоу,Workman Publishing Company,США,1979,английский язык,научная фантастика
http://www.wikidata.org/entity/Q7897672,Until the Celebration,Zilpha Keatley Snyder,Atheneum Books,США,1977,английский язык,научная фантастика
http://www.wikidata.org/entity/Q23307461,Omnibus of Science Fiction,Армин Дейч,Crown Publishing Group,США,1952,английский язык,научная фантастика
http://www.wikidata.org/entity/Q721,"Жизнь, Вселенная и всё остальное",Дуглас Адамс,Pan Books,Великобритания,1982,английский язык,фэнтези
http://www.wikidata.org/entity/Q3481184,Shadrach in the Furnace,Роберт Силверберг,Bobbs-Merrill Company,США,1976,английский язык,научная фантастика
http://www.wikidata.org/entity/Q16385744,Freeway Fighter,Ян Ливингстон,Puffin Books,Великобритания,1985,английский язык,фэнтези
http://www.wikidata.org/entity/Q3235592,Ведьмы Карреса,Джеймс Шмиц,Chilton Company,США,1966,английский язык,научная фантастика
http://www.wikidata.org/entity/Q3819987,Out of This World,Мюррей Лейнстер,Avalon Books,США,1958,английский язык,научная фантастика
http://www.wikidata.org/entity/Q28419248,Gates to Tomorrow,различные авторы,Atheneum Books,США,1973,английский язык,научная фантастика
http://www.wikidata.org/entity/Q7755671,Изгои Марса,Otis Adelbert Kline,Avalon Books,США,1961,английский язык,научная фантастика
http://www.wikidata.org/entity/Q3984540,Westmark,Ллойд Александер,Dutton,США,1981,английский язык,фэнтези
http://www.wikidata.org/entity/Q7758618,The Proteus Operation,James P. Hogan,Bantam Spectra,США,1985,английский язык,научная фантастика
http://www.wikidata.org/entity/Q936579,Большая планета,Джек Вэнс,Avalon Books,США,1957,английский язык,научная фантастика
http://www.wikidata.org/entity/Q4884626,Below the Root,Zilpha Keatley Snyder,Atheneum Books,США,1975,английский язык,фэнтези
http://www.wikidata.org/entity/Q2605107,Финальная программа,Майкл Муркок,Allison & Busby,Великобритания,1969,английский язык,научная фантастика
http://www.wikidata.org/entity/Q721,"Жизнь, Вселенная и всё остальное",Дуглас Адамс,Pan Books,Великобритания,1982,английский язык,научная фантастика
http://www.wikidata.org/entity/Q7734216,The First Two Lives of Lukas-Kasha,Ллойд Александер,Dutton,США,1978,английский язык,фэнтези
http://www.wikidata.org/entity/Q7734828,The Forgotten Beasts of Eld,Патриция Маккиллип,Atheneum Books,США,1974,английский язык,фэнтези
http://www.wikidata.org/entity/Q1928866,Схизматрица,Брюс Стерлинг,Arbor House,США,1985,английский язык,научная фантастика
http://www.wikidata.org/entity/Q3221026,Песни Перна,Энн Маккефри,Atheneum Books,США,1976,английский язык,научная фантастика
http://www.wikidata.org/entity/Q7736831,The Glory That Was,Лайон Спрэг де Камп,Avalon Books,США,1960,английский язык,научная фантастика
http://www.wikidata.org/entity/Q3235696,Барабаны Перна,Энн Маккефри,Atheneum Books,США,1979,английский язык,научная фантастика
http://www.wikidata.org/entity/Q11160398,Z — значит Захария,Роберт С. О’Брайэн,Atheneum Books,США,1974,английский язык,научная фантастика
http://www.wikidata.org/entity/Q16385292,The Citadel of Chaos,Стив Джексон,Puffin Books,Великобритания,1983,английский язык,фэнтези
http://www.wikidata.org/entity/Q23307461,Omnibus of Science Fiction,Alan E. Nourse,Crown Publishing Group,США,1952,английский язык,научная фантастика
http://www.wikidata.org/entity/Q7763215,The Seed of Evil,Баррингтон Джон Бейли,Allison & Busby,Великобритания,1979,английский язык,научная фантастика
http://www.wikidata.org/entity/Q4346922,Се человек,Майкл Муркок,Allison & Busby,Великобритания,1969,английский язык,научная фантастика
http://www.wikidata.org/entity/Q10339852,Temple of Terror,Ян Ливингстон,Puffin Books,Великобритания,1985,английский язык,фэнтези
http://www.wikidata.org/entity/Q7716314,The Beggar Queen,Ллойд Александер,Dutton,США,1984,английский язык,фэнтези
http://www.wikidata.org/entity/Q17041125,Talisman of Death,Jamie Thomson,Puffin Books,Великобритания,1985,английский язык,фэнтези
http://www.wikidata.org/entity/Q7719275,Книга Мерлина,Теренс Хэнбери Уайт,Издательство Техасского университета,США,1977,английский язык,фэнтези
http://www.wikidata.org/entity/Q6059427,Invaders from Rigel,Флетчер Прэтт,Avalon Books,США,1960,английский язык,научная фантастика
http://www.wikidata.org/entity/Q3207217,Певица Перна,Энн Маккефри,Atheneum Books,США,1977,английский язык,фэнтези
http://www.wikidata.org/entity/Q963537,Свирепый Пеллюсидар,Эдгар Райс Берроуз,Canaveral Press,США,1963,английский язык,фэнтези
http://www.wikidata.org/entity/Q4384441,Путь на Амальтею,братья Стругацкие,Молодая гвардия,Россия,1960,русский язык,научная фантастика
http://www.wikidata.org/entity/Q2654518,Карты судьбы,Роджер Желязны,Arbor House,США,1985,английский язык,фэнтези
http://www.wikidata.org/entity/Q4372933,Попытка к бегству,братья Стругацкие,Молодая гвардия,Россия,1962,русский язык,научная фантастика
http://www.wikidata.org/entity/Q1218394,Хищные вещи века,братья Стругацкие,Молодая гвардия,Россия,1965,русский язык,научная фантастика
http://www.wikidata.org/entity/Q5370535,Emergence,Дэвид Р. Палмер,Bantam Spectra,США,1984,английский язык,научная фантастика
http://www.wikidata.org/entity/Q4884626,Below the Root,Zilpha Keatley Snyder,Atheneum Books,США,1975,английский язык,научная фантастика
http://www.wikidata.org/entity/Q7727311,The Condition of Muzak,Майкл Муркок,Allison & Busby,Великобритания,1977,английский язык,научная фантастика
http://www.wikidata.org/entity/Q782075,Снежная королева,Джоан Виндж,Dial Press,США,1980,английский язык,фэнтези
http://www.wikidata.org/entity/Q7882210,Unaccompanied Sonata and Other Stories,Орсон Скотт Кард,Dial Press,США,1980,английский язык,фэнтези
http://www.wikidata.org/entity/Q2107668,Стажёры,братья Стругацкие,Молодая гвардия,Россия,1962,русский язык,научная фантастика
http://www.wikidata.org/entity/Q1059371,"Музыка, звучащая в крови",Грег Бир,Arbor House,США,1985,английский язык,научная фантастика
http://www.wikidata.org/entity/Q7097344,Operation Nuke,Мартин Кейдин,Arbor House,США,1973,английский язык,научная фантастика
http://www.wikidata.org/entity/Q1131423,Бегство Логана,Уильям Ф. Нолан,Dial Press,США,1967,английский язык,научная фантастика
http://www.wikidata.org/entity/Q848517,Пикник на обочине,братья Стругацкие,Молодая гвардия,Россия,1972,русский язык,научная фантастика
http://www.wikidata.org/entity/Q372894,Час Быка,Иван Антонович Ефремов,Молодая гвардия,Россия,1970,русский язык,научная фантастика
http://www.wikidata.org/entity/Q15033851,High Crystal,Мартин Кейдин,Arbor House,США,1974,английский язык,научная фантастика
http://www.wikidata.org/entity/Q3981229,Тарзан и сумасшедший,Эдгар Райс Берроуз,Canaveral Press,США,1964,английский язык,фэнтези
http://www.wikidata.org/entity/Q7967196,Wanderers of Time,Джон Уиндем,Coronet Books,Великобритания,1973,английский язык,научная фантастика
http://www.wikidata.org/entity/Q4708265,Alanna: The First Adventure,Tamora Pierce,Atheneum Books,США,1983,английский язык,фэнтези
http://www.wikidata.org/entity/Q7744862,The Knights of the Limits,Баррингтон Джон Бейли,Allison & Busby,Великобритания,1978,английский язык,научная фантастика
http://www.wikidata.org/entity/Q23307461,Omnibus of Science Fiction,Андре Моруа,Crown Publishing Group,США,1952,английский язык,научная фантастика
http://www.wikidata.org/entity/Q3207217,Певица Перна,Энн Маккефри,Atheneum Books,США,1977,английский язык,научная фантастика
http://www.wikidata.org/entity/Q7751219,The Mezentian Gate,Эрик Рюкер Эддисон,Curwen Press,Великобритания,1958,английский язык,фэнтези
http://www.wikidata.org/entity/Q1131423,Бегство Логана,Джордж Клейтон Джонсон,Dial Press,США,1967,английский язык,научная фантастика
http://www.wikidata.org/entity/Q963537,Свирепый Пеллюсидар,Эдгар Райс Берроуз,Canaveral Press,США,1963,английский язык,научная фантастика
http://www.wikidata.org/entity/Q7997248,Кто он?,Альфред Бестер,Dial Press,США,1953,английский язык,научная фантастика
http://www.wikidata.org/entity/Q3015377,В океане ночи,Грегори Бенфорд,Dial Press,США,1977,английский язык,научная фантастика
http://www.wikidata.org/entity/Q23307461,Omnibus of Science Fiction,Энтони Бучер,Crown Publishing Group,США,1952,английский язык,научная фантастика
http://www.wikidata.org/entity/Q7962654,Wall of Serpents,Флетчер Прэтт,Avalon Books,США,1960,английский язык,фэнтези
http://www.wikidata.org/entity/Q3107329,Автостопом по галактике,Дуглас Адамс,Pan Books,Великобритания,1979,английский язык,научная фантастика
http://www.wikidata.org/entity/Q782075,Снежная королева,Джоан Виндж,Dial Press,США,1980,английский язык,научная фантастика
http://www.wikidata.org/entity/Q7882210,Unaccompanied Sonata and Other Stories,Орсон Скотт Кард,Dial Press,США,1980,английский язык,научная фантастика
http://www.wikidata.org/entity/Q190192,Дюна,Фрэнк Герберт,Chilton Company,США,1965,американский вариант английского языка,научная фантастика
http://www.wikidata.org/entity/Q7769748,Башня Занида,Лайон Спрэг де Камп,Avalon Books,США,1958,английский язык,научная фантастика
http://www.wikidata.org/entity/Q5284128,Divine Right's Trip,Gurney Norman,Dial Press,США,1972,английский язык,фэнтези
http://www.wikidata.org/entity/Q7558537,Solomon's Stone,Лайон Спрэг де Камп,Avalon Books,США,1957,английский язык,фэнтези
http://www.wikidata.org/entity/Q4753304,And Having Writ...,Дональд Рональд Бенсен,Bobbs-Merrill Company,США,1978,английский язык,научная фантастика
http://www.wikidata.org/entity/Q23307461,Omnibus of Science Fiction,Альфред ван Вогт,Crown Publishing Group,США,1952,английский язык,научная фантастика
http://www.wikidata.org/entity/Q3106001,Царь Гильгамеш,Роберт Силверберг,Arbor House,США,1984,английский язык,фэнтези
http://www.wikidata.org/entity/Q1197167,Оса,Эрик Фрэнк Рассел,Perseus Books Group,США,1957,английский язык,научная фантастика
http://www.wikidata.org/entity/Q5663569,Арфист на ветру,Патриция Маккиллип,Atheneum Books,США,1979,английский язык,фэнтези
http://www.wikidata.org/entity/Q6012259,In the Hand of the Goddess,Tamora Pierce,Atheneum Books,США,1984,английский язык,фэнтези
http://www.wikidata.org/entity/Q1809069,Языки Пао,Джек Вэнс,Avalon Books,США,1958,английский язык,фэнтези
http://www.wikidata.org/entity/Q3416949,Свободное радио Альбемута,Филип Дик,Arbor House,США,1985,американский вариант английского языка,научная фантастика
http://www.wikidata.org/entity/Q7760677,Мастер загадок,Патриция Маккиллип,Atheneum Books,США,1976,английский язык,фэнтези
http://www.wikidata.org/entity/Q23307461,Omnibus of Science Fiction,Артур Чарльз Кларк,Crown Publishing Group,США,1952,английский язык,научная фантастика
http://www.wikidata.org/entity/Q7769471,The Titan,P. Schuyler Miller,Fantasy Press,США,1952,английский язык,научная фантастика
http://www.wikidata.org/entity/Q7144662,Path of Unreason,George O. Smith,Gnome Press,США,1958,английский язык,научная фантастика
http://www.wikidata.org/entity/Q7756925,The Philosophical Corps,Everett B. Cole,Gnome Press,США,1962,английский язык,научная фантастика
http://www.wikidata.org/entity/Q6810803,Mel Oliver and Space Rover on Mars,Joseph Samachson,Gnome Press,США,1954,английский язык,научная фантастика
http://www.wikidata.org/entity/Q393018,"Я, робот",Айзек Азимов,Gnome Press,США,1950,английский язык,научная фантастика
http://www.wikidata.org/entity/Q7353468,Robots Have No Tails,Lewis Padgett,Gnome Press,США,1952,английский язык,научная фантастика
http://www.wikidata.org/entity/Q7712491,The Adventures of Alyx,Джоанна Расс,Gregg Press,США,1976,английский язык,научная фантастика
http://www.wikidata.org/entity/Q7861456,Tyrant of Time,Ллойд Артур Эшбах,Fantasy Press,США,1955,английский язык,научная фантастика
http://www.wikidata.org/entity/Q7602114,Поиски Звёздного Человека,Роберт Силверберг,Gnome Press,США,1958,английский язык,научная фантастика
http://www.wikidata.org/entity/Q5582823,Good News,Эдвард Эбби,Dutton,США,1980,английский язык,научная фантастика
http://www.wikidata.org/entity/Q23307366,13 Great Stories of Science Fiction,Артур Чарльз Кларк,Gold Medal Books,США,1960,английский язык,научная фантастика
http://www.wikidata.org/entity/Q7728333,The Crystal Horde,Эрик Темпл Белл,Fantasy Press,США,1952,английский язык,научная фантастика
http://www.wikidata.org/entity/Q7759911,The Red Peri,Стенли Вейнбаум,Fantasy Press,США,1952,английский язык,научная фантастика
http://www.wikidata.org/entity/Q4691073,Да не настанет ночь,Артур Чарльз Кларк,Gnome Press,США,1953,английский язык,научная фантастика
http://www.wikidata.org/entity/Q7445965,Корабль сити,Джек Уильямсон,Gnome Press,США,1951,английский язык,научная фантастика
http://www.wikidata.org/entity/Q6943670,Mutant,Lewis Padgett,Gnome Press,США,1953,английский язык,научная фантастика
http://www.wikidata.org/entity/Q39053476,"Человек, любивший Марс",Лин Картер,Gold Medal Books,США,1973,английский язык,фэнтези
http://www.wikidata.org/entity/Q4808865,Предназначение: вечность,Роберт Хайнлайн,Fantasy Press,США,1953,английский язык,научная фантастика
http://www.wikidata.org/entity/Q17016463,Judgment Night,Кэтрин Люсиль Мур,Gnome Press,США,1952,английский язык,научная фантастика
http://www.wikidata.org/entity/Q3223001,Серый Ленсмен,Эдвард Элмер Смит,Fantasy Press,США,1951,английский язык,научная фантастика
http://www.wikidata.org/entity/Q4681371,Address: Centauri,F. L. Wallace,Gnome Press,США,1955,английский язык,научная фантастика
http://www.wikidata.org/entity/Q7445706,Seeds of Life,Эрик Темпл Белл,Fantasy Press,США,1951,английский язык,научная фантастика
http://www.wikidata.org/entity/Q3305686,Rogue Moon,Альгис Будрис,Gold Medal Books,США,1960,английский язык,научная фантастика
http://www.wikidata.org/entity/Q3225864,Первый Ленсмен,Эдвард Элмер Смит,Fantasy Press,США,1950,английский язык,научная фантастика
http://www.wikidata.org/entity/Q3231682,Кометчики,Джек Уильямсон,Fantasy Press,США,1950,английский язык,научная фантастика
http://www.wikidata.org/entity/Q23307366,13 Great Stories of Science Fiction,Уаймен Гвин,Gold Medal Books,США,1960,английский язык,научная фантастика
http://www.wikidata.org/entity/Q7718446,Путь чёрной звезды,Джон Вуд Кэмпбелл,Fantasy Press,США,1953,английский язык,научная фантастика
http://www.wikidata.org/entity/Q5760017,Highways in Hiding,George O. Smith,Gnome Press,США,1956,английский язык,научная фантастика
http://www.wikidata.org/entity/Q5174066,Космические инженеры,Клиффорд Дональд Саймак,Gnome Press,США,1950,английский язык,научная фантастика
http://www.wikidata.org/entity/Q6865659,Minions of the Moon,William Gray Beyer,Gnome Press,США,1950,английский язык,научная фантастика
http://www.wikidata.org/entity/Q7752154,Лунный ад,Джон Вуд Кэмпбелл,Fantasy Press,США,1950,английский язык,научная фантастика
http://www.wikidata.org/entity/Q839800,Основание и Империя,Айзек Азимов,Gnome Press,США,1952,американский вариант английского языка,научная фантастика
http://www.wikidata.org/entity/Q7766324,Звёздный человек,Ли Брэкетт,Gnome Press,США,1952,английский язык,научная фантастика
http://www.wikidata.org/entity/Q3233793,The Vortex Blaster,Эдвард Элмер Смит,Gnome Press,США,1960,английский язык,научная фантастика
http://www.wikidata.org/entity/Q7797864,Three Thousand Years,Thomas Calvert McClary,Fantasy Press,США,1954,английский язык,научная фантастика
http://www.wikidata.org/entity/Q3209683,Большое время,Фриц Лейбер,Gregg Press,США,1958,английский язык,научная фантастика
http://www.wikidata.org/entity/Q23307366,13 Great Stories of Science Fiction,Альгис Будрис,Gold Medal Books,США,1960,английский язык,научная фантастика
http://www.wikidata.org/entity/Q2666627,Дети Мафусаила,Роберт Хайнлайн,Gnome Press,США,1958,английский язык,научная фантастика
http://www.wikidata.org/entity/Q7739780,The History of Civilization,Эдвард Элмер Смит,Fantasy Press,США,1961,английский язык,научная фантастика
http://www.wikidata.org/entity/Q7751007,The Menace from Earth,Роберт Хайнлайн,Gnome Press,США,1959,английский язык,научная фантастика
http://www.wikidata.org/entity/Q1219445,Путь вниз,Ричард Мэтисон,Gold Medal Books,США,1956,английский язык,научная фантастика
http://www.wikidata.org/entity/Q7771676,The Unpleasant Profession of Jonathan Hoag,Роберт Хайнлайн,Gnome Press,США,1959,английский язык,фэнтези
http://www.wikidata.org/entity/Q2943384,Masters of Time,Альфред ван Вогт,Fantasy Press,США,1950,английский язык,научная фантастика
http://www.wikidata.org/entity/Q7734835,Забытая планета,Мюррей Лейнстер,Gnome Press,США,1954,английский язык,научная фантастика
http://www.wikidata.org/entity/Q7314280,Reprieve from Paradise,H. Chandler Elliott,Gnome Press,США,1955,английский язык,научная фантастика
http://www.wikidata.org/entity/Q7736482,"Девушка, золотые часы… и всё остальное",Джон Данн Макдональд,Gold Medal Books,США,1962,английский язык,научная фантастика
http://www.wikidata.org/entity/Q7549689,Как стать волшебником,Диана Дуэйн,Harcourt,США,1983,английский язык,фэнтези
http://www.wikidata.org/entity/Q3786241,Earthman's Burden,Пол Уильям Андерсон,Gnome Press,США,1957,английский язык,научная фантастика
http://www.wikidata.org/entity/Q4900041,Beyond Thirty,Эдгар Райс Берроуз,Fantasy Press,США,1955,английский язык,научная фантастика
http://www.wikidata.org/entity/Q7739125,The Heads of Cerberus,Гертруда Бэрроус Беннетт,Fantasy Press,США,1952,английский язык,научная фантастика
http://www.wikidata.org/entity/Q7859242,Драгоценности в лесу,Фриц Лейбер,Gnome Press,США,1957,английский язык,фэнтези
http://www.wikidata.org/entity/Q853927,Второй фонд,Айзек Азимов,Gnome Press,США,1953,английский язык,научная фантастика
http://www.wikidata.org/entity/Q23307366,13 Great Stories of Science Fiction,Пол Уильям Андерсон,Gold Medal Books,США,1960,английский язык,научная фантастика
http://www.wikidata.org/entity/Q5250359,Глубокое волшебство,Диана Дуэйн,Harcourt,США,1985,английский язык,фэнтези
http://www.wikidata.org/entity/Q753894,Основание,Айзек Азимов,Gnome Press,США,1951,английский язык,научная фантастика
http://www.wikidata.org/entity/Q5241444,David and the Phoenix,Эдвард Ормондруа,Follett Corporation,США,1957,английский язык,фэнтези
http://www.wikidata.org/entity/Q6083759,Islands of Space,Джон Вуд Кэмпбелл,Fantasy Press,США,1957,английский язык,научная фантастика
http://www.wikidata.org/entity/Q2275275,"Марсиане, убирайтесь домой!",Фредерик Браун,Dutton,США,1955,английский язык,научная фантастика
http://www.wikidata.org/entity/Q478110,Город,Клиффорд Дональд Саймак,Gnome Press,США,1952,английский язык,научная фантастика
http://www.wikidata.org/entity/Q23307366,13 Great Stories of Science Fiction,Джон Уиндем,Gold Medal Books,США,1960,английский язык,научная фантастика
http://www.wikidata.org/entity/Q23307366,13 Great Stories of Science Fiction,G. C. Edmondson,Gold Medal Books,США,1960,английский язык,научная фантастика
http://www.wikidata.org/entity/Q7746889,Легион времени,Джек Уильямсон,Fantasy Press,США,1952,английский язык,научная фантастика
http://www.wikidata.org/entity/Q3478245,The Seedling Stars,Джеймс Блиш,Gnome Press,США,1957,английский язык,научная фантастика
http://www.wikidata.org/entity/Q7712167,The Abyss of Wonders,Перли Пур Шиэн,Fantasy Press,США,1953,английский язык,научная фантастика
http://www.wikidata.org/entity/Q6059433,Invaders from the Infinite,Джон Вуд Кэмпбелл,Fantasy Press,США,1961,английский язык,научная фантастика
http://www.wikidata.org/entity/Q5373014,Emma in Winter,Penelope Farmer,Harcourt,США,1966,английский язык,фэнтези
http://www.wikidata.org/entity/Q7720084,The Bridge of Light,Алфеус Хайат Веррил,Fantasy Press,США,1950,английский язык,научная фантастика
http://www.wikidata.org/entity/Q5250319,Deep Space,Эрик Фрэнк Рассел,Fantasy Press,США,1954,английский язык,научная фантастика
http://www.wikidata.org/entity/Q734493,Я — легенда,Ричард Мэтисон,Gold Medal Books,США,1954,английский язык,научная фантастика
http://www.wikidata.org/entity/Q5512076,G.O.G. 666,Эрик Темпл Белл,Fantasy Press,США,1954,английский язык,научная фантастика
http://www.wikidata.org/entity/Q7883414,Under the Triple Suns,Stanton Arthur Coblentz,Fantasy Press,США,1955,английский язык,научная фантастика
http://www.wikidata.org/entity/Q7820290,Tomorrow and Tomorrow & The Fairy Chessmen,Lewis Padgett,Gnome Press,США,1951,английский язык,научная фантастика
http://www.wikidata.org/entity/Q6056337,Interplanetary Hunter,Arthur K. Barnes,Gnome Press,США,1956,английский язык,научная фантастика
http://www.wikidata.org/entity/Q5148384,Колониальная служба,Мюррей Лейнстер,Gnome Press,США,1957,английский язык,научная фантастика
http://www.wikidata.org/entity/Q5086142,Charlotte Sometimes,Penelope Farmer,Harcourt,США,1969,английский язык,фэнтези
http://www.wikidata.org/entity/Q3045043,Добывайки,Мэри Нортон,Harcourt,США,1952,английский язык,фэнтези
http://www.wikidata.org/entity/Q7729137,The Dawning Light,Randall Garrett,Gnome Press,США,1959,английский язык,научная фантастика
http://www.wikidata.org/entity/Q7718075,The Bird of Time,Wallace West,Gnome Press,США,1959,английский язык,научная фантастика
http://www.wikidata.org/entity/Q7712491,The Adventures of Alyx,Джоанна Расс,Gregg Press,США,1976,английский язык,фэнтези
http://www.wikidata.org/entity/Q7487473,Shambleau and Others,Кэтрин Люсиль Мур,Gnome Press,США,1953,английский язык,научная фантастика
http://www.wikidata.org/entity/Q3523959,They'd Rather Be Right,Фрэнк Райли,Gnome Press,США,1954,английский язык,научная фантастика
http://www.wikidata.org/entity/Q3523959,They'd Rather Be Right,Фрэнк Райли,Gnome Press,США,1957,английский язык,научная фантастика
http://www.wikidata.org/entity/Q7096715,Операция «Космос»,Мюррей Лейнстер,Fantasy Press,США,1954,английский язык,научная фантастика
http://www.wikidata.org/entity/Q6059433,Invaders from the Infinite,Джон Вуд Кэмпбелл,Gnome Press,США,1961,английский язык,научная фантастика
http://www.wikidata.org/entity/Q7443559,Линзмены второго уровня,Эдвард Элмер Смит,Fantasy Press,США,1953,английский язык,научная фантастика
http://www.wikidata.org/entity/Q7764066,The Shrouded Planet,Randall Garrett,Gnome Press,США,1957,английский язык,научная фантастика
http://www.wikidata.org/entity/Q3523959,They'd Rather Be Right,Марк Клифтон,Gnome Press,США,1954,английский язык,научная фантастика
http://www.wikidata.org/entity/Q3523959,They'd Rather Be Right,Марк Клифтон,Gnome Press,США,1957,английский язык,научная фантастика
http://www.wikidata.org/entity/Q7736906,The God Machine,Мартин Кейдин,Dutton,США,1968,английский язык,научная фантастика
http://www.wikidata.org/entity/Q7729137,The Dawning Light,Роберт Силверберг,Gnome Press,США,1959,английский язык,научная фантастика
http://www.wikidata.org/entity/Q1168810,House of Stairs,William Sleator,Dutton,США,1974,английский язык,научная фантастика
http://www.wikidata.org/entity/Q7764066,The Shrouded Planet,Роберт Силверберг,Gnome Press,США,1957,английский язык,научная фантастика
http://www.wikidata.org/entity/Q3786241,Earthman's Burden,Гордон Диксон,Gnome Press,США,1957,английский язык,научная фантастика
http://www.wikidata.org/entity/Q7572407,Space Lawyer,Nat Schachner,Gnome Press,США,1953,английский язык,научная фантастика
http://www.wikidata.org/entity/Q7060280,Northwest of Earth,Кэтрин Люсиль Мур,Gnome Press,США,1954,английский язык,научная фантастика
http://www.wikidata.org/entity/Q6746397,Man of Many Minds,Эдвард Эверетт Эванс,Fantasy Press,США,1953,английский язык,научная фантастика
http://www.wikidata.org/entity/Q99198153,Q99198153,Juan Gallardo Muñoz,Ediciones Toray,Испания,1958,испанский язык,научная фантастика
http://www.wikidata.org/entity/Q1048615,Кибериада,Станислав Лем,Harcourt,США,1965,польский язык,научная фантастика
http://www.wikidata.org/entity/Q1048615,Кибериада,Станислав Лем,Harcourt,США,1985,польский язык,научная фантастика
http://www.wikidata.org/entity/Q7748812,The Lost Worlds of 2001,Артур Чарльз Кларк,New American Library,США,1972,,научная фантастика
http://www.wikidata.org/entity/Q7743190,Чёрный камень,Майкл Муркок,Lancer Books,США,1967,английский язык,фэнтези
http://www.wikidata.org/entity/Q7767261,Древо жизни,Гай Гэвриел Кей,McClelland & Stewart,Канада,1984,английский язык,фэнтези
http://www.wikidata.org/entity/Q5684866,Hawk of May,Gillian Bradshaw,New American Library,США,1980,английский язык,научная фантастика
http://www.wikidata.org/entity/Q7980334,Weird Tales 2,Лин Картер,Kensington Books,США,1975,английский язык,фэнтези
http://www.wikidata.org/entity/Q25493695,Paradox Lost,Фредерик Браун,Kinneret Zmora-Bitan Dvir,Израиль,1981,английский язык,научная фантастика
http://www.wikidata.org/entity/Q5384529,Equinox,Сэмюэль Дилэни,Lancer Books,США,1973,английский язык,фэнтези
http://www.wikidata.org/entity/Q7747732,The Little Tales of Smethers and Other Stories,"Эдвард Планкетт, 18-й барон Дансени",Jarrolds,Великобритания,1952,английский язык,фэнтези
http://www.wikidata.org/entity/Q7980335,Weird Tales 3,Лин Картер,Kensington Books,США,1981,английский язык,фэнтези
http://www.wikidata.org/entity/Q5273778,Dickson!,Гордон Диксон,NESFA Press,США,1984,английский язык,научная фантастика
http://www.wikidata.org/entity/Q7760126,The Reluctant Shaman and Other Fantastic Tales,Лайон Спрэг де Камп,Jove Books,США,1970,английский язык,фэнтези
http://www.wikidata.org/entity/Q2891156,Роза ветров,Урсула Крёбер Ле Гуин,Pendragon Press,США,1982,английский язык,фэнтези
http://www.wikidata.org/entity/Q23307134,Moonstar Odyssey,Дэвид Герролд,New American Library,США,1977,английский язык,научная фантастика
http://www.wikidata.org/entity/Q1771810,Волшебник Земноморья,Урсула Крёбер Ле Гуин,Kinneret Zmora-Bitan Dvir,Израиль,1968,английский язык,фэнтези
http://www.wikidata.org/entity/Q7045093,No Time Like Tomorrow,Брайан Олдис,New American Library,США,1959,английский язык,научная фантастика
http://www.wikidata.org/entity/Q7980333,Weird Tales 1,Лин Картер,Kensington Books,США,1980,английский язык,фэнтези
http://www.wikidata.org/entity/Q7812213,Сегодня мы выбираем лица,Роджер Желязны,New American Library,США,1973,английский язык,научная фантастика
http://www.wikidata.org/entity/Q4009749,Солнечный ветер,Артур Чарльз Кларк,Harcourt,США,1972,английский язык,научная фантастика
http://www.wikidata.org/entity/Q7766341,The Stars Around Us,Альфред Бестер,New American Library,США,1970,английский язык,научная фантастика
http://www.wikidata.org/entity/Q17017155,Девять миллиардов имён Бога,Артур Чарльз Кларк,Harcourt,США,1967,английский язык,научная фантастика
http://www.wikidata.org/entity/Q3225561,Дети ветра,Пол Уильям Андерсон,New American Library,США,1973,английский язык,научная фантастика
http://www.wikidata.org/entity/Q7733246,The Falling Torch,Альгис Будрис,Jove Books,США,1959,английский язык,научная фантастика
http://www.wikidata.org/entity/Q1541914,Рассказ служанки,Маргарет Этвуд,McClelland & Stewart,Канада,1985,английский язык,научная фантастика
http://www.wikidata.org/entity/Q7733240,"Демон, который ошибался",Лайон Спрэг де Камп,New American Library,США,1973,английский язык,фэнтези
http://www.wikidata.org/entity/Q5307472,Стекляшки,Сэмюэль Дилэни,New American Library,США,1971,английский язык,научная фантастика
http://www.wikidata.org/entity/Q17030695,Пёс войны и боль мира,Майкл Муркок,Pocket Books,США,1981,английский язык,фэнтези
http://www.wikidata.org/entity/Q1645751,Плавучие театры Большой планеты,Джек Вэнс,Jove Books,США,1975,английский язык,фэнтези
http://www.wikidata.org/entity/Q5366063,Ellison Wonderland,Харлан Эллисон,New American Library,США,1962,английский язык,научная фантастика
http://www.wikidata.org/entity/Q5447545,Fifth Planet,Фред Хойл,Heinemann,Великобритания,1963,английский язык,научная фантастика
http://www.wikidata.org/entity/Q8036235,World Soul,Еремей Иудович Парнов,Macmillan Publishers,США,1964,русский язык,научная фантастика
http://www.wikidata.org/entity/Q7774503,The White Hart,Нэнси Спрингер,Pocket Books,США,1979,английский язык,фэнтези
http://www.wikidata.org/entity/Q5447545,Fifth Planet,Geoffrey Hoyle,Heinemann,Великобритания,1963,английский язык,научная фантастика
http://www.wikidata.org/entity/Q7439139,Scribblings,Лайон Спрэг де Камп,NESFA Press,США,1972,английский язык,научная фантастика
http://www.wikidata.org/entity/Q6412663,Kingdom of Summer,Gillian Bradshaw,New American Library,США,1981,английский язык,фэнтези
http://www.wikidata.org/entity/Q7980336,Weird Tales 4,Лин Картер,Kensington Books,США,1983,английский язык,фэнтези
http://www.wikidata.org/entity/Q7763118,The Secret World of Og,Пьер Франсис Бертон,McClelland & Stewart,Канада,1961,английский язык,фэнтези
http://www.wikidata.org/entity/Q4189793,Звёздная стража,Андре Нортон,Harcourt,США,1955,английский язык,научная фантастика
http://www.wikidata.org/entity/Q7736892,Башня гоблинов,Лайон Спрэг де Камп,Jove Books,США,1968,английский язык,фэнтези
http://www.wikidata.org/entity/Q721,"Жизнь, Вселенная и всё остальное",Дуглас Адамс,Harmony Books,США,1982,английский язык,фэнтези
http://www.wikidata.org/entity/Q2344912,Туман,Стивен Кинг,New American Library,США,1980,английский язык,фэнтези
http://www.wikidata.org/entity/Q1645751,Плавучие театры Большой планеты,Джек Вэнс,Jove Books,США,1975,английский язык,научная фантастика
http://www.wikidata.org/entity/Q4313991,Настанет время,Пол Уильям Андерсон,New American Library,США,1972,английский язык,научная фантастика
http://www.wikidata.org/entity/Q7766341,The Stars Around Us,Роджер Желязны,New American Library,США,1970,английский язык,научная фантастика
http://www.wikidata.org/entity/Q3819831,На берегу,Шют Невил,Heinemann,Великобритания,1957,английский язык,научная фантастика
http://www.wikidata.org/entity/Q1106283,Духовное ружье,Филип Дик,Jove Books,США,1967,американский вариант английского языка,научная фантастика
http://www.wikidata.org/entity/Q99198118,Volver a empezar,Enrique Sánchez Pascual,Ediciones Toray,Испания,1957,испанский язык,научная фантастика
http://www.wikidata.org/entity/Q1226583,Ossian's Ride,Фред Хойл,Heinemann,Великобритания,1959,английский язык,научная фантастика
http://www.wikidata.org/entity/Q7723443,Часы Ираза,Лайон Спрэг де Камп,Jove Books,США,1971,английский язык,фэнтези
http://www.wikidata.org/entity/Q369459,Чёрное облако,Фред Хойл,Heinemann,Великобритания,1957,английский язык,научная фантастика
http://www.wikidata.org/entity/Q7747507,The Lion of Comarre and Against the Fall of Night,Артур Чарльз Кларк,Harcourt,США,1968,английский язык,научная фантастика
http://www.wikidata.org/entity/Q5832169,…en un lugar llamado Tierra,Jordi Sierra i Fabra,Grupo SM,Испания,1983,испанский язык,научная фантастика
http://www.wikidata.org/entity/Q7601501,Starburst,Альфред Бестер,New American Library,США,1958,английский язык,научная фантастика
http://www.wikidata.org/entity/Q7749317,Амулет Безумного Бога,Майкл Муркок,Lancer Books,США,1968,английский язык,фэнтези
http://www.wikidata.org/entity/Q6058153,Работорговцы космоса,Джон Браннер,Lancer Books,США,1968,английский язык,научная фантастика
http://www.wikidata.org/entity/Q2344912,Туман,Стивен Кинг,New American Library,США,1980,американский вариант английского языка,фэнтези
http://www.wikidata.org/entity/Q7720810,The Butterfly Kid,Chester Anderson,Jove Books,США,1967,английский язык,научная фантастика
http://www.wikidata.org/entity/Q6011102,In Winter's Shadow,Gillian Bradshaw,New American Library,США,1983,английский язык,фэнтези
http://www.wikidata.org/entity/Q5142283,Холодный рай,Браян Мур,McClelland & Stewart,Канада,1983,английский язык,фэнтези
http://www.wikidata.org/entity/Q721,"Жизнь, Вселенная и всё остальное",Дуглас Адамс,Harmony Books,США,1982,английский язык,научная фантастика
http://www.wikidata.org/entity/Q3974479,Рассказы Десяти Миров,Артур Чарльз Кларк,Harcourt,США,1962,английский язык,научная фантастика
http://www.wikidata.org/entity/Q7716062,Повелитель зверей,Андре Нортон,Harcourt,США,1959,английский язык,научная фантастика
http://www.wikidata.org/entity/Q25551,Бегущий человек,Стивен Кинг,New American Library,США,1982,английский язык,научная фантастика
http://www.wikidata.org/entity/Q7044429,No Man Friday,Stanley Bennett Hough,Heinemann,Великобритания,1956,английский язык,научная фантастика
http://www.wikidata.org/entity/Q9395624,The Island of Doctor Death and Other Stories and Other Stories,Джин Вулф,Pocket Books,США,1980,английский язык,фэнтези
http://www.wikidata.org/entity/Q98141417,Have You Seen These?,Айзек Азимов,NESFA Press,США,1974,английский язык,научная фантастика
http://www.wikidata.org/entity/Q7717845,The Big U,Нил Стивенсон,Harper Perennial,США,1984,английский язык,научная фантастика
http://www.wikidata.org/entity/Q7737975,The Great Victorian Collection,Браян Мур,McClelland & Stewart,Канада,1975,английский язык,фэнтези
http://www.wikidata.org/entity/Q5684866,Hawk of May,Gillian Bradshaw,New American Library,США,1980,английский язык,фэнтези
http://www.wikidata.org/entity/Q1217856,По ту сторону неба,Артур Чарльз Кларк,Harcourt,США,1958,английский язык,научная фантастика
http://www.wikidata.org/entity/Q28419536,Giants,Айзек Азимов,New American Library,США,1985,английский язык,фэнтези
http://www.wikidata.org/entity/Q3234920,Постановки времени,Джон Браннер,New American Library,США,1967,английский язык,научная фантастика
http://www.wikidata.org/entity/Q429159,Венера плюс икс,Теодор Старджон,Jove Books,США,1960,американский вариант английского языка,научная фантастика
http://www.wikidata.org/entity/Q6011102,In Winter's Shadow,Gillian Bradshaw,New American Library,США,1983,английский язык,научная фантастика
http://www.wikidata.org/entity/Q6785485,Masters of the Maze,Эйв Дэвидсон,Jove Books,США,1965,английский язык,научная фантастика
http://www.wikidata.org/entity/Q7776596,The Year of the Angry Rabbit,Расселл Брэддон,Heinemann,Великобритания,1964,английский язык,научная фантастика
http://www.wikidata.org/entity/Q7766341,The Stars Around Us,Джон Джейкс,New American Library,США,1970,английский язык,научная фантастика
http://www.wikidata.org/entity/Q7433538,Science Fiction Inventions,Деймон Найт,Lancer Books,США,1967,английский язык,научная фантастика
http://www.wikidata.org/entity/Q8036235,World Soul,"Емцев, Михаил Тихонович",Macmillan Publishers,США,1964,русский язык,научная фантастика
http://www.wikidata.org/entity/Q15033660,Skylark DuQuesne,Эдвард Элмер Смит,Jove Books,США,1966,английский язык,научная фантастика
http://www.wikidata.org/entity/Q18639378,A Report from Group 17,Роберт С. О’Брайэн,Macmillan Publishers,США,1972,английский язык,научная фантастика
http://www.wikidata.org/entity/Q384160,Долгая прогулка,Стивен Кинг,New American Library,США,1979,английский язык,научная фантастика
http://www.wikidata.org/entity/Q2165883,Возвращение со звёзд,Станислав Лем,Harcourt,США,1961,польский язык,научная фантастика
http://www.wikidata.org/entity/Q7685175,Тейра из Сумерек,Лин Картер,Kensington Books,США,1979,английский язык,фэнтези
http://www.wikidata.org/entity/Q3414362,Who?,Альгис Будрис,Jove Books,США,1958,английский язык,научная фантастика
http://www.wikidata.org/entity/Q7730946,The Dream of X,Уильям Ходжсон,"Donald M. Grant, Publisher",США,1977,английский язык,научная фантастика
http://www.wikidata.org/entity/Q7768367,The Temple of the Ten,Генри Бедфорд-Джонс,"Donald M. Grant, Publisher",США,1973,английский язык,фэнтези
http://www.wikidata.org/entity/Q7806482,Timeliner,Charles Eric Maine,Hodder & Stoughton,Великобритания,1955,английский язык,научная фантастика
http://www.wikidata.org/entity/Q126164465,Twarzą ku ziemi,Maciej Parowski,Czytelnik,Польша,1982,польский язык,научная фантастика
http://www.wikidata.org/entity/Q3256063,Полые холмы,Мэри Стюарт,Hodder & Stoughton,Великобритания,1973,английский язык,фэнтези
http://www.wikidata.org/entity/Q20874578,The Best of Poul Anderson,Пол Уильям Андерсон,Pocket Books,США,1976,английский язык,научная фантастика
http://www.wikidata.org/entity/Q3417058,Radix,A. A. Attanasio,William Morrow and Company,США,1981,английский язык,научная фантастика
http://www.wikidata.org/entity/Q15033698,Calculated Risk,Charles Eric Maine,Hodder & Stoughton,Великобритания,1960,английский язык,научная фантастика
http://www.wikidata.org/entity/Q5422666,Глаз Кота,Роджер Желязны,Underwood–Miller,США,1982,английский язык,научная фантастика
http://www.wikidata.org/entity/Q7758524,The Prometheus Design,Myrna Culbreath,Pocket Books,США,1982,английский язык,научная фантастика
http://www.wikidata.org/entity/Q4040445,Инферно,Джерри Пурнель,Pocket Books,США,1976,английский язык,научная фантастика
http://www.wikidata.org/entity/Q7768218,The Tears of the Singers,Melinda M. Snodgrass,Pocket Books,США,1984,английский язык,научная фантастика
http://www.wikidata.org/entity/Q785216,Van Troff's Cylinder,Януш Анджей Зайдель,Czytelnik,Польша,1980,польский язык,научная фантастика
http://www.wikidata.org/entity/Q5316199,Durandal,Гарольд Альберт Лэмб,"Donald M. Grant, Publisher",США,1981,английский язык,фэнтези
http://www.wikidata.org/entity/Q134365932,Q134365932,Дзюн Окада,Kaiseisha,Япония,1985,японский язык,фэнтези
http://www.wikidata.org/entity/Q15687860,The Best of Fritz Leiber,Фриц Лейбер,Sphere Books,Великобритания,1974,английский язык,фэнтези
http://www.wikidata.org/entity/Q7746259,The Last of the Really Great Whangdoodles,Джули Эндрюс,"William Collins, Sons",Великобритания,1974,английский язык,фэнтези
http://www.wikidata.org/entity/Q6058171,Into the Sun & Other Stories,Robert Duncan Milne,"Donald M. Grant, Publisher",США,1980,английский язык,научная фантастика
http://www.wikidata.org/entity/Q838776,Мост в Терабитию,Кэтрин Патерсон,Thomas Y. Crowell Co.,США,1977,английский язык,фэнтези
http://www.wikidata.org/entity/Q2894284,Doctor Dolittle and the Green Canary,Olga Fricker,J. B. Lippincott & Co.,США,1950,английский язык,фэнтези
http://www.wikidata.org/entity/Q7776052,The World That Couldn't Be,Деймон Найт,Pocket Books,США,1959,английский язык,научная фантастика
http://www.wikidata.org/entity/Q7433531,Science Fiction Adventures in Mutation,Грофф Конклин,Vanguard Press,США,1955,английский язык,научная фантастика
http://www.wikidata.org/entity/Q122891127,Godzilla & Godzilla Raids Again,Сигэру Каяма,Издательство Миннесотского университета,США,1955,японский язык,научная фантастика
http://www.wikidata.org/entity/Q122891127,Godzilla & Godzilla Raids Again,Сигэру Каяма,Издательство Миннесотского университета,США,1955,английский язык,научная фантастика
http://www.wikidata.org/entity/Q7659361,Swordsmen and Supermen,Arthur D. Howden Smith,Centaur Press,США,1972,английский язык,фэнтези
http://www.wikidata.org/entity/Q4525899,"Увы, Вавилон",Пэт Фрэнк,J. B. Lippincott & Co.,США,1959,английский язык,научная фантастика
http://www.wikidata.org/entity/Q7878026,Uhura's Song,Джанет Каган,Pocket Books,США,1985,английский язык,научная фантастика
http://www.wikidata.org/entity/Q7748231,The Long Loud Silence,Уилсон Такер,Rinehart & Company,США,1952,английский язык,научная фантастика
http://www.wikidata.org/entity/Q7733929,The Final Reflection,John M. Ford,Pocket Books,США,1984,английский язык,научная фантастика
http://www.wikidata.org/entity/Q7776052,The World That Couldn't Be,Ричард Мэтисон,Pocket Books,США,1959,английский язык,научная фантастика
http://www.wikidata.org/entity/Q7111794,Out of the Storm,Уильям Ходжсон,"Donald M. Grant, Publisher",США,1975,английский язык,фэнтези
http://www.wikidata.org/entity/Q7720276,Сломанный меч,Пол Уильям Андерсон,Thomas Y. Crowell Co.,США,1954,английский язык,фэнтези
http://www.wikidata.org/entity/Q7801570,Tigers of the Sea,Роберт Ирвин Говард,"Donald M. Grant, Publisher",США,1973,английский язык,фэнтези
http://www.wikidata.org/entity/Q7303757,Red Blades of Black Cathay,Tevis Clyde Smith,"Donald M. Grant, Publisher",США,1971,английский язык,фэнтези
http://www.wikidata.org/entity/Q17126456,The Undying Land,William Gilmour,"Donald M. Grant, Publisher",США,1985,английский язык,фэнтези
http://www.wikidata.org/entity/Q7758524,The Prometheus Design,Sondra Marshak,Pocket Books,США,1982,английский язык,научная фантастика
http://www.wikidata.org/entity/Q4656674,A Far Sunset,Эдмунд Купер,Hodder & Stoughton,Великобритания,1967,английский язык,научная фантастика
http://www.wikidata.org/entity/Q4802912,As It Is Written,De Lysle Ferree Cass,"Donald M. Grant, Publisher",США,1982,английский язык,фэнтези
http://www.wikidata.org/entity/Q7760432,The Return of Tharn,Ховард Браун,"Donald M. Grant, Publisher",США,1956,английский язык,фэнтези
http://www.wikidata.org/entity/Q7712632,The Adventures of Samurai Cat,Марк Э. Роджерс,"Donald M. Grant, Publisher",США,1984,английский язык,фэнтези
http://www.wikidata.org/entity/Q7769061,The Three Palladins,Гарольд Альберт Лэмб,"Donald M. Grant, Publisher",США,1977,английский язык,фэнтези
http://www.wikidata.org/entity/Q6740961,Малафрена,Урсула Крёбер Ле Гуин,Prószyński i S-ka,Польша,1979,английский язык,фэнтези
http://www.wikidata.org/entity/Q7305024,Red Shift,Алан Гарнер,"William Collins, Sons",Великобритания,1973,английский язык,фэнтези
http://www.wikidata.org/entity/Q1083082,The Atrocity Exhibition,Джеймс Баллард,RE/Search,США,1970,английский язык,научная фантастика
http://www.wikidata.org/entity/Q650297,Глас Господа,Станислав Лем,Czytelnik,Польша,1968,польский язык,научная фантастика
http://www.wikidata.org/entity/Q2165883,Возвращение со звёзд,Станислав Лем,Czytelnik,Польша,1961,польский язык,научная фантастика
http://www.wikidata.org/entity/Q7776052,The World That Couldn't Be,Лайон Спрэг де Камп,Pocket Books,США,1959,английский язык,научная фантастика
http://www.wikidata.org/entity/Q1422318,Стрелок,Стивен Кинг,"Donald M. Grant, Publisher",США,1982,английский язык,фэнтези
http://www.wikidata.org/entity/Q16840873,Best SF: 1968,Гарри Гаррисон,Sphere Books,Великобритания,1969,английский язык,научная фантастика
http://www.wikidata.org/entity/Q4920833,Тень чёрного бога,Кэтрин Люсиль Мур,"Donald M. Grant, Publisher",США,1977,английский язык,фэнтези
http://www.wikidata.org/entity/Q4040445,Инферно,Ларри Нивен,Pocket Books,США,1976,английский язык,научная фантастика
http://www.wikidata.org/entity/Q15032738,Merry Go Round in Oz,Элоиза Джарвис Мак-Гроу,Reilly & Britton,США,1963,английский язык,фэнтези
http://www.wikidata.org/entity/Q7732318,Эффект энтропии,Вонда Макинтайр,Pocket Books,США,1981,английский язык,научная фантастика
http://www.wikidata.org/entity/Q5227915,Daughter of Regals,Стивен Дональдсон,"Donald M. Grant, Publisher",США,1984,английский язык,фэнтези
http://www.wikidata.org/entity/Q7433454,Science-Fiction Adventures in Dimension,Грофф Конклин,Vanguard Press,США,1953,английский язык,научная фантастика
http://www.wikidata.org/entity/Q4899922,Beyond Apollo,Barry N. Malzberg,Pocket Books,США,1972,английский язык,научная фантастика
http://www.wikidata.org/entity/Q8052959,Yesterday's Son,Энн Кэрол Криспин,Pocket Books,США,1983,английский язык,научная фантастика
http://www.wikidata.org/entity/Q7520106,Simon and the Witch,Margaret Stuart Barry,"William Collins, Sons",Великобритания,1976,английский язык,фэнтези
http://www.wikidata.org/entity/Q1659714,Страсти по Лейбовицу,Уолтер Майкл Миллер,J. B. Lippincott & Co.,США,1959,английский язык,научная фантастика
http://www.wikidata.org/entity/Q931113,Астронавты,Станислав Лем,Czytelnik,Польша,1951,польский язык,научная фантастика
http://www.wikidata.org/entity/Q7776052,The World That Couldn't Be,Alan E. Nourse,Pocket Books,США,1959,английский язык,научная фантастика
http://www.wikidata.org/entity/Q7601047,Spaceflight Chronology,Fred Goldstein,Pocket Books,США,1980,английский язык,научная фантастика
http://www.wikidata.org/entity/Q7776052,The World That Couldn't Be,Edgar Pangborn,Pocket Books,США,1959,английский язык,научная фантастика
http://www.wikidata.org/entity/Q2082630,Сага о Кугеле,Джек Вэнс,Underwood–Miller,США,1983,английский язык,фэнтези
http://www.wikidata.org/entity/Q6756975,Marchers of Valhalla,Роберт Ирвин Говард,"Donald M. Grant, Publisher",США,1972,английский язык,фэнтези
http://www.wikidata.org/entity/Q7033680,Night of the Big Heat,John Lymington,Hodder & Stoughton,Великобритания,1959,английский язык,научная фантастика
http://www.wikidata.org/entity/Q7752174,The Moon of Gomrath,Алан Гарнер,"William Collins, Sons",Великобритания,1963,английский язык,фэнтези
http://www.wikidata.org/entity/Q2913897,Последнее волшебство,Мэри Стюарт,Hodder & Stoughton,Великобритания,1979,английский язык,фэнтези
http://www.wikidata.org/entity/Q7770111,The Trellisane Confrontation,David Dvorkin,Pocket Books,США,1984,английский язык,научная фантастика
http://www.wikidata.org/entity/Q7736927,Богиня Ганимеда,Майк Резник,"Donald M. Grant, Publisher",США,1967,английский язык,научная фантастика
http://www.wikidata.org/entity/Q7840052,Triangle,Sondra Marshak,Pocket Books,США,1983,английский язык,научная фантастика
http://www.wikidata.org/entity/Q7717082,The Best of John Wyndham,Джон Уиндем,Sphere Books,Великобритания,1973,английский язык,научная фантастика
http://www.wikidata.org/entity/Q17056219,Shadow Lord,Лоуренс Е,Pocket Books,США,1985,английский язык,научная фантастика
http://www.wikidata.org/entity/Q11376198,Q11376198,Кобо Абэ,Hayakawa Publishing,Япония,1967,японский язык,научная фантастика
http://www.wikidata.org/entity/Q7775665,The Wonderful Lips of Thibong Linh,Theodore Roscoe,"Donald M. Grant, Publisher",США,1981,английский язык,фэнтези
http://www.wikidata.org/entity/Q7739564,The Hidden Valley of Oz,Рэйчел Косгроув Пайес,Reilly & Britton,США,1951,английский язык,фэнтези
http://www.wikidata.org/entity/Q126164492,Senni zwycięzcy,Marek Oramus,Czytelnik,Польша,1983,польский язык,научная фантастика
http://www.wikidata.org/entity/Q7776052,The World That Couldn't Be,Клиффорд Дональд Саймак,Pocket Books,США,1959,английский язык,научная фантастика
http://www.wikidata.org/entity/Q15033698,Calculated Risk,Charles Eric Maine,Transworld Publishers,Великобритания,1960,английский язык,научная фантастика
http://www.wikidata.org/entity/Q8036887,Worms of the Earth,Роберт Ирвин Говард,"Donald M. Grant, Publisher",США,1974,английский язык,фэнтези
http://www.wikidata.org/entity/Q7755756,Совы на тарелках,Алан Гарнер,"William Collins, Sons",Великобритания,1967,английский язык,фэнтези
http://www.wikidata.org/entity/Q7776052,The World That Couldn't Be,F. L. Wallace,Pocket Books,США,1959,английский язык,научная фантастика
http://www.wikidata.org/entity/Q17034426,We Are All Legends,Даррелл Швейцер,The Donning Company,США,1981,английский язык,фэнтези
http://www.wikidata.org/entity/Q7601010,Звёздный путь: Кинофильм,Джин Родденберри,Pocket Books,США,1979,английский язык,научная фантастика
http://www.wikidata.org/entity/Q7776052,The World That Couldn't Be,Марк Клифтон,Pocket Books,США,1959,английский язык,научная фантастика
http://www.wikidata.org/entity/Q7719245,The Book of Kane,Карл Эдвард Вагнер,"Donald M. Grant, Publisher",США,1985,английский язык,фэнтези
http://www.wikidata.org/entity/Q2730105,Хрустальный грот,Мэри Стюарт,William Morrow and Company,США,1970,английский язык,фэнтези
http://www.wikidata.org/entity/Q7303757,Red Blades of Black Cathay,Роберт Ирвин Говард,"Donald M. Grant, Publisher",США,1971,английский язык,фэнтези
http://www.wikidata.org/entity/Q975298,Отзвуки эха,Ричард Мэтисон,J. B. Lippincott & Co.,США,1958,английский язык,фэнтези
http://www.wikidata.org/entity/Q2894284,Doctor Dolittle and the Green Canary,Хью Лофтинг,J. B. Lippincott & Co.,США,1950,английский язык,фэнтези
http://www.wikidata.org/entity/Q2082630,Сага о Кугеле,Джек Вэнс,Underwood–Miller,США,1983,английский язык,научная фантастика
http://www.wikidata.org/entity/Q9395624,The Island of Doctor Death and Other Stories and Other Stories,Джин Вулф,Pocket Books,США,1980,английский язык,научная фантастика
http://www.wikidata.org/entity/Q547210,Последний защитник Камелота,Роджер Желязны,Pocket Books,США,1980,английский язык,научная фантастика
http://www.wikidata.org/entity/Q4875092,Склад странных услад,Фриц Лейбер,"Donald M. Grant, Publisher",США,1978,английский язык,фэнтези
http://www.wikidata.org/entity/Q7740959,The Hundred-Year Christmas,Дэвид Моррелл,"Donald M. Grant, Publisher",США,1983,английский язык,фэнтези
http://www.wikidata.org/entity/Q5755774,High Justice,Джерри Пурнель,Pocket Books,США,1977,английский язык,научная фантастика
http://www.wikidata.org/entity/Q16387190,"Друг мой, враг мой",Диана Дуэйн,Pocket Books,США,1984,английский язык,научная фантастика
http://www.wikidata.org/entity/Q4353920,The Eye of Argon,Jim Theis,Wildside Press,США,1970,английский язык,фэнтези
http://www.wikidata.org/entity/Q5451523,Рыцарь на золотом коне,Диана Уинн Джонс,HarperCollins,США,1984,английский язык,фэнтези
http://www.wikidata.org/entity/Q7749314,Бесноватый гоблин,Филип Хосе Фармер,Ace Books,США,1970,английский язык,фэнтези
http://www.wikidata.org/entity/Q7728224,The Crown Snatchers,F. K. Waechter,Pantheon Books,США,1972,немецкий язык,фэнтези
http://www.wikidata.org/entity/Q3202276,Колдовской мир,Андре Нортон,Ace Books,США,1963,английский язык,фэнтези
http://www.wikidata.org/entity/Q3207042,The Winds of Darkover,Мэрион Зиммер Брэдли,Ace Books,США,1970,английский язык,фэнтези
http://www.wikidata.org/entity/Q1214803,The Hounds of the Morrigan,Пэт О’Ши,Издательство Оксфордского университета,Великобритания,1985,английский язык,фэнтези
http://www.wikidata.org/entity/Q1973586,Хозяева драконов,Джек Вэнс,Ace Books,США,1962,английский язык,фэнтези
http://www.wikidata.org/entity/Q1845356,Глаза чужого мира,Джек Вэнс,Ace Books,США,1966,английский язык,фэнтези
http://www.wikidata.org/entity/Q7973422,Water Witch,Конни Уиллис,Ace Books,США,1982,английский язык,научная фантастика
http://www.wikidata.org/entity/Q5123996,Город тысячи солнц,Сэмюэль Дилэни,Ace Books,США,1965,английский язык,фэнтези
http://www.wikidata.org/entity/Q7165994,Люди Талисмана,Ли Брэкетт,Ace Books,США,1964,английский язык,научная фантастика
http://www.wikidata.org/entity/Q3790781,Falcons of Narabedla,Мэрион Зиммер Брэдли,Ace Books,США,1964,английский язык,фэнтези
http://www.wikidata.org/entity/Q3222632,Создатель Вселенных,Филип Хосе Фармер,Ace Books,США,1965,английский язык,фэнтези
http://www.wikidata.org/entity/Q3222632,Создатель Вселенных,Филип Хосе Фармер,Ace Books,США,1969,английский язык,фэнтези
http://www.wikidata.org/entity/Q2738156,Джуманджи,Крис Ван Оллсбург,Houghton Mifflin Harcourt,США,1981,английский язык,фэнтези
http://www.wikidata.org/entity/Q60459668,Личный космос,Филип Хосе Фармер,Ace Books,США,1968,английский язык,научная фантастика
http://www.wikidata.org/entity/Q28428150,Nebula Alert,Артур Бертрам Чендлер,Ace Books,США,1967,английский язык,научная фантастика
http://www.wikidata.org/entity/Q3226696,Мечи Ланкмара,Фриц Лейбер,Ace Books,США,1968,английский язык,фэнтези
http://www.wikidata.org/entity/Q3525781,Колдун Лемурии,Лин Картер,Ace Books,США,1965,английский язык,фэнтези
http://www.wikidata.org/entity/Q27981216,The Falling Astronauts,Barry N. Malzberg,Ace Books,США,1971,английский язык,научная фантастика
http://www.wikidata.org/entity/Q5451523,Рыцарь на золотом коне,Диана Уинн Джонс,HarperCollins,США,1984,английский язык,научная фантастика
http://www.wikidata.org/entity/Q7207368,Poems and Stories,Джон Рональд Руэл Толкин,George Allen & Unwin,Великобритания,1980,английский язык,фэнтези
http://www.wikidata.org/entity/Q7738438,The Guardian of Isis,Моника Хьюз,Hamish Hamilton,Великобритания,1981,английский язык,научная фантастика
http://www.wikidata.org/entity/Q1957402,Magic Moon,Heike Hohlbein,Tokyopop,США,1982,немецкий язык,фэнтези
http://www.wikidata.org/entity/Q5305430,Dragons of Light,Орсон Скотт Кард,Ace Books,США,1980,английский язык,фэнтези
http://www.wikidata.org/entity/Q334475,Последняя песня Бильбо,Джон Рональд Руэл Толкин,Houghton Mifflin Harcourt,США,1974,английский язык,фэнтези
http://www.wikidata.org/entity/Q18389547,Дьявольское отродье,Джеймс Шмиц,Ace Books,США,1968,английский язык,научная фантастика
http://www.wikidata.org/entity/Q19622247,Larger than Life,Дино Буццати,Arnoldo Mondadori Editore,Италия,1960,итальянский язык,научная фантастика
http://www.wikidata.org/entity/Q6733429,Mahars of Pellucidar,John Eric Holmes,Ace Books,США,1976,английский язык,фэнтези
http://www.wikidata.org/entity/Q60459668,Личный космос,Филип Хосе Фармер,Ace Books,США,1968,американский вариант английского языка,научная фантастика
http://www.wikidata.org/entity/Q7775390,The Wizard of Venus,Эдгар Райс Берроуз,Ace Books,США,1970,английский язык,фэнтези
http://www.wikidata.org/entity/Q15228,Властелин колец,Джон Рональд Руэл Толкин,George Allen & Unwin,Великобритания,1954,английский язык,фэнтези
http://www.wikidata.org/entity/Q1773497,Гора Аналог,Рене Домаль,Галлимар,Франция,1952,французский язык,фэнтези
http://www.wikidata.org/entity/Q3224465,Повелитель Прошлого,R. A. Lafferty,Ace Books,США,1968,английский язык,фэнтези
http://www.wikidata.org/entity/Q7736989,The Golden Age of Science Fiction,Кингсли Эмис,Hutchinson,Великобритания,1981,английский язык,научная фантастика
http://www.wikidata.org/entity/Q7820102,Tomoe Gozen,Джессика Аманда Сальмонсон,Ace Books,США,1981,английский язык,фэнтези
http://www.wikidata.org/entity/Q7739491,Корона героев,Robin McKinley,HarperCollins,США,1984,английский язык,фэнтези
http://www.wikidata.org/entity/Q332581,Возвращение короля,Джон Рональд Руэл Толкин,George Allen & Unwin,Великобритания,1955,английский язык,фэнтези
http://www.wikidata.org/entity/Q332388,Две крепости,Джон Рональд Руэл Толкин,George Allen & Unwin,Великобритания,1954,английский язык,фэнтези
http://www.wikidata.org/entity/Q7729024,Тёмный мир,Кэтрин Люсиль Мур,Ace Books,США,1965,английский язык,фэнтези
http://www.wikidata.org/entity/Q3525782,Воин Лемурии,Лин Картер,Ace Books,США,1966,английский язык,фэнтези
http://www.wikidata.org/entity/Q15033515,Alpha Centauri or Die!,Ли Брэкетт,Ace Books,США,1963,английский язык,научная фантастика
http://www.wikidata.org/entity/Q16387084,Лунное сердце,Чарльз де Линт,Ace Books,США,1984,английский язык,фэнтези
http://www.wikidata.org/entity/Q7760688,Загадка поющих камней,Чарльз де Линт,Ace Books,США,1984,английский язык,фэнтези
http://www.wikidata.org/entity/Q3589383,Мечи против смерти,Фриц Лейбер,Ace Books,США,1970,английский язык,фэнтези
http://www.wikidata.org/entity/Q16386028,High Sorcery,Андре Нортон,Ace Books,США,1970,английский язык,фэнтези
http://www.wikidata.org/entity/Q3589386,Мечи против колдовства,Фриц Лейбер,Ace Books,США,1968,английский язык,фэнтези
http://www.wikidata.org/entity/Q5685281,Хоксмур,Питер Акройд,Hamish Hamilton,Великобритания,1985,английский язык,фэнтези
http://www.wikidata.org/entity/Q4659839,A Stranger Came Ashore,Mollie Hunter,Hamish Hamilton,Великобритания,1975,,фэнтези
http://www.wikidata.org/entity/Q478250,Кузнец из Большого Вуттона,Джон Рональд Руэл Толкин,George Allen & Unwin,Великобритания,1967,английский язык,фэнтези
http://www.wikidata.org/entity/Q7741387,The Idylls of the Queen,Phyllis Ann Karr,Ace Books,США,1982,английский язык,фэнтези
http://www.wikidata.org/entity/Q2453300,Планета Роканнона,Урсула Крёбер Ле Гуин,Ace Books,США,1966,американский вариант английского языка,научная фантастика
http://www.wikidata.org/entity/Q7111646,Вне бездны времени,Эдгар Райс Берроуз,Ace Books,США,1963,английский язык,фэнтези
http://www.wikidata.org/entity/Q7748816,The Lotus Caves,Джон Кристофер,Hamish Hamilton,Великобритания,1969,английский язык,научная фантастика
http://www.wikidata.org/entity/Q15032739,Башни Торона,Сэмюэль Дилэни,Ace Books,США,1964,английский язык,фэнтези
http://www.wikidata.org/entity/Q2520381,Солнечная лотерея,Филип Дик,Ace Books,США,1955,американский вариант английского языка,научная фантастика
http://www.wikidata.org/entity/Q8036749,Миры Империума,Кит Лаумер,Ace Books,США,1962,английский язык,научная фантастика
http://www.wikidata.org/entity/Q3207268,Шахматная партия Дерини,Кэтрин Куртц,Ace Books,США,1972,английский язык,фэнтези
http://www.wikidata.org/entity/Q6186063,Jessamy,Барбара Слэй,HarperCollins,США,1967,английский язык,фэнтези
http://www.wikidata.org/entity/Q5036954,Пленники огня,Сэмюэль Дилэни,Ace Books,США,1963,английский язык,фэнтези
http://www.wikidata.org/entity/Q1957402,Magic Moon,Вольфганг Хольбайн,Tokyopop,США,1982,немецкий язык,фэнтези
http://www.wikidata.org/entity/Q208461,1985,Энтони Бёрджесс,Hutchinson,Великобритания,1978,английский язык,научная фантастика
http://www.wikidata.org/entity/Q3589382,Мечи и чёрная магия,Фриц Лейбер,Ace Books,США,1970,английский язык,фэнтези
http://www.wikidata.org/entity/Q4973287,Brokedown Palace,Стивен Браст,Ace Books,США,1985,английский язык,фэнтези
http://www.wikidata.org/entity/Q7764864,The Small Assassin,Рэй Брэдбери,Ace Books,США,1962,английский язык,фэнтези
http://www.wikidata.org/entity/Q15032947,Йенди,Стивен Браст,Ace Books,США,1984,английский язык,фэнтези
http://www.wikidata.org/entity/Q7743200,Драгоценности Эптора,Сэмюэль Дилэни,Ace Books,США,1962,английский язык,фэнтези
http://www.wikidata.org/entity/Q7729024,Тёмный мир,Генри Каттнер,Ace Books,США,1965,английский язык,фэнтези
http://www.wikidata.org/entity/Q340401,Книга утраченных сказаний,Джон Рональд Руэл Толкин,George Allen & Unwin,Великобритания,1983,британский вариант английского языка,фэнтези
http://www.wikidata.org/entity/Q15034311,Them Bones,Howard Waldrop,Ace Books,США,1984,английский язык,научная фантастика
http://www.wikidata.org/entity/Q7718849,Меч королевы,Robin McKinley,HarperCollins,США,1982,английский язык,фэнтези
http://www.wikidata.org/entity/Q7753090,The Nargun and the Stars,Патрисия Райтсон,Hutchinson,Великобритания,1973,английский язык,фэнтези
http://www.wikidata.org/entity/Q7111646,Вне бездны времени,Эдгар Райс Берроуз,Ace Books,США,1963,английский язык,научная фантастика
http://www.wikidata.org/entity/Q7756721,The Perilous Gard,Elizabeth Marie Pope,Houghton Mifflin Harcourt,США,1974,английский язык,фэнтези
http://www.wikidata.org/entity/Q7078921,Off Center,Деймон Найт,Ace Books,США,1965,английский язык,научная фантастика
http://www.wikidata.org/entity/Q2795742,Ледяной дракон,Джордж Р. Р. Мартин,Ace Books,США,1980,английский язык,фэнтези
http://www.wikidata.org/entity/Q15032739,Башни Торона,Сэмюэль Дилэни,Ace Books,США,1964,английский язык,научная фантастика
http://www.wikidata.org/entity/Q7756640,Люди из забытого времени,Эдгар Райс Берроуз,Ace Books,США,1963,английский язык,фэнтези
http://www.wikidata.org/entity/Q598315,Змея сновидений,Вонда Макинтайр,Houghton Mifflin Harcourt,США,1978,английский язык,научная фантастика
http://www.wikidata.org/entity/Q24255693,The Other Side of Here,Мюррей Лейнстер,Ace Books,США,1955,английский язык,научная фантастика
http://www.wikidata.org/entity/Q7736373,The Giant Under the Snow,Джон Гордон,Hutchinson,Великобритания,1968,английский язык,фэнтези
http://www.wikidata.org/entity/Q3231303,The World Wreckers,Мэрион Зиммер Брэдли,Ace Books,США,1971,английский язык,фэнтези
http://www.wikidata.org/entity/Q6191037,Джарег,Стивен Браст,Ace Books,США,1983,английский язык,фэнтези
http://www.wikidata.org/entity/Q3233135,Les Guérillères,Моник Виттиг,Минюи,Франция,1969,французский язык,научная фантастика
http://www.wikidata.org/entity/Q340401,Книга утраченных сказаний,Кристофер Толкин,George Allen & Unwin,Великобритания,1983,британский вариант английского языка,фэнтези
http://www.wikidata.org/entity/Q7744054,The Keeper of the Isis Light,Моника Хьюз,Hamish Hamilton,Великобритания,1980,английский язык,научная фантастика
http://www.wikidata.org/entity/Q3589384,Мечи в тумане,Фриц Лейбер,Ace Books,США,1968,английский язык,фэнтези
http://www.wikidata.org/entity/Q7304614,Red Moon and Black Mountain,Joy Chant,George Allen & Unwin,Великобритания,1970,английский язык,фэнтези
http://www.wikidata.org/entity/Q3407200,The Planet Savers,Мэрион Зиммер Брэдли,Ace Books,США,1962,английский язык,фэнтези
http://www.wikidata.org/entity/Q7973422,Water Witch,Cynthia Felice,Ace Books,США,1982,английский язык,научная фантастика
http://www.wikidata.org/entity/Q16994852,In the Grip of Winter,Колин Данн,Hutchinson,Великобритания,1981,английский язык,фэнтези
http://www.wikidata.org/entity/Q15034064,The Isis Pedlar,Моника Хьюз,Hamish Hamilton,Великобритания,1982,английский язык,научная фантастика
http://www.wikidata.org/entity/Q7776284,The Wreck of the Zephyr,Крис Ван Оллсбург,Houghton Mifflin Harcourt,США,1983,английский язык,фэнтези
http://www.wikidata.org/entity/Q331804,Приключения Тома Бомбадила,Джон Рональд Руэл Толкин,George Allen & Unwin,Великобритания,1962,английский язык,фэнтези
http://www.wikidata.org/entity/Q15033355,Дальний прыжок,Ли Брэкетт,Ace Books,США,1955,английский язык,научная фантастика
http://www.wikidata.org/entity/Q4769484,Annihilation Factor,Баррингтон Джон Бейли,Ace Books,США,1972,английский язык,научная фантастика
http://www.wikidata.org/entity/Q6679477,Лорд Кальван из другого когда,Г. Бим Пайпер,Ace Books,США,1965,английский язык,научная фантастика
http://www.wikidata.org/entity/Q7767457,The Super Barbarians,Джон Браннер,Ace Books,США,1962,английский язык,научная фантастика
http://www.wikidata.org/entity/Q3220787,Горячая линия Змееносца,Джон Варли,Ace Books,США,1977,английский язык,научная фантастика
http://www.wikidata.org/entity/Q3231303,The World Wreckers,Мэрион Зиммер Брэдли,Ace Books,США,1971,английский язык,научная фантастика
http://www.wikidata.org/entity/Q5374208,Empire of Two Worlds,Баррингтон Джон Бейли,Ace Books,США,1972,английский язык,научная фантастика
http://www.wikidata.org/entity/Q3589384,Мечи в тумане,Фриц Лейбер,Ace Books,США,1968,английский язык,научная фантастика
http://www.wikidata.org/entity/Q7810884,To Conquer Chaos,Джон Браннер,Ace Books,США,1964,английский язык,научная фантастика
http://www.wikidata.org/entity/Q7271533,Question and Answer,Пол Уильям Андерсон,Ace Books,США,1956,английский язык,научная фантастика
http://www.wikidata.org/entity/Q662029,Нейромант,Уильям Гибсон,Ace Books,США,1984,английский язык,научная фантастика
http://www.wikidata.org/entity/Q7811062,Накануне судного дня,Кеннет Балмер,Ace Books,США,1967,английский язык,научная фантастика
http://www.wikidata.org/entity/Q3407200,The Planet Savers,Мэрион Зиммер Брэдли,Ace Books,США,1962,английский язык,научная фантастика
http://www.wikidata.org/entity/Q3227321,Волшебник Линна,Альфред ван Вогт,Ace Books,США,1962,английский язык,научная фантастика
http://www.wikidata.org/entity/Q5280265,Наследники,Фрэнк Герберт,Ace Books,США,1980,английский язык,научная фантастика
http://www.wikidata.org/entity/Q5035837,Капитолий,Орсон Скотт Кард,Ace Books,США,1979,английский язык,научная фантастика
http://www.wikidata.org/entity/Q7443959,Мстители Каррига,Джон Браннер,Ace Books,США,1962,английский язык,научная фантастика
http://www.wikidata.org/entity/Q3576862,Бесчисленные времена,Джон Браннер,Ace Books,США,1969,английский язык,научная фантастика
http://www.wikidata.org/entity/Q3433284,Обряд перехода,Алексей Паншин,Ace Books,США,1968,английский язык,научная фантастика
http://www.wikidata.org/entity/Q2722309,Вавилон 17,Сэмюэль Дилэни,Ace Books,США,1966,английский язык,научная фантастика
http://www.wikidata.org/entity/Q7730172,The Digging Leviathan,Джеймс Блейлок,Ace Books,США,1984,английский язык,научная фантастика
http://www.wikidata.org/entity/Q6945094,My Brother's Keeper,Чарльз Шеффилд,Ace Books,США,1982,английский язык,научная фантастика
http://www.wikidata.org/entity/Q3232333,Дети будущего,Альфред ван Вогт,Ace Books,США,1970,английский язык,научная фантастика
http://www.wikidata.org/entity/Q7772066,The Variable Man and Other Stories,Филип Дик,Ace Books,США,1957,американский вариант английского языка,научная фантастика
http://www.wikidata.org/entity/Q3202276,Колдовской мир,Андре Нортон,Ace Books,США,1963,английский язык,научная фантастика
http://www.wikidata.org/entity/Q7767354,Саботажники Солнца,Деймон Найт,Ace Books,США,1961,английский язык,научная фантастика
http://www.wikidata.org/entity/Q3207042,The Winds of Darkover,Мэрион Зиммер Брэдли,Ace Books,США,1970,английский язык,научная фантастика
http://www.wikidata.org/entity/Q6680204,Lords of the Starship,Mark S. Geston,Ace Books,США,1967,английский язык,научная фантастика
http://www.wikidata.org/entity/Q7776185,The Worlds of Robert A. Heinlein,Роберт Хайнлайн,Ace Books,США,1966,английский язык,научная фантастика
http://www.wikidata.org/entity/Q1114487,Обман Инкорпорейтед,Филип Дик,Ace Books,США,1966,американский вариант английского языка,научная фантастика
http://www.wikidata.org/entity/Q7560707,Сын Дерева,Джек Вэнс,Ace Books,США,1951,английский язык,научная фантастика
http://www.wikidata.org/entity/Q7749964,The Man Who Never Missed,Стив Перри,Ace Books,США,1985,английский язык,научная фантастика
http://www.wikidata.org/entity/Q1973586,Хозяева драконов,Джек Вэнс,Ace Books,США,1962,английский язык,научная фантастика
http://www.wikidata.org/entity/Q3549740,Четвёрка на будущее,Роджер Желязны,Ace Books,США,1967,английский язык,научная фантастика
http://www.wikidata.org/entity/Q3549740,Четвёрка на будущее,Роджер Желязны,Ace Books,США,1980,английский язык,научная фантастика
http://www.wikidata.org/entity/Q1845356,Глаза чужого мира,Джек Вэнс,Ace Books,США,1966,английский язык,научная фантастика
http://www.wikidata.org/entity/Q7716837,The Best Ye Breed,Мак Рейнольдс,Ace Books,США,1978,английский язык,научная фантастика
http://www.wikidata.org/entity/Q6483876,"Страна, которой нет на карте",Кеннет Балмер,Ace Books,США,1965,английский язык,научная фантастика
http://www.wikidata.org/entity/Q7760936,The Rithian Terror,Деймон Найт,Ace Books,США,1965,английский язык,научная фантастика
http://www.wikidata.org/entity/Q2453300,Планета Роканнона,Урсула Крёбер Ле Гуин,Ace Books,США,1966,английский язык,научная фантастика
http://www.wikidata.org/entity/Q5123996,Город тысячи солнц,Сэмюэль Дилэни,Ace Books,США,1965,английский язык,научная фантастика
http://www.wikidata.org/entity/Q2077422,Остров мёртвых,Роджер Желязны,Ace Books,США,1969,английский язык,научная фантастика
http://www.wikidata.org/entity/Q6012759,In the Pocket: And Other SF Stories,Barry N. Malzberg,Ace Books,США,1971,английский язык,научная фантастика
http://www.wikidata.org/entity/Q3790781,Falcons of Narabedla,Мэрион Зиммер Брэдли,Ace Books,США,1964,английский язык,научная фантастика
http://www.wikidata.org/entity/Q3880662,Green Eyes,Люциус Шепард,Ace Books,США,1984,английский язык,научная фантастика
http://www.wikidata.org/entity/Q3234829,Врата мироздания,Филип Хосе Фармер,Ace Books,США,1966,английский язык,научная фантастика
http://www.wikidata.org/entity/Q3234829,Врата мироздания,Филип Хосе Фармер,Ace Books,США,1970,английский язык,научная фантастика
http://www.wikidata.org/entity/Q3222632,Создатель Вселенных,Филип Хосе Фармер,Ace Books,США,1965,английский язык,научная фантастика
http://www.wikidata.org/entity/Q3222632,Создатель Вселенных,Филип Хосе Фармер,Ace Books,США,1969,английский язык,научная фантастика
http://www.wikidata.org/entity/Q948372,Город иллюзий,Урсула Крёбер Ле Гуин,Ace Books,США,1967,английский язык,научная фантастика
http://www.wikidata.org/entity/Q7766288,The Star Virus,Баррингтон Джон Бейли,Ace Books,США,1970,английский язык,научная фантастика
http://www.wikidata.org/entity/Q5374131,Имперская звезда,Сэмюэль Дилэни,Ace Books,США,1966,английский язык,научная фантастика
http://www.wikidata.org/entity/Q1317915,"Доктор Смерть, или Как мы жили после бомбы",Филип Дик,Ace Books,США,1965,американский вариант английского языка,научная фантастика
http://www.wikidata.org/entity/Q5420302,Exiles to Glory,Джерри Пурнель,Ace Books,США,1978,английский язык,научная фантастика
http://www.wikidata.org/entity/Q766404,Порог между мирами,Филип Дик,Ace Books,США,1966,американский вариант английского языка,научная фантастика
http://www.wikidata.org/entity/Q1139149,Око небесное,Филип Дик,Ace Books,США,1957,американский вариант английского языка,научная фантастика
http://www.wikidata.org/entity/Q6684002,Lost Dorsai,Гордон Диксон,Ace Books,США,1980,английский язык,научная фантастика
http://www.wikidata.org/entity/Q7715400,Баллада о Бете-2,Сэмюэль Дилэни,Ace Books,США,1965,английский язык,научная фантастика
http://www.wikidata.org/entity/Q1748976,Зелёный мозг,Фрэнк Герберт,Ace Books,США,1966,английский язык,научная фантастика
http://www.wikidata.org/entity/Q3202109,The Year of the Quiet Sun,Уилсон Такер,Ace Books,США,1970,английский язык,научная фантастика
http://www.wikidata.org/entity/Q960842,Almuric,Роберт Ирвин Говард,Ace Books,США,1964,английский язык,научная фантастика
http://www.wikidata.org/entity/Q7767766,Шпага Рианона,Ли Брэкетт,Ace Books,США,1953,английский язык,научная фантастика
http://www.wikidata.org/entity/Q6733429,Mahars of Pellucidar,John Eric Holmes,Ace Books,США,1976,английский язык,научная фантастика
http://www.wikidata.org/entity/Q7554179,Софт,Руди Рюкер,Ace Books,США,1982,английский язык,научная фантастика
http://www.wikidata.org/entity/Q3204648,The Jagged Orbit,Джон Браннер,Ace Books,США,1969,английский язык,научная фантастика
http://www.wikidata.org/entity/Q3522940,Меч Алдонеса,Мэрион Зиммер Брэдли,Ace Books,США,1962,английский язык,научная фантастика
http://www.wikidata.org/entity/Q3224465,Повелитель Прошлого,R. A. Lafferty,Ace Books,США,1968,английский язык,научная фантастика
http://www.wikidata.org/entity/Q7718286,Чёрный коридор,Майкл Муркок,Ace Books,США,1969,английский язык,научная фантастика
http://www.wikidata.org/entity/Q7729024,Тёмный мир,Кэтрин Люсиль Мур,Ace Books,США,1965,английский язык,научная фантастика
http://www.wikidata.org/entity/Q7760688,Загадка поющих камней,Чарльз де Линт,Ace Books,США,1984,английский язык,научная фантастика
http://www.wikidata.org/entity/Q3178499,Поиск будущего,Альфред ван Вогт,Ace Books,США,1970,английский язык,научная фантастика
http://www.wikidata.org/entity/Q7758065,The Preserving Machine,Филип Дик,Ace Books,США,1969,американский вариант английского языка,научная фантастика
http://www.wikidata.org/entity/Q1747536,Город кешей,Джек Вэнс,Ace Books,США,1968,английский язык,научная фантастика
http://www.wikidata.org/entity/Q7572545,Космический викинг,Г. Бим Пайпер,Ace Books,США,1963,английский язык,научная фантастика
http://www.wikidata.org/entity/Q3793866,Доктор Будущее,Филип Дик,Ace Books,США,1960,американский вариант английского языка,научная фантастика
http://www.wikidata.org/entity/Q1090244,"Мир, который построил Джонс",Филип Дик,Ace Books,США,1956,американский вариант английского языка,научная фантастика
http://www.wikidata.org/entity/Q3234035,Хроники Вортинга,Орсон Скотт Кард,Ace Books,США,1983,английский язык,научная фантастика
http://www.wikidata.org/entity/Q3819643,Вторжение с Ганимеда,Рэй Нельсон,Ace Books,США,1967,американский вариант английского языка,научная фантастика
http://www.wikidata.org/entity/Q5476126,Fourth Mansions,R. A. Lafferty,Ace Books,США,1969,английский язык,научная фантастика
http://www.wikidata.org/entity/Q7600837,Мутанты,Дин Кунц,Ace Books,США,1968,английский язык,научная фантастика
http://www.wikidata.org/entity/Q3228343,Слуги вонков,Джек Вэнс,Ace Books,США,1969,английский язык,научная фантастика
http://www.wikidata.org/entity/Q2034534,Мастер сновидений,Роджер Желязны,Ace Books,США,1966,американский вариант английского языка,научная фантастика
http://www.wikidata.org/entity/Q5036954,Пленники огня,Сэмюэль Дилэни,Ace Books,США,1963,английский язык,научная фантастика
http://www.wikidata.org/entity/Q4973287,Brokedown Palace,Стивен Браст,Ace Books,США,1985,английский язык,научная фантастика
http://www.wikidata.org/entity/Q3931527,"Человек, который умел шутить",Филип Дик,Ace Books,США,1956,американский вариант английского языка,научная фантастика
http://www.wikidata.org/entity/Q7754424,The Notebooks of Lazarus Long,Роберт Хайнлайн,Ace Books,США,1978,английский язык,научная фантастика
http://www.wikidata.org/entity/Q929608,Кланы Альфанской луны,Филип Дик,Ace Books,США,1964,американский вариант английского языка,научная фантастика
http://www.wikidata.org/entity/Q7743200,Драгоценности Эптора,Сэмюэль Дилэни,Ace Books,США,1962,английский язык,научная фантастика
http://www.wikidata.org/entity/Q1059912,Симулякры,Филип Дик,Ace Books,США,1964,американский вариант английского языка,научная фантастика
http://www.wikidata.org/entity/Q6154663,Янычары,Джерри Пурнель,Ace Books,США,1979,английский язык,научная фантастика
http://www.wikidata.org/entity/Q3233818,Icehenge,Ким Стенли Робинсон,Ace Books,США,1984,английский язык,научная фантастика
http://www.wikidata.org/entity/Q7776050,Планета в подарок,Джон Браннер,Ace Books,США,1959,английский язык,научная фантастика
http://www.wikidata.org/entity/Q5420751,Расширенная Вселенная,Роберт Хайнлайн,Ace Books,США,1980,английский язык,научная фантастика
http://www.wikidata.org/entity/Q6785454,Мастера эволюции,Деймон Найт,Ace Books,США,1959,английский язык,научная фантастика
http://www.wikidata.org/entity/Q7729024,Тёмный мир,Генри Каттнер,Ace Books,США,1965,английский язык,научная фантастика
http://www.wikidata.org/entity/Q3222333,Дирдиры,Джек Вэнс,Ace Books,США,1969,английский язык,научная фантастика
http://www.wikidata.org/entity/Q7750454,The Martian Sphinx,Джон Браннер,Ace Books,США,1965,английский язык,научная фантастика
http://www.wikidata.org/entity/Q3209683,Большое время,Фриц Лейбер,Ace Books,США,1958,английский язык,научная фантастика
http://www.wikidata.org/entity/Q7763152,The Secret of Sinharat,Ли Брэкетт,Ace Books,США,1964,английский язык,научная фантастика
http://www.wikidata.org/entity/Q3819643,Вторжение с Ганимеда,Филип Дик,Ace Books,США,1967,американский вариант английского языка,научная фантастика
http://www.wikidata.org/entity/Q588035,Планета изгнания,Урсула Крёбер Ле Гуин,Ace Books,США,1966,английский язык,научная фантастика
http://www.wikidata.org/entity/Q5281504,Disclosures in Scarlet,Карл Якоби,Arkham House,США,1972,английский язык,фэнтези
http://www.wikidata.org/entity/Q7768802,The Third Grave,Дэвид Кейз,Arkham House,США,1981,английский язык,фэнтези
http://www.wikidata.org/entity/Q74179146,Q74179146,Georgina Viorica Rogoz,Editura Albatros,Румыния,1975,,научная фантастика
http://www.wikidata.org/entity/Q7721031,The Caller of the Black,Брайан Ламли,Arkham House,США,1971,английский язык,фэнтези
http://www.wikidata.org/entity/Q5146033,Collected Ghost Stories,Мэри Уилкинс,Arkham House,США,1974,английский язык,фэнтези
http://www.wikidata.org/entity/Q7033977,Nightmares and Daydreams,Nelson S. Bond,Arkham House,США,1968,английский язык,фэнтези
http://www.wikidata.org/entity/Q7679263,Tales from Underwood,Дэвид Генри Келлер,Arkham House,США,1952,английский язык,научная фантастика
http://www.wikidata.org/entity/Q5148152,Colonel Markesan and Less Pleasant People,Август Дерлет,Arkham House,США,1966,английский язык,фэнтези
http://www.wikidata.org/entity/Q7621394,Strange Gateways,Эдгар Хоффман Прайс,Arkham House,США,1967,английский язык,фэнтези
http://www.wikidata.org/entity/Q7742024,The Inhabitant of the Lake and Less Welcome Tenants,Рэмси Кэмпбелл,Arkham House,США,1964,английский язык,фэнтези
http://www.wikidata.org/entity/Q5148152,Colonel Markesan and Less Pleasant People,Mark Schorer,Arkham House,США,1966,английский язык,фэнтези
http://www.wikidata.org/entity/Q17114403,Nine Horrors and a Dream,Joseph Payne Brennan,Arkham House,США,1958,английский язык,фэнтези
http://www.wikidata.org/entity/Q8045636,Xélucha and Others,Мэтью Фипс Шил,Arkham House,США,1975,английский язык,фэнтези
http://www.wikidata.org/entity/Q7773670,Наблюдатели,Август Дерлет,Arkham House,США,1974,английский язык,научная фантастика
http://www.wikidata.org/entity/Q6671746,Lonesome Places,Август Дерлет,Arkham House,США,1962,английский язык,фэнтези
http://www.wikidata.org/entity/Q7997336,Who Made Stevie Crye?,Майкл Бишоп,Arkham House,США,1984,английский язык,фэнтези
http://www.wikidata.org/entity/Q5505405,From Evil's Pillow,Бэзил Коппер,Arkham House,США,1973,английский язык,фэнтези
http://www.wikidata.org/entity/Q5281504,Disclosures in Scarlet,Карл Якоби,Arkham House,США,1972,английский язык,научная фантастика
http://www.wikidata.org/entity/Q7764073,The Shuttered Room and Other Pieces,Говард Филлипс Лавкрафт,Arkham House,США,1959,английский язык,фэнтези
http://www.wikidata.org/entity/Q7232362,Portraits in Moonlight,Карл Якоби,Arkham House,США,1964,английский язык,фэнтези
http://www.wikidata.org/entity/Q1989233,Джек из Тени,Роджер Желязны,Bloomsbury Publishing,Великобритания,1971,английский язык,фэнтези
http://www.wikidata.org/entity/Q7973124,Watchers at the Strait Gate,Расселл Керк,Arkham House,США,1984,английский язык,фэнтези
http://www.wikidata.org/entity/Q7731231,The Dunwich Horror and Others,Говард Филлипс Лавкрафт,Arkham House,США,1963,английский язык,фэнтези
http://www.wikidata.org/entity/Q7033977,Nightmares and Daydreams,Nelson S. Bond,Arkham House,США,1968,английский язык,научная фантастика
http://www.wikidata.org/entity/Q17109208,The Darkling,David Kesterton,Arkham House,США,1982,английский язык,фэнтези
http://www.wikidata.org/entity/Q7997232,Who Fears the Devil?,Мэнли Уэйд Веллман,Arkham House,США,1963,английский язык,фэнтези
http://www.wikidata.org/entity/Q7773670,Наблюдатели,Говард Филлипс Лавкрафт,Arkham House,США,1974,английский язык,фэнтези
http://www.wikidata.org/entity/Q1202156,Гибель дракона,Сакё Комацу,Коданся,Япония,1973,японский язык,научная фантастика
http://www.wikidata.org/entity/Q4753284,"And Afterward, the Dark",Бэзил Коппер,Arkham House,США,1977,английский язык,фэнтези
http://www.wikidata.org/entity/Q5664449,Harrigan's File,Август Дерлет,Arkham House,США,1975,английский язык,фэнтези
http://www.wikidata.org/entity/Q7734677,The Folsom Flint and Other Curious Tales,Дэвид Генри Келлер,Arkham House,США,1969,английский язык,фэнтези
http://www.wikidata.org/entity/Q1194339,Ребёнок Розмари,Айра Левин,Random House,США,1967,английский язык,фэнтези
http://www.wikidata.org/entity/Q7797861,Three Tales of Horror,Говард Филлипс Лавкрафт,Arkham House,США,1967,английский язык,фэнтези
http://www.wikidata.org/entity/Q7751516,Паразиты сознания,Колин Уилсон,Arkham House,США,1967,английский язык,научная фантастика
http://www.wikidata.org/entity/Q7203783,Pleasant Dreams: Nightmares,Роберт Блох,Arkham House,США,1960,английский язык,фэнтези
http://www.wikidata.org/entity/Q7759081,The Quick and the Dead,Винсент Старретт,Arkham House,США,1965,английский язык,фэнтези
http://www.wikidata.org/entity/Q3706436,The Rim of the Unknown,Фрэнк Белнэп Лонг,Arkham House,США,1972,английский язык,фэнтези
http://www.wikidata.org/entity/Q6880319,Mister Tinker in Oz,Джеймс Хау,Random House,США,1985,английский язык,фэнтези
http://www.wikidata.org/entity/Q7679352,Tales of Science and Sorcery,Кларк Эштон Смит,Arkham House,США,1964,английский язык,фэнтези
http://www.wikidata.org/entity/Q7232362,Portraits in Moonlight,Карл Якоби,Arkham House,США,1964,английский язык,научная фантастика
http://www.wikidata.org/entity/Q7769870,The Trail of Cthulhu,Август Дерлет,Arkham House,США,1962,английский язык,фэнтези
http://www.wikidata.org/entity/Q7731231,The Dunwich Horror and Others,Говард Филлипс Лавкрафт,Arkham House,США,1963,английский язык,научная фантастика
http://www.wikidata.org/entity/Q824307,Легенда,Дэвид Геммел,Random House,США,1984,английский язык,фэнтези
http://www.wikidata.org/entity/Q5318074,Dwellers in Darkness,Август Дерлет,Arkham House,США,1976,английский язык,фэнтези
http://www.wikidata.org/entity/Q7740320,The Horror in the Museum and Other Revisions,Говард Филлипс Лавкрафт,Arkham House,США,1970,английский язык,фэнтези
http://www.wikidata.org/entity/Q462560,Игроки с Титана,Филип Дик,Ace Books,США,1963,английский язык,научная фантастика
http://www.wikidata.org/entity/Q5306714,Dreams and Fancies,Говард Филлипс Лавкрафт,Arkham House,США,1962,английский язык,фэнтези
http://www.wikidata.org/entity/Q1195350,Волхв,Джон Роберт Фаулз,"Little, Brown and Company",США,1965,английский язык,фэнтези
http://www.wikidata.org/entity/Q388200,The Bloody Sun,Мэрион Зиммер Брэдли,Ace Books,США,1964,английский язык,научная фантастика
http://www.wikidata.org/entity/Q7773670,Наблюдатели,Говард Филлипс Лавкрафт,Arkham House,США,1974,английский язык,научная фантастика
http://www.wikidata.org/entity/Q1196643,Царь Каменных Врат,Дэвид Геммел,Random House,США,1985,британский вариант английского языка,фэнтези
http://www.wikidata.org/entity/Q79116528,Vă caută un taur,Sergiu Fărcășan,Editura Albatros,Румыния,1970,,научная фантастика
http://www.wikidata.org/entity/Q5349021,Eight Tales,"Де Ла Мар, Уолтер Джон",Arkham House,США,1971,английский язык,фэнтези
http://www.wikidata.org/entity/Q5664449,Harrigan's File,Август Дерлет,Arkham House,США,1975,английский язык,научная фантастика
http://www.wikidata.org/entity/Q7734677,The Folsom Flint and Other Curious Tales,Дэвид Генри Келлер,Arkham House,США,1969,английский язык,научная фантастика
http://www.wikidata.org/entity/Q7750514,The Mask of Cthulhu,Август Дерлет,Arkham House,США,1958,английский язык,фэнтези
http://www.wikidata.org/entity/Q7797861,Three Tales of Horror,Говард Филлипс Лавкрафт,Arkham House,США,1967,английский язык,научная фантастика
http://www.wikidata.org/entity/Q7728965,The Dark Man and Others,Роберт Ирвин Говард,Arkham House,США,1963,английский язык,фэнтези
http://www.wikidata.org/entity/Q6928703,Mr. George and Other Odd Persons,Август Дерлет,Arkham House,США,1963,английский язык,фэнтези
http://www.wikidata.org/entity/Q17060637,Other Dimensions,Кларк Эштон Смит,Arkham House,США,1970,английский язык,фэнтези
http://www.wikidata.org/entity/Q7758330,The Princess of All Lands,Расселл Керк,Arkham House,США,1979,английский язык,фэнтези
http://www.wikidata.org/entity/Q3706436,The Rim of the Unknown,Фрэнк Белнэп Лонг,Arkham House,США,1972,английский язык,научная фантастика
http://www.wikidata.org/entity/Q7733026,The Face in the Mirror,Denys Val Baker,Arkham House,США,1971,английский язык,фэнтези
http://www.wikidata.org/entity/Q7679352,Tales of Science and Sorcery,Кларк Эштон Смит,Arkham House,США,1964,английский язык,научная фантастика
http://www.wikidata.org/entity/Q3011896,Дагон и другие жуткие рассказы,Говард Филлипс Лавкрафт,Arkham House,США,1965,английский язык,фэнтези
http://www.wikidata.org/entity/Q5250357,Deep Waters,Уильям Ходжсон,Arkham House,США,1967,английский язык,фэнтези
http://www.wikidata.org/entity/Q6382485,Kecksies and Other Twilight Tales,Марджори Боуэн,Arkham House,США,1976,английский язык,фэнтези
http://www.wikidata.org/entity/Q7740320,The Horror in the Museum and Other Revisions,Говард Филлипс Лавкрафт,Arkham House,США,1970,английский язык,научная фантастика
http://www.wikidata.org/entity/Q7767552,The Survivor and Others,Август Дерлет,Arkham House,США,1957,английский язык,фэнтези
http://www.wikidata.org/entity/Q5306714,Dreams and Fancies,Говард Филлипс Лавкрафт,Arkham House,США,1962,английский язык,научная фантастика
http://www.wikidata.org/entity/Q7712132,Ужасы Йондо,Кларк Эштон Смит,Arkham House,США,1960,английский язык,фэнтези
http://www.wikidata.org/entity/Q467904,Марионетки мироздания,Филип Дик,Ace Books,США,1957,американский вариант английского языка,научная фантастика
http://www.wikidata.org/entity/Q7679294,Tales from the Nightside,Charles L. Grant,Arkham House,США,1981,английский язык,фэнтези
http://www.wikidata.org/entity/Q3347891,Q3347891,Pierre Barbet,Fleuve noir,Франция,1979,французский язык,научная фантастика
http://www.wikidata.org/entity/Q133843933,Q133843933,Жерар Клейн,Fleuve noir,Франция,1965,французский язык,научная фантастика
http://www.wikidata.org/entity/Q21893611,Q21893611,Серж Брюссоло,Fleuve noir,Франция,1983,французский язык,научная фантастика
http://www.wikidata.org/entity/Q7620046,Stories of Darkness and Dread,Joseph Payne Brennan,Arkham House,США,1973,английский язык,фэнтези
http://www.wikidata.org/entity/Q6692038,Lovecraft's Book,Ричард А Лупофф,Arkham House,США,1985,английский язык,научная фантастика
http://www.wikidata.org/entity/Q6985697,Necropolis,Бэзил Коппер,Arkham House,США,1980,английский язык,фэнтези
http://www.wikidata.org/entity/Q7836067,Travellers by Night,Август Дерлет,Arkham House,США,1964,английский язык,фэнтези
http://www.wikidata.org/entity/Q4887190,Под торфяниками,Брайан Ламли,Arkham House,США,1974,английский язык,фэнтези
http://www.wikidata.org/entity/Q7621403,Strange Harvest,Дональд Уондри,Arkham House,США,1965,английский язык,фэнтези
http://www.wikidata.org/entity/Q7758780,The Purcell Papers,"Ле Фаню, Шеридан",Arkham House,США,1975,английский язык,фэнтези
http://www.wikidata.org/entity/Q7740316,The Horror at Oakdeene and Others,Брайан Ламли,Arkham House,США,1977,английский язык,фэнтези
http://www.wikidata.org/entity/Q5223447,Dark Things,Август Дерлет,Arkham House,США,1971,английский язык,фэнтези
http://www.wikidata.org/entity/Q6012525,In the Mist and Other Uncanny Encounters,Elizabeth Walter,Arkham House,США,1979,английский язык,фэнтези
http://www.wikidata.org/entity/Q3011896,Дагон и другие жуткие рассказы,Говард Филлипс Лавкрафт,Arkham House,США,1965,английский язык,научная фантастика
http://www.wikidata.org/entity/Q5641803,Half in Shadow,Mary Elizabeth Counselman,Arkham House,США,1978,английский язык,фэнтези
http://www.wikidata.org/entity/Q7679263,Tales from Underwood,Дэвид Генри Келлер,Arkham House,США,1952,английский язык,фэнтези
http://www.wikidata.org/entity/Q470397,Четвёртый ледниковый период,Кобо Абэ,Коданся,Япония,1959,японский язык,научная фантастика
http://www.wikidata.org/entity/Q7622588,Strayers from Sheol,Герберт Расселл Уэйкфилд,Arkham House,США,1961,английский язык,фэнтези
http://www.wikidata.org/entity/Q7712132,Ужасы Йондо,Кларк Эштон Смит,Arkham House,США,1960,английский язык,научная фантастика
http://www.wikidata.org/entity/Q4921264,Черная медицина,Arthur J. Burks,Arkham House,США,1966,английский язык,фэнтези
http://www.wikidata.org/entity/Q7740690,The House of the Worm,Гари Майерс,Arkham House,США,1975,английский язык,фэнтези
http://www.wikidata.org/entity/Q7773670,Наблюдатели,Август Дерлет,Arkham House,США,1974,английский язык,фэнтези
http://www.wikidata.org/entity/Q7621403,Strange Harvest,Дональд Уондри,Arkham House,США,1965,английский язык,научная фантастика
http://www.wikidata.org/entity/Q2344912,Туман,Стивен Кинг,Viking Press,США,1980,английский язык,фэнтези
http://www.wikidata.org/entity/Q11449348,Utsunomiko,Кэисукэ Фудзикава,Kadokawa Shoten,Япония,1984,японский язык,фэнтези
http://www.wikidata.org/entity/Q3209114,Лотерея,Кристофер Прист,Faber and Faber,Великобритания,1981,английский язык,научная фантастика
http://www.wikidata.org/entity/Q828031,Воспламеняющая взглядом,Стивен Кинг,Viking Press,США,1980,английский язык,фэнтези
http://www.wikidata.org/entity/Q4920715,Black Easter,Джеймс Блиш,Faber and Faber,Великобритания,1968,английский язык,фэнтези
http://www.wikidata.org/entity/Q962348,Тихий уголок,Питер Бигл,Viking Press,США,1960,английский язык,фэнтези
http://www.wikidata.org/entity/Q2562154,Без остановки,Брайан Олдис,Faber and Faber,Великобритания,1958,английский язык,научная фантастика
http://www.wikidata.org/entity/Q1213656,Имею скафандр — готов путешествовать,Роберт Хайнлайн,Charles Scribner's Sons,США,1958,английский язык,научная фантастика
http://www.wikidata.org/entity/Q17112308,Last Letters from Hav,Ян Моррис,Random House,США,1985,английский язык,научная фантастика
http://www.wikidata.org/entity/Q5452874,First Contact?,Хью Уолтерс,Faber and Faber,Великобритания,1971,английский язык,научная фантастика
http://www.wikidata.org/entity/Q7730600,The Domes of Pico,Хью Уолтерс,Faber and Faber,Великобритания,1958,английский язык,научная фантастика
http://www.wikidata.org/entity/Q1198643,Пятая голова Цербера,Джин Вулф,Charles Scribner's Sons,США,1972,английский язык,научная фантастика
http://www.wikidata.org/entity/Q5327335,Всё созданное Землёй,Брайан Олдис,Faber and Faber,Великобритания,1965,английский язык,научная фантастика
http://www.wikidata.org/entity/Q6863847,Mindkiller,Спайдер Робинсон,Baen Books,США,1982,английский язык,научная фантастика
http://www.wikidata.org/entity/Q1198633,Футурологический конгресс,Станислав Лем,Schocken Books,США,1971,польский язык,научная фантастика
http://www.wikidata.org/entity/Q466790,Мёртвая зона,Стивен Кинг,Viking Press,США,1979,английский язык,научная фантастика
http://www.wikidata.org/entity/Q2344912,Туман,Стивен Кинг,Viking Press,США,1980,американский вариант английского языка,фэнтези
http://www.wikidata.org/entity/Q7719433,Добывайки на новом месте,Мэри Нортон,Viking Press,США,1982,английский язык,фэнтези
http://www.wikidata.org/entity/Q27881786,The Death of Dr. Island,Джин Вулф,Random House,США,1973,английский язык,научная фантастика
http://www.wikidata.org/entity/Q6984443,Nearly Neptune,Хью Уолтерс,Faber and Faber,Великобритания,1969,английский язык,научная фантастика
http://www.wikidata.org/entity/Q17984929,The Singing Stone,O. R. Melling,Viking Press,США,1984,английский язык,фэнтези
http://www.wikidata.org/entity/Q7142482,Passage to Pluto,Хью Уолтерс,Faber and Faber,Великобритания,1973,английский язык,научная фантастика
http://www.wikidata.org/entity/Q7761365,Космическое семейство Стоун,Роберт Хайнлайн,Charles Scribner's Sons,США,1952,английский язык,научная фантастика
http://www.wikidata.org/entity/Q7577598,Шелкопряд,Тимоти Зан,Baen Books,США,1985,английский язык,научная фантастика
http://www.wikidata.org/entity/Q7736580,The Girl in a Swing,Ричард Адамс,Viking Press,США,1980,английский язык,фэнтези
http://www.wikidata.org/entity/Q3210235,Машина пространства,Кристофер Прист,Faber and Faber,Великобритания,1976,британский вариант английского языка,научная фантастика
http://www.wikidata.org/entity/Q5314716,Летнее Солнцестояние / Брекен и Ребекка,Уильям Хорвуд,S&P Global,США,1980,английский язык,фэнтези
http://www.wikidata.org/entity/Q828031,Воспламеняющая взглядом,Стивен Кинг,Viking Press,США,1980,английский язык,научная фантастика
http://www.wikidata.org/entity/Q1132953,Книга черепов,Роберт Силверберг,Charles Scribner's Sons,США,1971,английский язык,научная фантастика
http://www.wikidata.org/entity/Q336056,"Девочка, покорившая время",Ясутака Цуцуи,Kadokawa Shoten,Япония,1965,японский язык,научная фантастика
http://www.wikidata.org/entity/Q107213370,За небесной рекой,Грег Бир,Random House,США,1980,английский язык,научная фантастика
http://www.wikidata.org/entity/Q2042566,Фермер в небе,Роберт Хайнлайн,Charles Scribner's Sons,США,1950,английский язык,научная фантастика
http://www.wikidata.org/entity/Q1212739,Степфордские жёны,Айра Левин,Random House,США,1972,английский язык,научная фантастика
http://www.wikidata.org/entity/Q271764,Повелитель мух,Уильям Голдинг,Faber and Faber,Великобритания,1954,английский язык,научная фантастика
http://www.wikidata.org/entity/Q4656592,Сны об Уэссексе,Кристофер Прист,Faber and Faber,Великобритания,1977,английский язык,научная фантастика
http://www.wikidata.org/entity/Q462454,Талисман,Стивен Кинг,Viking Press,США,1984,английский язык,фэнтези
http://www.wikidata.org/entity/Q2377008,Человек плюс,Фредерик Пол,Random House,США,1976,английский язык,научная фантастика
http://www.wikidata.org/entity/Q1784288,Человек-невидимка,Ральф Эллисон,Random House,США,1952,английский язык,научная фантастика
http://www.wikidata.org/entity/Q1784288,Человек-невидимка,Ральф Эллисон,Random House,США,1953,английский язык,научная фантастика
http://www.wikidata.org/entity/Q2666125,Время для звёзд,Роберт Хайнлайн,Charles Scribner's Sons,США,1956,английский язык,научная фантастика
http://www.wikidata.org/entity/Q7752172,The Moon in the Cloud,Розмари Харрис,Faber and Faber,Великобритания,1968,английский язык,фэнтези
http://www.wikidata.org/entity/Q11154413,The Long Result,Джон Браннер,Faber and Faber,Великобритания,1965,британский вариант английского языка,научная фантастика
http://www.wikidata.org/entity/Q17985968,The Blue Aura,Хью Уолтерс,Faber and Faber,Великобритания,1979,английский язык,научная фантастика
http://www.wikidata.org/entity/Q1138060,Страна смеха,Джонатан Кэрролл,Viking Press,США,1980,английский язык,фэнтези
http://www.wikidata.org/entity/Q374098,Атлант расправил плечи,Айн Рэнд,Random House,США,1957,английский язык,научная фантастика
http://www.wikidata.org/entity/Q4460565,Тоннель в небе,Роберт Хайнлайн,Charles Scribner's Sons,США,1955,английский язык,научная фантастика
http://www.wikidata.org/entity/Q5265142,Destination Mars,Хью Уолтерс,Faber and Faber,Великобритания,1963,английский язык,научная фантастика
http://www.wikidata.org/entity/Q15033360,Blast Off at Woomera,Хью Уолтерс,Faber and Faber,Великобритания,1957,английский язык,научная фантастика
http://www.wikidata.org/entity/Q649267,Механическое пианино,Курт Воннегут,Charles Scribner's Sons,США,1952,английский язык,научная фантастика
http://www.wikidata.org/entity/Q3241031,Limbo,Bernard Wolfe,Random House,США,1952,американский вариант английского языка,научная фантастика
http://www.wikidata.org/entity/Q755441,Воришка Мартин,Уильям Голдинг,Faber and Faber,Великобритания,1956,английский язык,фэнтези
http://www.wikidata.org/entity/Q1645333,Стеклянная башня,Роберт Силверберг,Charles Scribner's Sons,США,1970,английский язык,научная фантастика
http://www.wikidata.org/entity/Q2916242,Умирающий изнутри,Роберт Силверберг,Charles Scribner's Sons,США,1972,английский язык,научная фантастика
http://www.wikidata.org/entity/Q7822514,"Tony Hale, Space Detective",Хью Уолтерс,Faber and Faber,Великобритания,1973,английский язык,научная фантастика
http://www.wikidata.org/entity/Q7703876,Terror by Satellite,Хью Уолтерс,Faber and Faber,Великобритания,1964,английский язык,научная фантастика
http://www.wikidata.org/entity/Q7747544,The Listeners,Джеймс Ганн,Charles Scribner's Sons,США,1972,английский язык,научная фантастика
http://www.wikidata.org/entity/Q7754135,The Night of Kadar,Гарри Килуэрт,Faber and Faber,Великобритания,1978,английский язык,научная фантастика
http://www.wikidata.org/entity/Q7572729,Spaceship to Saturn,Хью Уолтерс,Faber and Faber,Великобритания,1967,английский язык,научная фантастика
http://www.wikidata.org/entity/Q1198633,Футурологический конгресс,Станислав Лем,Schocken Books,Государство Палестина,1971,польский язык,научная фантастика
http://www.wikidata.org/entity/Q3203833,The Man Who Folded Himself,Дэвид Герролд,Random House,США,1973,английский язык,научная фантастика
http://www.wikidata.org/entity/Q1138060,Страна смеха,Джонатан Кэрролл,Viking Press,США,1980,английский язык,научная фантастика
http://www.wikidata.org/entity/Q6878845,Mission to Mercury,Хью Уолтерс,Faber and Faber,Великобритания,1965,английский язык,научная фантастика
http://www.wikidata.org/entity/Q689071,Звёздный зверь,Роберт Хайнлайн,Charles Scribner's Sons,США,1954,английский язык,научная фантастика
http://www.wikidata.org/entity/Q15052491,Night of Power,Спайдер Робинсон,Baen Books,США,1985,английский язык,научная фантастика
http://www.wikidata.org/entity/Q3223617,Где-то во времени,Ричард Мэтисон,Viking Press,США,1975,английский язык,научная фантастика
http://www.wikidata.org/entity/Q5420922,Expedition Venus,Хью Уолтерс,Faber and Faber,Великобритания,1962,английский язык,научная фантастика
http://www.wikidata.org/entity/Q5507305,Фуга для темнеющего острова,Кристофер Прист,Faber and Faber,Великобритания,1972,английский язык,научная фантастика
http://www.wikidata.org/entity/Q7751950,The Moment of Eclipse,Брайан Олдис,Faber and Faber,Великобритания,1970,английский язык,научная фантастика
http://www.wikidata.org/entity/Q471926,Глаза дракона,Стивен Кинг,Viking Press,США,1984,английский язык,фэнтези
http://www.wikidata.org/entity/Q7770821,The Twelve and the Genii,Pauline Clarke,Faber and Faber,Великобритания,1962,английский язык,фэнтези
http://www.wikidata.org/entity/Q6938117,Murder on Mars,Хью Уолтерс,Faber and Faber,Великобритания,1975,английский язык,научная фантастика
http://www.wikidata.org/entity/Q6353404,Kalki,Гор Видал,Random House,США,1978,английский язык,научная фантастика
http://www.wikidata.org/entity/Q6735205,Maia,Ричард Адамс,Viking Press,США,1984,английский язык,фэнтези
http://www.wikidata.org/entity/Q1198633,Футурологический конгресс,Станислав Лем,Schocken Books,Израиль,1971,польский язык,научная фантастика
http://www.wikidata.org/entity/Q764123,Гражданин Галактики,Роберт Хайнлайн,Charles Scribner's Sons,США,1957,английский язык,научная фантастика
http://www.wikidata.org/entity/Q7994680,White Fang Goes Dingo,Томас М. Диш,Random House,США,1971,английский язык,научная фантастика
http://www.wikidata.org/entity/Q4749742,An Age,Брайан Олдис,Faber and Faber,Великобритания,1967,английский язык,научная фантастика
http://www.wikidata.org/entity/Q2188666,Этот идеальный день,Айра Левин,Random House,США,1970,английский язык,научная фантастика
http://www.wikidata.org/entity/Q3791386,Космические вампиры,Колин Уилсон,Random House,США,1976,английский язык,научная фантастика
http://www.wikidata.org/entity/Q319181,Abenteuer in der Vollmondnacht,"Фон Кочиан, Йоханна",Blanvalet,Германия,1977,немецкий язык,научная фантастика
http://www.wikidata.org/entity/Q4899922,Beyond Apollo,Barry N. Malzberg,Random House,США,1972,английский язык,научная фантастика
http://www.wikidata.org/entity/Q7647159,Survival!,Гордон Диксон,Baen Books,США,1984,английский язык,научная фантастика
http://www.wikidata.org/entity/Q462454,Талисман,Питер Страуб,Viking Press,США,1984,английский язык,фэнтези
http://www.wikidata.org/entity/Q7062211,Не в этом августе,Сирил Корнблат,Doubleday,США,1955,английский язык,научная фантастика
http://www.wikidata.org/entity/Q7301353,Realms of Wizardry,Лин Картер,Doubleday,США,1976,английский язык,фэнтези
http://www.wikidata.org/entity/Q7727765,The Counterfeit Man,Alan E. Nourse,Scholastic Corporation,США,1963,английский язык,научная фантастика
http://www.wikidata.org/entity/Q16385779,The Garments of Caean,Баррингтон Джон Бейли,Doubleday,США,1976,английский язык,научная фантастика
http://www.wikidata.org/entity/Q6679147,Lord Darcy,Randall Garrett,Doubleday,США,1983,английский язык,фэнтези
http://www.wikidata.org/entity/Q3883945,Операция «Хаос»,Пол Уильям Андерсон,Doubleday,США,1971,английский язык,фэнтези
http://www.wikidata.org/entity/Q108208347,Q108208347,Erwin Wickert,Deutsche Verlags-Anstalt,Германия,1985,,научная фантастика
http://www.wikidata.org/entity/Q8026488,Wintermind,Парк Годвин,Doubleday,США,1982,английский язык,научная фантастика
http://www.wikidata.org/entity/Q6410642,Kindred,Октавия Батлер,Doubleday,США,1979,английский язык,фэнтези
http://www.wikidata.org/entity/Q2657600,Владения Хаоса,Роджер Желязны,Doubleday,США,1978,английский язык,фэнтези
http://www.wikidata.org/entity/Q2996611,Ружья Авалона,Роджер Желязны,Doubleday,США,1972,английский язык,фэнтези
http://www.wikidata.org/entity/Q2258634,Долина Тьмы,Раймонд Фэйст,Doubleday,США,1985,английский язык,фэнтези
http://www.wikidata.org/entity/Q85769854,Невидимая Смерть,Лин Картер,Doubleday,США,1975,английский язык,научная фантастика
http://www.wikidata.org/entity/Q7727089,The Compleat Enchanter,Флетчер Прэтт,Doubleday,США,1975,английский язык,фэнтези
http://www.wikidata.org/entity/Q16271791,Вся плоть — трава,Клиффорд Дональд Саймак,Doubleday,США,1965,английский язык,научная фантастика
http://www.wikidata.org/entity/Q24255694,A Mile Beyond the Moon,Сирил Корнблат,Doubleday,США,1958,английский язык,научная фантастика
http://www.wikidata.org/entity/Q16386285,In Iron Years,Гордон Диксон,Doubleday,США,1980,английский язык,научная фантастика
http://www.wikidata.org/entity/Q85808804,Вулканический Великан,Лин Картер,Doubleday,США,1976,английский язык,научная фантастика
http://www.wikidata.org/entity/Q124802323,Beautiful star,Юкио Мисима,Синтёся,Япония,1962,японский язык,научная фантастика
http://www.wikidata.org/entity/Q5531532,Gene Wolfe's Book of Days,Джин Вулф,Doubleday,США,1981,английский язык,фэнтези
http://www.wikidata.org/entity/Q3110346,Magician: Apprentice,Раймонд Фэйст,Doubleday,США,1982,английский язык,фэнтези
http://www.wikidata.org/entity/Q11835096,Рождённый с мертвецами,Роберт Силверберг,Doubleday,США,1974,английский язык,научная фантастика
http://www.wikidata.org/entity/Q7717092,The Best of L. Sprague de Camp,Лайон Спрэг де Камп,Doubleday,США,1978,английский язык,фэнтези
http://www.wikidata.org/entity/Q7727089,The Compleat Enchanter,Лайон Спрэг де Камп,Doubleday,США,1975,английский язык,фэнтези
http://www.wikidata.org/entity/Q2657392,Рука Оберона,Роджер Желязны,Doubleday,США,1976,английский язык,фэнтези
http://www.wikidata.org/entity/Q7961547,"Waldo & Magic, Inc.",Роберт Хайнлайн,Doubleday,США,1950,английский язык,научная фантастика
http://www.wikidata.org/entity/Q8026488,Wintermind,Марвин Кэй,Doubleday,США,1982,английский язык,научная фантастика
http://www.wikidata.org/entity/Q39055728,Долина Вечности,Лин Картер,Doubleday,США,1974,английский язык,фэнтези
http://www.wikidata.org/entity/Q2492950,Девять принцев Амбера,Роджер Желязны,Doubleday,США,1970,чешский язык,фэнтези
http://www.wikidata.org/entity/Q11625352,Kyokō Sendan,Ясутака Цуцуи,Синтёся,Япония,1984,японский язык,научная фантастика
http://www.wikidata.org/entity/Q8000801,Wild Seed,Октавия Батлер,Doubleday,США,1980,английский язык,фэнтези
http://www.wikidata.org/entity/Q85807974,Принц Заркон,Лин Картер,Doubleday,США,1975,английский язык,научная фантастика
http://www.wikidata.org/entity/Q149552,Противостояние,Стивен Кинг,Doubleday,США,1978,английский язык,фэнтези
http://www.wikidata.org/entity/Q7729148,День после Светопреставления,Джеймс Блиш,Doubleday,США,1971,английский язык,фэнтези
http://www.wikidata.org/entity/Q7991088,What Dreams May Come,Мэнли Уэйд Веллман,Doubleday,США,1983,английский язык,фэнтези
http://www.wikidata.org/entity/Q17065596,Зачем звать их обратно с небес?,Клиффорд Дональд Саймак,Doubleday,США,1967,английский язык,научная фантастика
http://www.wikidata.org/entity/Q11290271,Oedipus no Koibito,Ясутака Цуцуи,Синтёся,Япония,1977,японский язык,научная фантастика
http://www.wikidata.org/entity/Q16386529,Колдун Келлори,Лин Картер,Doubleday,США,1984,английский язык,фэнтези
http://www.wikidata.org/entity/Q10855054,Kazoku Hakkei,Ясутака Цуцуи,Синтёся,Япония,1972,японский язык,научная фантастика
http://www.wikidata.org/entity/Q23307385,Galactic Sibyl Sue Blue,Rosel George Brown,Doubleday,США,1966,английский язык,научная фантастика
http://www.wikidata.org/entity/Q918052,Марсианские хроники,Рэй Брэдбери,Doubleday,США,1950,английский язык,фэнтези
http://www.wikidata.org/entity/Q7572327,Космические демоны,Джиллиан Рубинштейн,Scholastic Corporation,США,1985,английский язык,научная фантастика
http://www.wikidata.org/entity/Q2492950,Девять принцев Амбера,Роджер Желязны,Doubleday,США,1970,английский язык,фэнтези
http://www.wikidata.org/entity/Q8000801,Wild Seed,Октавия Батлер,Doubleday,США,1980,английский язык,научная фантастика
http://www.wikidata.org/entity/Q630341,Три сердца и три льва,Пол Уильям Андерсон,Doubleday,США,1961,английский язык,фэнтези
http://www.wikidata.org/entity/Q1448428,Дракон и Джордж,Гордон Диксон,Doubleday,США,1976,английский язык,фэнтези
http://www.wikidata.org/entity/Q734976,Князь Света,Роджер Желязны,Doubleday,США,1967,английский язык,фэнтези
http://www.wikidata.org/entity/Q85807026,Землекрушитель,Лин Картер,Doubleday,США,1982,английский язык,научная фантастика
http://www.wikidata.org/entity/Q1810196,Вино из одуванчиков,Рэй Брэдбери,Doubleday,США,1957,английский язык,фэнтези
http://www.wikidata.org/entity/Q15033456,One in Three Hundred,J. T. McIntosh,Doubleday,США,1953,английский язык,научная фантастика
http://www.wikidata.org/entity/Q15032745,Тарзан жив: Подлинная биография лорда Грейстока,Филип Хосе Фармер,Doubleday,США,1972,английский язык,фэнтези
http://www.wikidata.org/entity/Q2996937,Знак Единорога,Роджер Желязны,Doubleday,США,1975,английский язык,фэнтези
http://www.wikidata.org/entity/Q5216161,Danger—Human,Гордон Диксон,Doubleday,США,1970,английский язык,научная фантастика
http://www.wikidata.org/entity/Q2252893,Другое про роботов,Айзек Азимов,Doubleday,США,1964,английский язык,научная фантастика
http://www.wikidata.org/entity/Q2255773,Ветры перемен,Айзек Азимов,Doubleday,США,1983,американский вариант английского языка,научная фантастика
http://www.wikidata.org/entity/Q7807819,Tin Woodman,Дэвид Бишоф,Doubleday,США,1979,английский язык,научная фантастика
http://www.wikidata.org/entity/Q5227661,Умереть в Италбаре,Роджер Желязны,Doubleday,США,1973,английский язык,научная фантастика
http://www.wikidata.org/entity/Q7820227,"Tomorrow, the Stars",Роберт Хайнлайн,Doubleday,США,1952,английский язык,научная фантастика
http://www.wikidata.org/entity/Q7811008,Жить снова,Роберт Силверберг,Doubleday,США,1969,английский язык,научная фантастика
http://www.wikidata.org/entity/Q4400679,Кукловоды,Роберт Хайнлайн,Doubleday,США,1951,английский язык,научная фантастика
http://www.wikidata.org/entity/Q4400679,Кукловоды,Роберт Хайнлайн,Doubleday,США,1954,английский язык,научная фантастика
http://www.wikidata.org/entity/Q1756055,Человек в картинках,Рэй Брэдбери,Doubleday,США,1951,английский язык,научная фантастика
http://www.wikidata.org/entity/Q2398251,Двухсотлетний человек,Айзек Азимов,Doubleday,США,1976,английский язык,научная фантастика
http://www.wikidata.org/entity/Q5226593,Фантастическая сага,Гарри Гаррисон,Doubleday,США,1967,английский язык,научная фантастика
http://www.wikidata.org/entity/Q2491758,Время перемен,Роберт Силверберг,Doubleday,США,1971,английский язык,научная фантастика
http://www.wikidata.org/entity/Q7762970,The Second Trip,Роберт Силверберг,Doubleday,США,1972,английский язык,научная фантастика
http://www.wikidata.org/entity/Q7750628,The Masters of Solitude,Марвин Кэй,Doubleday,США,1978,английский язык,научная фантастика
http://www.wikidata.org/entity/Q7805253,Time and Stars,Пол Уильям Андерсон,Doubleday,США,1964,английский язык,научная фантастика
http://www.wikidata.org/entity/Q6410642,Kindred,Октавия Батлер,Doubleday,США,1979,английский язык,научная фантастика
http://www.wikidata.org/entity/Q4400679,Кукловоды,Роберт Хайнлайн,Doubleday,США,1951,американский вариант английского языка,научная фантастика
http://www.wikidata.org/entity/Q4400679,Кукловоды,Роберт Хайнлайн,Doubleday,США,1954,американский вариант английского языка,научная фантастика
http://www.wikidata.org/entity/Q1769466,Экспедиция «Тяготение»,Хол Клемент,Doubleday,США,1953,английский язык,научная фантастика
http://www.wikidata.org/entity/Q1769466,Экспедиция «Тяготение»,Хол Клемент,Doubleday,США,1971,английский язык,научная фантастика
http://www.wikidata.org/entity/Q1616068,Путь марсиан,Айзек Азимов,Doubleday,США,1955,английский язык,научная фантастика
http://www.wikidata.org/entity/Q7674126,Тактика ошибок,Гордон Диксон,Doubleday,США,1971,английский язык,научная фантастика
http://www.wikidata.org/entity/Q2277195,Ранний Азимов,Айзек Азимов,Doubleday,США,1972,английский язык,научная фантастика
http://www.wikidata.org/entity/Q6906797,Памятник,Ллойд Биггл-младший,Doubleday,США,1971,английский язык,научная фантастика
http://www.wikidata.org/entity/Q6906797,Памятник,Ллойд Биггл-младший,Doubleday,США,1974,английский язык,научная фантастика
http://www.wikidata.org/entity/Q7760086,The Reincarnation of Peter Proud,Макс Эрлих,Doubleday,США,1973,английский язык,научная фантастика
http://www.wikidata.org/entity/Q7721873,Устройство с Центавра,M. John Harrison,Doubleday,США,1974,английский язык,научная фантастика
http://www.wikidata.org/entity/Q7359532,Королева изгоев,Лайон Спрэг де Камп,Doubleday,США,1951,английский язык,научная фантастика
http://www.wikidata.org/entity/Q7856018,Turning On,Деймон Найт,Doubleday,США,1966,английский язык,научная фантастика
http://www.wikidata.org/entity/Q6986574,Игла,Хол Клемент,Doubleday,США,1950,английский язык,научная фантастика
http://www.wikidata.org/entity/Q7737756,Великий фетиш,Лайон Спрэг де Камп,Doubleday,США,1978,английский язык,научная фантастика
http://www.wikidata.org/entity/Q5531532,Gene Wolfe's Book of Days,Джин Вулф,Doubleday,США,1981,английский язык,научная фантастика
http://www.wikidata.org/entity/Q7762563,"The Science Fiction Hall of Fame, Volume One",Роберт Силверберг,Doubleday,США,1970,английский язык,научная фантастика
http://www.wikidata.org/entity/Q2550259,Девять завтра,Айзек Азимов,Doubleday,США,1959,английский язык,научная фантастика
http://www.wikidata.org/entity/Q7717092,The Best of L. Sprague de Camp,Лайон Спрэг де Камп,Doubleday,США,1978,английский язык,научная фантастика
http://www.wikidata.org/entity/Q2560269,Крестовый поход в небеса,Пол Уильям Андерсон,Doubleday,США,1960,английский язык,научная фантастика
http://www.wikidata.org/entity/Q1416458,Всем стоять на Занзибаре,Джон Браннер,Doubleday,США,1968,английский язык,научная фантастика
http://www.wikidata.org/entity/Q4426799,"Создания света, Создания тьмы",Роджер Желязны,Doubleday,США,1969,английский язык,научная фантастика
http://www.wikidata.org/entity/Q7748273,Долгое завтра,Ли Брэкетт,Doubleday,США,1955,английский язык,научная фантастика
http://www.wikidata.org/entity/Q7765377,The Soul of the Robot,Баррингтон Джон Бейли,Doubleday,США,1974,английский язык,научная фантастика
http://www.wikidata.org/entity/Q7647264,Survivor,Октавия Батлер,Doubleday,США,1978,английский язык,научная фантастика
http://www.wikidata.org/entity/Q7737069,"Золотой змей, Серебряный ветер",Рэй Брэдбери,Doubleday,США,1953,,научная фантастика
http://www.wikidata.org/entity/Q7760134,"The Remarkable Exploits of Lancelot Biggs, Spaceman",Nelson S. Bond,Doubleday,США,1950,английский язык,научная фантастика
http://www.wikidata.org/entity/Q4900077,Запредел,Деймон Найт,Doubleday,США,1964,английский язык,научная фантастика
http://www.wikidata.org/entity/Q5004615,Byte Beautiful: Eight Science Fiction Stories,Джеймс Типтри-младший,Doubleday,США,1985,английский язык,научная фантастика
http://www.wikidata.org/entity/Q7542734,Small Changes,Хол Клемент,Doubleday,США,1969,английский язык,научная фантастика
http://www.wikidata.org/entity/Q7750628,The Masters of Solitude,Парк Годвин,Doubleday,США,1978,английский язык,научная фантастика
http://www.wikidata.org/entity/Q7751169,The Metallic Muse,Ллойд Биггл-младший,Doubleday,США,1972,английский язык,научная фантастика
http://www.wikidata.org/entity/Q5977636,I Hope I Shall Arrive Soon,Филип Дик,Doubleday,США,1985,американский вариант английского языка,научная фантастика
http://www.wikidata.org/entity/Q617357,Убик,Филип Дик,Doubleday,США,1969,американский вариант английского языка,научная фантастика
http://www.wikidata.org/entity/Q945382,Двойник,Роберт Хайнлайн,Doubleday,США,1956,английский язык,научная фантастика
http://www.wikidata.org/entity/Q3535592,Слишком много волшебников,Randall Garrett,Doubleday,США,1966,английский язык,научная фантастика
http://www.wikidata.org/entity/Q1218454,Золотые яблоки солнца,Рэй Брэдбери,Doubleday,США,1953,английский язык,научная фантастика
http://www.wikidata.org/entity/Q2996937,Знак Единорога,Роджер Желязны,Doubleday,США,1975,английский язык,научная фантастика
http://www.wikidata.org/entity/Q7332642,Riders of the Purple Wage,Филип Хосе Фармер,Doubleday,США,1967,английский язык,научная фантастика
http://www.wikidata.org/entity/Q382862,Камешек в небе,Айзек Азимов,Doubleday,США,1950,английский язык,научная фантастика
http://www.wikidata.org/entity/Q1198489,Помутнение,Филип Дик,Doubleday,США,1977,американский вариант английского языка,научная фантастика
http://www.wikidata.org/entity/Q3883945,Операция «Хаос»,Пол Уильям Андерсон,Doubleday,США,1971,английский язык,научная фантастика
http://www.wikidata.org/entity/Q5300044,Double in Space,Флетчер Прэтт,Doubleday,США,1951,английский язык,научная фантастика
http://www.wikidata.org/entity/Q469862,Обнажённое солнце,Айзек Азимов,Doubleday,США,1957,английский язык,научная фантастика
http://www.wikidata.org/entity/Q3818271,Канун всех святых,Рэй Брэдбери,Alfred A. Knopf,США,1972,английский язык,фэнтези
http://www.wikidata.org/entity/Q901356,Подвиньтесь! Подвиньтесь!,Гарри Гаррисон,Doubleday,США,1966,английский язык,научная фантастика
http://www.wikidata.org/entity/Q3878230,Синдик,Сирил Корнблат,Doubleday,США,1953,английский язык,научная фантастика
http://www.wikidata.org/entity/Q786615,Космические течения,Айзек Азимов,Doubleday,США,1952,английский язык,научная фантастика
http://www.wikidata.org/entity/Q1032182,Что может быть проще времени?,Клиффорд Дональд Саймак,Doubleday,США,1961,английский язык,научная фантастика
http://www.wikidata.org/entity/Q2996611,Ружья Авалона,Роджер Желязны,Doubleday,США,1972,английский язык,научная фантастика
http://www.wikidata.org/entity/Q5377731,Engine Summer,Джон Краули,Doubleday,США,1979,английский язык,научная фантастика
http://www.wikidata.org/entity/Q1081119,На Земле достаточно места,Айзек Азимов,Doubleday,США,1957,английский язык,научная фантастика
http://www.wikidata.org/entity/Q4313991,Настанет время,Пол Уильям Андерсон,Doubleday,США,1972,английский язык,научная фантастика
http://www.wikidata.org/entity/Q1239229,Огненная пора,Пол Уильям Андерсон,Doubleday,США,1974,английский язык,научная фантастика
http://www.wikidata.org/entity/Q2571696,The Nonexistent Knight,Итало Кальвино,Giulio Einaudi editions,Италия,1959,итальянский язык,фэнтези
http://www.wikidata.org/entity/Q3839002,Лакки Старр и луны Юпитера,Айзек Азимов,Doubleday,США,1954,английский язык,научная фантастика
http://www.wikidata.org/entity/Q3839001,Лакки Старр и кольца Сатурна,Айзек Азимов,Doubleday,США,1958,английский язык,научная фантастика
http://www.wikidata.org/entity/Q1212160,Радуга тяготения,Томас Пинчон,Penguin Books,Великобритания,1973,английский язык,научная фантастика
http://www.wikidata.org/entity/Q5899671,Hope for the Flowers,Trina Paulus,Paulist Fathers,США,1972,английский язык,научная фантастика
http://www.wikidata.org/entity/Q785014,Лакки Старр и пираты астероидов,Айзек Азимов,Doubleday,США,1953,английский язык,научная фантастика
http://www.wikidata.org/entity/Q7770040,The Treasure of Alpheus Winterborn,Джон Беллэрс,Penguin Books,Великобритания,1978,английский язык,фэнтези
http://www.wikidata.org/entity/Q389380,Раздвоенный виконт,Итало Кальвино,Giulio Einaudi editions,Италия,1952,итальянский язык,фэнтези
http://www.wikidata.org/entity/Q1545663,Грендель,Джон Гарднер,Alfred A. Knopf,США,1971,английский язык,фэнтези
http://www.wikidata.org/entity/Q427331,Дверь в лето,Роберт Хайнлайн,Doubleday,США,1956,английский язык,научная фантастика
http://www.wikidata.org/entity/Q7736580,The Girl in a Swing,Ричард Адамс,Alfred A. Knopf,США,1980,английский язык,фэнтези
http://www.wikidata.org/entity/Q7776618,The Year the Yankees Lost the Pennant,Douglass Wallop,W. W. Norton & Company,США,1954,английский язык,фэнтези
http://www.wikidata.org/entity/Q5287115,Doc Savage: His Apocalyptic Life,Филип Хосе Фармер,Doubleday,США,1973,английский язык,научная фантастика
http://www.wikidata.org/entity/Q666538,Лакки Старр и океаны Венеры,Айзек Азимов,Doubleday,США,1954,английский язык,научная фантастика
http://www.wikidata.org/entity/Q427110,Пересадочная станция,Клиффорд Дональд Саймак,Doubleday,США,1963,английский язык,научная фантастика
http://www.wikidata.org/entity/Q482085,Стальные пещеры,Айзек Азимов,Doubleday,США,1954,английский язык,научная фантастика
http://www.wikidata.org/entity/Q874492,"Пролейтесь, слёзы...",Филип Дик,Doubleday,США,1974,английский язык,научная фантастика
http://www.wikidata.org/entity/Q466196,Конец Вечности,Айзек Азимов,Doubleday,США,1955,английский язык,научная фантастика
http://www.wikidata.org/entity/Q149552,Противостояние,Стивен Кинг,Doubleday,США,1978,английский язык,научная фантастика
http://www.wikidata.org/entity/Q728140,"Дэвид Старр, космический рейнджер",Айзек Азимов,Doubleday,США,1952,английский язык,научная фантастика
http://www.wikidata.org/entity/Q923895,Совершенный робот,Айзек Азимов,Doubleday,США,1982,английский язык,научная фантастика
http://www.wikidata.org/entity/Q3345309,Нова,Сэмюэль Дилэни,Doubleday,США,1968,английский язык,научная фантастика
http://www.wikidata.org/entity/Q3400534,Корабль-бродяга,Альфред ван Вогт,Doubleday,США,1965,английский язык,научная фантастика
http://www.wikidata.org/entity/Q3232247,Лагерь «Хауксбиль»,Роберт Силверберг,Doubleday,США,1968,английский язык,научная фантастика
http://www.wikidata.org/entity/Q5299834,Double Jeopardy,Флетчер Прэтт,Doubleday,США,1952,английский язык,научная фантастика
http://www.wikidata.org/entity/Q3234927,"Вниз, в землю",Роберт Силверберг,Doubleday,США,1969,английский язык,научная фантастика
http://www.wikidata.org/entity/Q464691,Звёзды как пыль,Айзек Азимов,Doubleday,США,1951,английский язык,научная фантастика
http://www.wikidata.org/entity/Q3204463,Mockingbird,Уолтер Тевис,Doubleday,США,1980,английский язык,научная фантастика
http://www.wikidata.org/entity/Q1083082,The Atrocity Exhibition,Джеймс Баллард,Doubleday,США,1970,английский язык,научная фантастика
http://www.wikidata.org/entity/Q5433657,Fancies and Goodnights,Джон Кольер,Doubleday,США,1951,английский язык,научная фантастика
http://www.wikidata.org/entity/Q389750,Сами боги,Айзек Азимов,Doubleday,США,1972,английский язык,научная фантастика
http://www.wikidata.org/entity/Q7278196,R Is for Rocket,Рэй Брэдбери,Doubleday,США,1962,английский язык,научная фантастика
http://www.wikidata.org/entity/Q734976,Князь Света,Роджер Желязны,Doubleday,США,1967,английский язык,научная фантастика
http://www.wikidata.org/entity/Q964451,"Нет врага, кроме времени",Майкл Бишоп,Simon & Schuster,США,1982,английский язык,научная фантастика
http://www.wikidata.org/entity/Q23307436,6 Great Short Novels of Science Fiction,Роберт Хайнлайн,Dell Publishing,США,1954,английский язык,научная фантастика
http://www.wikidata.org/entity/Q1138582,Трансмиграция Тимоти Арчера,Филип Дик,Simon & Schuster,США,1982,американский вариант английского языка,научная фантастика
http://www.wikidata.org/entity/Q109426319,Q109426319,Сэйтё Мацумото,Kobunsha,Япония,1963,японский язык,научная фантастика
http://www.wikidata.org/entity/Q3966488,Чародей с гитарой,Алан Дин Фостер,Hachette Book Group,США,1983,английский язык,фэнтези
http://www.wikidata.org/entity/Q15033906,Безумная императрица Каллисто,Лин Картер,Dell Publishing,США,1975,английский язык,фэнтези
http://www.wikidata.org/entity/Q7756341,В плену пертурбаций,Алан Дин Фостер,Hachette Book Group,США,1985,английский язык,фэнтези
http://www.wikidata.org/entity/Q2779707,Путешествие «Космической гончей»,Альфред ван Вогт,Simon & Schuster,США,1950,английский язык,научная фантастика
http://www.wikidata.org/entity/Q7763309,Сентиментальные агенты в Империи Волиен,Дорис Лессинг,Alfred A. Knopf,США,1983,английский язык,научная фантастика
http://www.wikidata.org/entity/Q4921170,Чёрный Легион Каллисто,Лин Картер,Dell Publishing,США,1972,английский язык,фэнтези
http://www.wikidata.org/entity/Q776177,Пожиратели мёртвых,Майкл Крайтон,Alfred A. Knopf,США,1976,английский язык,фэнтези
http://www.wikidata.org/entity/Q23307436,6 Great Short Novels of Science Fiction,Теодор Старджон,Dell Publishing,США,1954,английский язык,научная фантастика
http://www.wikidata.org/entity/Q7714277,Шум Армагеддона,Джордж Р. Р. Мартин,Simon & Schuster,США,1983,американский вариант английского языка,научная фантастика
http://www.wikidata.org/entity/Q7537459,Небесные пираты Каллисто,Лин Картер,Dell Publishing,США,1973,английский язык,фэнтези
http://www.wikidata.org/entity/Q7711755,The 13 Clocks,Джеймс Тёрбер,Simon & Schuster,США,1950,английский язык,фэнтези
http://www.wikidata.org/entity/Q4337552,Большое ограбление поезда,Майкл Крайтон,Alfred A. Knopf,США,1975,английский язык,научная фантастика
http://www.wikidata.org/entity/Q7269157,Quark/4,Marilyn Hacker,Hachette Book Group,США,1971,английский язык,научная фантастика
http://www.wikidata.org/entity/Q4676501,По морю солнц,Грегори Бенфорд,Simon & Schuster,США,1984,английский язык,научная фантастика
http://www.wikidata.org/entity/Q605697,Туманы Авалона,Мэрион Зиммер Брэдли,Alfred A. Knopf,США,1983,английский язык,фэнтези
http://www.wikidata.org/entity/Q7759325,The Rainbow Cadenza,Дж. Нейл Шульман,Simon & Schuster,США,1983,английский язык,научная фантастика
http://www.wikidata.org/entity/Q2257964,Человек-компьютер,Майкл Крайтон,Alfred A. Knopf,США,1972,английский язык,научная фантастика
http://www.wikidata.org/entity/Q3233624,The Machineries of Joy,Рэй Брэдбери,Simon & Schuster,США,1964,английский язык,научная фантастика
http://www.wikidata.org/entity/Q2527126,Галапагосы,Курт Воннегут,Dell Publishing,США,1985,английский язык,научная фантастика
http://www.wikidata.org/entity/Q3209610,Коготь миротворца,Джин Вулф,Simon & Schuster,США,1981,английский язык,фэнтези
http://www.wikidata.org/entity/Q8053990,Илана с Калисто,Лин Картер,Dell Publishing,США,1977,английский язык,фэнтези
http://www.wikidata.org/entity/Q23307436,6 Great Short Novels of Science Fiction,Мюррей Лейнстер,Dell Publishing,США,1954,английский язык,научная фантастика
http://www.wikidata.org/entity/Q1190888,Мошка в зенице Господней,Ларри Нивен,Simon & Schuster,США,1974,английский язык,научная фантастика
http://www.wikidata.org/entity/Q17008120,Канонир Кейд,Judith Merril,Simon & Schuster,США,1952,английский язык,научная фантастика
http://www.wikidata.org/entity/Q7997242,Who Goes There? and Other Stories,Джон Вуд Кэмпбелл,Dell Publishing,США,1955,английский язык,научная фантастика
http://www.wikidata.org/entity/Q7194137,Pillar of Fire and Other Plays,Рэй Брэдбери,Simon & Schuster,США,1975,английский язык,фэнтези
http://www.wikidata.org/entity/Q23307436,6 Great Short Novels of Science Fiction,Энтони Бучер,Dell Publishing,США,1954,английский язык,научная фантастика
http://www.wikidata.org/entity/Q5434595,Far Out,Деймон Найт,Simon & Schuster,США,1961,английский язык,научная фантастика
http://www.wikidata.org/entity/Q3363230,Courtship Rite,Дональд Кингсбери,Simon & Schuster,США,1982,английский язык,научная фантастика
http://www.wikidata.org/entity/Q21009589,Capricorn One,Рон Гуларт,A.W. Bruna Uitgevers,Нидерланды,1978,английский язык,научная фантастика
http://www.wikidata.org/entity/Q7751954,Момент волшебства,Алан Дин Фостер,Hachette Book Group,США,1984,английский язык,фэнтези
http://www.wikidata.org/entity/Q15033918,Колдуны Мозга Каллисто,Лин Картер,Dell Publishing,США,1975,английский язык,фэнтези
http://www.wikidata.org/entity/Q7770274,Кольцо тритона,Лайон Спрэг де Камп,Hachette Book Group,США,1968,английский язык,фэнтези
http://www.wikidata.org/entity/Q2894715,Панорама времён,Грегори Бенфорд,Simon & Schuster,США,1980,английский язык,научная фантастика
http://www.wikidata.org/entity/Q17027074,Saga of Old City,Гэри Гайгэкс,"TSR, Inc.",США,1985,английский язык,фэнтези
http://www.wikidata.org/entity/Q23307436,6 Great Short Novels of Science Fiction,Джеймс Блиш,Dell Publishing,США,1954,английский язык,научная фантастика
http://www.wikidata.org/entity/Q7732925,Глаз цапли,Урсула Крёбер Ле Гуин,Dell Publishing,США,1978,английский язык,научная фантастика
http://www.wikidata.org/entity/Q1189364,Всевышнее вторжение,Филип Дик,Simon & Schuster,США,1981,английский язык,научная фантастика
http://www.wikidata.org/entity/Q178688,"Мио, мой Мио",Астрид Линдгрен,Rabén & Sjögren,Швеция,1954,шведский язык,фэнтези
http://www.wikidata.org/entity/Q1125771,Конго,Майкл Крайтон,Alfred A. Knopf,США,1980,английский язык,научная фантастика
http://www.wikidata.org/entity/Q6273369,Сириус экспериментирует,Дорис Лессинг,Alfred A. Knopf,США,1980,английский язык,научная фантастика
http://www.wikidata.org/entity/Q7269157,Quark/4,Сэмюэль Дилэни,Hachette Book Group,США,1971,английский язык,научная фантастика
http://www.wikidata.org/entity/Q1144655,"Рони, дочь разбойника",Астрид Линдгрен,Rabén & Sjögren,Швеция,1981,шведский язык,фэнтези
http://www.wikidata.org/entity/Q5684866,Hawk of May,Gillian Bradshaw,Simon & Schuster,США,1980,английский язык,фэнтези
http://www.wikidata.org/entity/Q3209610,Коготь миротворца,Джин Вулф,Simon & Schuster,США,1981,английский язык,научная фантастика
http://www.wikidata.org/entity/Q7740485,Час ворот,Алан Дин Фостер,Hachette Book Group,США,1984,английский язык,фэнтези
http://www.wikidata.org/entity/Q3163406,О теле электрическом я пою,Рэй Брэдбери,Alfred A. Knopf,США,1969,английский язык,научная фантастика
http://www.wikidata.org/entity/Q7194137,Pillar of Fire and Other Plays,Рэй Брэдбери,Simon & Schuster,США,1975,английский язык,научная фантастика
http://www.wikidata.org/entity/Q26157223,Q26157223,Роберт Хайнлайн,Uitgeverij Unieboek | Het Spectrum b.v.,Нидерланды,1964,,научная фантастика
http://www.wikidata.org/entity/Q3549108,The Vampire Tapestry,Сюзи Макки Чарнас,Simon & Schuster,США,1980,английский язык,фэнтези
http://www.wikidata.org/entity/Q7269155,Quark/3,Marilyn Hacker,Hachette Book Group,США,1971,английский язык,научная фантастика
http://www.wikidata.org/entity/Q1189364,Всевышнее вторжение,Филип Дик,Simon & Schuster,США,1981,американский вариант английского языка,научная фантастика
http://www.wikidata.org/entity/Q7676200,Tainaron,Leena Krohn,Sanoma,Финляндия,1985,финский язык,научная фантастика
http://www.wikidata.org/entity/Q7354066,Rocheworld,Роберт Л. Форвард,Simon & Schuster,США,1984,американский вариант английского языка,научная фантастика
http://www.wikidata.org/entity/Q7737964,Машина времени шутит,Кит Лаумер,Simon & Schuster,США,1964,английский язык,научная фантастика
http://www.wikidata.org/entity/Q3335046,Someone Like You,Роальд Даль,Alfred A. Knopf,США,1953,английский язык,научная фантастика
http://www.wikidata.org/entity/Q2294155,Сирены Титана,Курт Воннегут,Dell Publishing,США,1959,английский язык,научная фантастика
http://www.wikidata.org/entity/Q1142693,Братья Львиное сердце,Астрид Линдгрен,Rabén & Sjögren,Швеция,1973,шведский язык,фэнтези
http://www.wikidata.org/entity/Q6411423,Космический корабль короля Давида,Джерри Пурнель,Simon & Schuster,США,1973,английский язык,научная фантастика
http://www.wikidata.org/entity/Q5684866,Hawk of May,Gillian Bradshaw,Simon & Schuster,США,1980,английский язык,научная фантастика
http://www.wikidata.org/entity/Q8030746,Woman on the Edge of Time,Мардж Пирси,Alfred A. Knopf,США,1976,английский язык,научная фантастика
http://www.wikidata.org/entity/Q1167442,Надвигается беда,Рэй Брэдбери,Simon & Schuster,США,1962,английский язык,фэнтези
http://www.wikidata.org/entity/Q1134830,Меж двух времён,Уолтер Брейден Финней,Simon & Schuster,США,1970,английский язык,научная фантастика
http://www.wikidata.org/entity/Q1150125,Пыточных дел мастер,Джин Вулф,Simon & Schuster,США,1980,английский язык,фэнтези
http://www.wikidata.org/entity/Q6713755,M33 in Andromeda,Альфред ван Вогт,Hachette Book Group,США,1971,английский язык,научная фантастика
http://www.wikidata.org/entity/Q7775666,The Wonderful O,Джеймс Тёрбер,Simon & Schuster,США,1957,английский язык,фэнтези
http://www.wikidata.org/entity/Q4630922,2150 AD,Thea Alexander,Hachette Book Group,США,1976,английский язык,научная фантастика
http://www.wikidata.org/entity/Q3818570,Кольцо вокруг Солнца,Клиффорд Дональд Саймак,Simon & Schuster,США,1953,английский язык,научная фантастика
http://www.wikidata.org/entity/Q7765146,Крепость Сол,Норман Спинрад,Hachette Book Group,США,1966,английский язык,научная фантастика
http://www.wikidata.org/entity/Q3549108,The Vampire Tapestry,Сюзи Макки Чарнас,Simon & Schuster,США,1980,американский вариант английского языка,фэнтези
http://www.wikidata.org/entity/Q7714277,Шум Армагеддона,Джордж Р. Р. Мартин,Simon & Schuster,США,1983,английский язык,фэнтези
http://www.wikidata.org/entity/Q17008120,Канонир Кейд,Сирил Корнблат,Simon & Schuster,США,1952,английский язык,научная фантастика
http://www.wikidata.org/entity/Q23307436,6 Great Short Novels of Science Fiction,Stuart Cloete,Dell Publishing,США,1954,английский язык,научная фантастика
http://www.wikidata.org/entity/Q1190888,Мошка в зенице Господней,Джерри Пурнель,Simon & Schuster,США,1974,английский язык,научная фантастика
http://www.wikidata.org/entity/Q17111847,Jirel of Joiry,Кэтрин Люсиль Мур,Hachette Book Group,США,1969,английский язык,фэнтези
http://www.wikidata.org/entity/Q7269155,Quark/3,Сэмюэль Дилэни,Hachette Book Group,США,1971,английский язык,научная фантастика
http://www.wikidata.org/entity/Q1723311,Поле боя — Земля,Лафайет Рональд Хаббард,Bridge Publications,США,1982,английский язык,научная фантастика
http://www.wikidata.org/entity/Q2901858,Далеко за полночь,Рэй Брэдбери,Alfred A. Knopf,США,1976,английский язык,научная фантастика
http://www.wikidata.org/entity/Q7771218,The Ultimate Solution,Eric Norden,Hachette Book Group,США,1973,английский язык,научная фантастика
http://www.wikidata.org/entity/Q24074233,Q24074233,Карл Амери,Heyne Verlag,Германия,1975,немецкий язык,научная фантастика
http://www.wikidata.org/entity/Q2673304,Where were you last Pluterday?,Paul van Herck,Meulenhoff,Нидерланды,1968,нидерландский язык,научная фантастика
http://www.wikidata.org/entity/Q1138582,Трансмиграция Тимоти Арчера,Филип Дик,Simon & Schuster,США,1982,английский язык,научная фантастика
http://www.wikidata.org/entity/Q2610089,Kiss Kiss,Роальд Даль,Alfred A. Knopf,США,1960,английский язык,фэнтези
http://www.wikidata.org/entity/Q1463723,Shikasta,Дорис Лессинг,Alfred A. Knopf,США,1979,английский язык,научная фантастика
http://www.wikidata.org/entity/Q1150125,Пыточных дел мастер,Джин Вулф,Simon & Schuster,США,1980,английский язык,научная фантастика
http://www.wikidata.org/entity/Q6150937,Джандар с Каллисто,Лин Картер,Dell Publishing,США,1972,английский язык,фэнтези
http://www.wikidata.org/entity/Q2077107,"Балаган, или Конец одиночеству!",Курт Воннегут,Dell Publishing,США,1976,английский язык,научная фантастика
http://www.wikidata.org/entity/Q7729211,День диссонанса,Алан Дин Фостер,Hachette Book Group,США,1984,английский язык,фэнтези
http://www.wikidata.org/entity/Q7714277,Шум Армагеддона,Джордж Р. Р. Мартин,Simon & Schuster,США,1983,американский вариант английского языка,фэнтези
http://www.wikidata.org/entity/Q7750420,"Браки между Зонами Три, Четыре и Пять",Дорис Лессинг,Alfred A. Knopf,США,1980,английский язык,научная фантастика
http://www.wikidata.org/entity/Q7732542,Вечный воитель,Майкл Муркок,Dell Publishing,США,1970,английский язык,фэнтези
http://www.wikidata.org/entity/Q7749734,Создание Представителя для Планеты Восемь,Дорис Лессинг,Alfred A. Knopf,США,1981,английский язык,научная фантастика
http://www.wikidata.org/entity/Q7749734,Создание Представителя для Планеты Восемь,Дорис Лессинг,Alfred A. Knopf,США,1982,английский язык,научная фантастика
http://www.wikidata.org/entity/Q7714277,Шум Армагеддона,Джордж Р. Р. Мартин,Simon & Schuster,США,1983,английский язык,научная фантастика
http://www.wikidata.org/entity/Q6487192,Ланкар с Каллисто,Лин Картер,Dell Publishing,США,1975,английский язык,фэнтези
http://www.wikidata.org/entity/Q224965,Гримус,Салман Рушди,Victor Gollancz,Великобритания,1975,английский язык,научная фантастика
http://www.wikidata.org/entity/Q7768486,The Terminal Beach,Джеймс Баллард,Victor Gollancz,Великобритания,1964,английский язык,научная фантастика
http://www.wikidata.org/entity/Q1403962,Рецидивист,Курт Воннегут,Dell Publishing,США,1979,английский язык,научная фантастика
http://www.wikidata.org/entity/Q7740102,The Homeward Bounders,Диана Уинн Джонс,Macmillan Publishers,Великобритания,1981,английский язык,фэнтези
http://www.wikidata.org/entity/Q3939312,Tik-Tok,John Sladek,Victor Gollancz,Великобритания,1983,английский язык,научная фантастика
http://www.wikidata.org/entity/Q7754764,The Ogre Downstairs,Диана Уинн Джонс,Macmillan Publishers,Великобритания,1974,английский язык,фэнтези
http://www.wikidata.org/entity/Q16385572,Eight Fantasms and Magics,Джек Вэнс,Macmillan Publishers,Великобритания,1969,английский язык,научная фантастика
http://www.wikidata.org/entity/Q9558899,Ведьмина неделя,Диана Уинн Джонс,Macmillan Publishers,Великобритания,1982,английский язык,фэнтези
http://www.wikidata.org/entity/Q5755158,High Couch of Silistra,Janet Morris,Bantam Books,США,1977,английский язык,фэнтези
http://www.wikidata.org/entity/Q3273588,Заколдованная жизнь,Диана Уинн Джонс,Macmillan Publishers,Великобритания,1977,английский язык,фэнтези
http://www.wikidata.org/entity/Q132778632,Temps blancs,Jean-Marc Ligny,Деноэль,Франция,1979,французский язык,научная фантастика
http://www.wikidata.org/entity/Q16386319,Непостоянная Луна,Ларри Нивен,Victor Gollancz,Великобритания,1971,английский язык,научная фантастика
http://www.wikidata.org/entity/Q16386319,Непостоянная Луна,Ларри Нивен,Victor Gollancz,Великобритания,1973,английский язык,научная фантастика
http://www.wikidata.org/entity/Q7770867,The Twilight of Briareus,"John Middleton Murry, Jr.",Victor Gollancz,Великобритания,1974,английский язык,научная фантастика
http://www.wikidata.org/entity/Q3234507,Песенный мастер,Орсон Скотт Кард,Dell Publishing,США,1980,английский язык,научная фантастика
http://www.wikidata.org/entity/Q1986393,Лунная пыль,Артур Чарльз Кларк,Victor Gollancz,Великобритания,1961,английский язык,научная фантастика
http://www.wikidata.org/entity/Q4154349,Далёкая Радуга,Борис Натанович Стругацкий,Мир,Россия,1963,русский язык,научная фантастика
http://www.wikidata.org/entity/Q7713882,Аноме,Джек Вэнс,Dell Publishing,США,1973,английский язык,научная фантастика
http://www.wikidata.org/entity/Q284839,Гадкие лебеди,братья Стругацкие,Macmillan Publishers,Великобритания,1968,русский язык,научная фантастика
http://www.wikidata.org/entity/Q595056,Обитаемый остров,братья Стругацкие,Macmillan Publishers,Великобритания,1971,русский язык,научная фантастика
http://www.wikidata.org/entity/Q5585698,Gordon R. Dickson's SF Best,Гордон Диксон,Dell Publishing,США,1978,английский язык,научная фантастика
http://www.wikidata.org/entity/Q17109890,The Face in the Frost,Джон Беллэрс,Macmillan Publishers,Великобритания,1969,английский язык,фэнтези
http://www.wikidata.org/entity/Q16655056,Бессмертные,Джеймс Ганн,Bantam Books,США,1962,американский вариант английского языка,научная фантастика
http://www.wikidata.org/entity/Q278089,Сила трёх,Диана Уинн Джонс,Macmillan Publishers,Великобритания,1976,английский язык,фэнтези
http://www.wikidata.org/entity/Q4154349,Далёкая Радуга,Аркадий Натанович Стругацкий,Мир,Россия,1963,русский язык,научная фантастика
http://www.wikidata.org/entity/Q7734984,The Four-Dimensional Nightmare,Джеймс Баллард,Victor Gollancz,Великобритания,1963,английский язык,научная фантастика
http://www.wikidata.org/entity/Q6057120,Interstellar Pig,William Sleator,Bantam Books,США,1984,английский язык,научная фантастика
http://www.wikidata.org/entity/Q7769368,Время призраков,Диана Уинн Джонс,Macmillan Publishers,Великобритания,1981,английский язык,фэнтези
http://www.wikidata.org/entity/Q882388,Кровавая комната,Анджела Картер,Victor Gollancz,Великобритания,1979,английский язык,фэнтези
http://www.wikidata.org/entity/Q3481184,Shadrach in the Furnace,Роберт Силверберг,Victor Gollancz,Великобритания,1976,английский язык,научная фантастика
http://www.wikidata.org/entity/Q1986393,Лунная пыль,Артур Чарльз Кларк,Victor Gollancz,Великобритания,1961,британский вариант английского языка,научная фантастика
http://www.wikidata.org/entity/Q16387291,"Невериона, или Повесть о знаках и городах",Сэмюэль Дилэни,Bantam Books,США,1983,английский язык,фэнтези
http://www.wikidata.org/entity/Q7757993,Дело практики,Дэвид Брин,Bantam Books,США,1984,английский язык,научная фантастика
http://www.wikidata.org/entity/Q4154349,Далёкая Радуга,братья Стругацкие,Macmillan Publishers,Великобритания,1963,русский язык,научная фантастика
http://www.wikidata.org/entity/Q7756801,The Petrified Planet,Флетчер Прэтт,Gale,США,1952,английский язык,научная фантастика
http://www.wikidata.org/entity/Q5047028,Сын менестреля,Диана Уинн Джонс,Macmillan Publishers,Великобритания,1975,английский язык,фэнтези
http://www.wikidata.org/entity/Q4279275,Малыш,братья Стругацкие,Macmillan Publishers,Великобритания,1971,русский язык,научная фантастика
http://www.wikidata.org/entity/Q7602353,Stars in My Pocket Like Grains of Sand,Сэмюэль Дилэни,Bantam Books,США,1984,английский язык,научная фантастика
http://www.wikidata.org/entity/Q1545663,Грендель,Джон Гарднер,Victor Gollancz,Великобритания,1971,английский язык,фэнтези
http://www.wikidata.org/entity/Q7727469,The Continent Makers and Other Tales of the Viagens,Лайон Спрэг де Камп,Gale,США,1953,английский язык,научная фантастика
http://www.wikidata.org/entity/Q7679339,Повести Невериона,Сэмюэль Дилэни,Bantam Books,США,1979,английский язык,фэнтези
http://www.wikidata.org/entity/Q788777,Завтрак для чемпионов,Курт Воннегут,Dell Publishing,США,1973,американский вариант английского языка,научная фантастика
http://www.wikidata.org/entity/Q1686494,Земная Империя,Артур Чарльз Кларк,Victor Gollancz,Великобритания,1975,английский язык,научная фантастика
http://www.wikidata.org/entity/Q7770276,The Tritonian Ring and Other Pusadian Tales,Лайон Спрэг де Камп,Gale,США,1953,английский язык,фэнтези
http://www.wikidata.org/entity/Q786025,Фонтаны рая,Артур Чарльз Кларк,Victor Gollancz,Великобритания,1979,английский язык,научная фантастика
http://www.wikidata.org/entity/Q7679249,Бар Гавагана,Флетчер Прэтт,Gale,США,1953,английский язык,фэнтези
http://www.wikidata.org/entity/Q1114499,Пасынки Вселенной,Роберт Хайнлайн,Victor Gollancz,Великобритания,1963,английский язык,научная фантастика
http://www.wikidata.org/entity/Q3012595,Хождение Джоэниса,Роберт Шекли,Victor Gollancz,Великобритания,1962,американский вариант английского языка,научная фантастика
http://www.wikidata.org/entity/Q6943707,Mutants,Гордон Диксон,Macmillan Publishers,Великобритания,1970,английский язык,научная фантастика
http://www.wikidata.org/entity/Q6553346,Line to Tomorrow,Lewis Padgett,Bantam Books,США,1954,английский язык,фэнтези
http://www.wikidata.org/entity/Q6680198,Lords of the Psychon,Дэниэл Ф. Галуйе,Bantam Books,США,1963,английский язык,научная фантастика
http://www.wikidata.org/entity/Q8049319,Yargo,Жаклин Сюзанн,Bantam Books,США,1979,английский язык,научная фантастика
http://www.wikidata.org/entity/Q6815282,Memoirs of a Spacewoman,Наоми Митчисон,Victor Gollancz,Великобритания,1962,английский язык,научная фантастика
http://www.wikidata.org/entity/Q7844314,Triton,Сэмюэль Дилэни,Bantam Books,США,1976,английский язык,научная фантастика
http://www.wikidata.org/entity/Q7356358,"Rod Serling's Triple W: Witches, Warlocks and Werewolves",Род Серлинг,Bantam Books,США,1963,английский язык,фэнтези
http://www.wikidata.org/entity/Q7765815,Вниз по великой реке,Диана Уинн Джонс,Macmillan Publishers,Великобритания,1979,английский язык,фэнтези
http://www.wikidata.org/entity/Q4154349,Далёкая Радуга,Борис Натанович Стругацкий,Macmillan Publishers,Великобритания,1963,русский язык,научная фантастика
http://www.wikidata.org/entity/Q8027921,Witches Three,Флетчер Прэтт,Gale,США,1952,английский язык,научная фантастика
http://www.wikidata.org/entity/Q7691141,Tea with the Black Dragon,R. A. MacAvoy,Bantam Books,США,1983,английский язык,фэнтези
http://www.wikidata.org/entity/Q7728360,The Cube Root of Uncertainty,Роберт Силверберг,Macmillan Publishers,Великобритания,1970,английский язык,научная фантастика
http://www.wikidata.org/entity/Q2363504,Звёздный прилив,Дэвид Брин,Bantam Books,США,1983,английский язык,научная фантастика
http://www.wikidata.org/entity/Q4655438,A Better Mantrap,Боб Шоу,Victor Gollancz,Великобритания,1982,английский язык,научная фантастика
http://www.wikidata.org/entity/Q963466,Похитители тел,Уолтер Брейден Финней,Dell Publishing,США,1955,английский язык,научная фантастика
http://www.wikidata.org/entity/Q28919653,Blood Sleep,Серж Брюссоло,Деноэль,Франция,1982,французский язык,научная фантастика
http://www.wikidata.org/entity/Q4154349,Далёкая Радуга,Аркадий Натанович Стругацкий,Macmillan Publishers,Великобритания,1963,русский язык,научная фантастика
http://www.wikidata.org/entity/Q7775662,The Wonderful Ice Cream Suit and Other Plays,Рэй Брэдбери,Bantam Books,США,1972,английский язык,фэнтези
http://www.wikidata.org/entity/Q3823481,The Passion of New Eve,Анджела Картер,Victor Gollancz,Великобритания,1977,английский язык,фэнтези
http://www.wikidata.org/entity/Q2573255,И дольше века длится день,Чингиз Торекулович Айтматов,Новый мир,Россия,1983,русский язык,научная фантастика
http://www.wikidata.org/entity/Q3828987,Остров дельфинов,Артур Чарльз Кларк,Victor Gollancz,Великобритания,1963,английский язык,научная фантастика
http://www.wikidata.org/entity/Q5451887,Firelord,Парк Годвин,Bantam Books,США,1980,английский язык,фэнтези
http://www.wikidata.org/entity/Q2627586,Прыжок в Солнце,Дэвид Брин,Bantam Books,США,1980,английский язык,научная фантастика
http://www.wikidata.org/entity/Q6553346,Line to Tomorrow,Lewis Padgett,Bantam Books,США,1954,английский язык,научная фантастика
http://www.wikidata.org/entity/Q16385407,Darkworld Detective,Майкл Ривз,Bantam Books,США,1982,английский язык,научная фантастика
http://www.wikidata.org/entity/Q7679249,Бар Гавагана,Лайон Спрэг де Камп,Gale,США,1953,английский язык,фэнтези
http://www.wikidata.org/entity/Q5348967,"Огонь и заклятие, или Восемь дней с Люком",Диана Уинн Джонс,Macmillan Publishers,Великобритания,1975,английский язык,фэнтези
http://www.wikidata.org/entity/Q224965,Гримус,Салман Рушди,Victor Gollancz,Великобритания,1975,английский язык,фэнтези
http://www.wikidata.org/entity/Q17110645,"Здравствуй, лето… и прощай",Майкл Коуни,Victor Gollancz,Великобритания,1975,английский язык,фэнтези
http://www.wikidata.org/entity/Q4355725,Венера на половине ракушки,Филип Хосе Фармер,Dell Publishing,США,1975,английский язык,научная фантастика
http://www.wikidata.org/entity/Q5097878,Child of Fortune,Норман Спинрад,Bantam Books,США,1985,английский язык,научная фантастика
http://www.wikidata.org/entity/Q4372933,Попытка к бегству,братья Стругацкие,Macmillan Publishers,Великобритания,1962,русский язык,научная фантастика
http://www.wikidata.org/entity/Q265954,"Бойня номер пять, или Крестовый поход детей",Курт Воннегут,Dell Publishing,США,1969,английский язык,научная фантастика
http://www.wikidata.org/entity/Q3505071,On Wings of Song,Томас М. Диш,Victor Gollancz,Великобритания,1979,английский язык,научная фантастика
http://www.wikidata.org/entity/Q4154349,Далёкая Радуга,братья Стругацкие,Мир,Россия,1963,русский язык,научная фантастика
http://www.wikidata.org/entity/Q4345096,Парень из преисподней,братья Стругацкие,Macmillan Publishers,Великобритания,1973,русский язык,научная фантастика
http://www.wikidata.org/entity/Q2107668,Стажёры,братья Стругацкие,Macmillan Publishers,Великобритания,1962,русский язык,научная фантастика
http://www.wikidata.org/entity/Q19356072,The Jonah Kit,Йен Уотсон,Victor Gollancz,Великобритания,1975,английский язык,научная фантастика
http://www.wikidata.org/entity/Q3823481,The Passion of New Eve,Анджела Картер,Victor Gollancz,Великобритания,1977,английский язык,научная фантастика
http://www.wikidata.org/entity/Q7758202,The Priests of Psi,Фрэнк Герберт,Victor Gollancz,Великобритания,1980,английский язык,научная фантастика
http://www.wikidata.org/entity/Q3213075,La Tempête,Рене Баржавель,Деноэль,Франция,1982,французский язык,научная фантастика
http://www.wikidata.org/entity/Q5288460,Dogsbody,Диана Уинн Джонс,Macmillan Publishers,Великобритания,1975,английский язык,фэнтези
http://www.wikidata.org/entity/Q7774514,The White Hotel,Д. М. Томас,Victor Gollancz,Великобритания,1981,английский язык,фэнтези
http://www.wikidata.org/entity/Q7805322,Time in Advance,Уильям Тенн,Bantam Books,США,1958,английский язык,научная фантастика
http://www.wikidata.org/entity/Q7557255,"Солдат, не спрашивай",Гордон Диксон,Dell Publishing,США,1967,английский язык,научная фантастика
http://www.wikidata.org/entity/Q7356356,Rod Serling's Devils and Demons,Род Серлинг,Bantam Books,США,1967,английский язык,фэнтези
http://www.wikidata.org/entity/Q7578765,Spock Messiah,Теодор Когсуэлл,Bantam Books,США,1976,английский язык,научная фантастика
http://www.wikidata.org/entity/Q3213211,The Forbidden Tower,Мэрион Зиммер Брэдли,DAW Books,США,1977,английский язык,фэнтези
http://www.wikidata.org/entity/Q15047943,The Pillars of Eternity,Баррингтон Джон Бейли,DAW Books,США,1982,английский язык,научная фантастика
http://www.wikidata.org/entity/Q286725,Симулакрон-3,Дэниэл Ф. Галуйе,Bantam Books,США,1964,английский язык,научная фантастика
http://www.wikidata.org/entity/Q17007201,Isaac Asimov Presents The Great SF Stories 7,Мюррей Лейнстер,DAW Books,США,1982,английский язык,научная фантастика
http://www.wikidata.org/entity/Q5459345,Бегство в Опар,Филип Хосе Фармер,DAW Books,США,1976,английский язык,фэнтези
http://www.wikidata.org/entity/Q7776862,The Zen Gun,Баррингтон Джон Бейли,DAW Books,США,1983,английский язык,научная фантастика
http://www.wikidata.org/entity/Q7776534,The Year's Best Fantasy Stories: 9,Arthur W. Saha,DAW Books,США,1983,английский язык,фэнтези
http://www.wikidata.org/entity/Q7776533,The Year's Best Fantasy Stories: 8,Arthur W. Saha,DAW Books,США,1982,английский язык,фэнтези
http://www.wikidata.org/entity/Q85806450,The Barbarian of World's End,Лин Картер,DAW Books,США,1977,английский язык,фэнтези
http://www.wikidata.org/entity/Q3224655,Dark Universe,Дэниэл Ф. Галуйе,Bantam Books,США,1961,английский язык,научная фантастика
http://www.wikidata.org/entity/Q85807528,The Immortal of World's End,Лин Картер,DAW Books,США,1976,английский язык,фэнтези
http://www.wikidata.org/entity/Q3203368,Sharra's Exile,Мэрион Зиммер Брэдли,DAW Books,США,1981,английский язык,фэнтези
http://www.wikidata.org/entity/Q17007320,Isaac Asimov Presents The Great SF Stories 12,Айзек Азимов,DAW Books,США,1984,английский язык,научная фантастика
http://www.wikidata.org/entity/Q3706366,Далгрен,Сэмюэль Дилэни,Bantam Books,США,1975,английский язык,научная фантастика
http://www.wikidata.org/entity/Q17007201,Isaac Asimov Presents The Great SF Stories 7,Лестер дель Рей,DAW Books,США,1982,английский язык,научная фантастика
http://www.wikidata.org/entity/Q39074235,Сонный Океан,Лин Картер,DAW Books,США,1984,английский язык,фэнтези
http://www.wikidata.org/entity/Q4659355,A Scourge of Screamers,Дэниэл Ф. Галуйе,Bantam Books,США,1968,английский язык,научная фантастика
http://www.wikidata.org/entity/Q945558,Королева бурь,Мэрион Зиммер Брэдли,DAW Books,США,1978,английский язык,фэнтези
http://www.wikidata.org/entity/Q16773077,Владыка смерти,Танит Ли,DAW Books,США,1979,английский язык,фэнтези
http://www.wikidata.org/entity/Q7981130,Источник Шиюна,Кэролайн Черри,DAW Books,США,1978,английский язык,научная фантастика
http://www.wikidata.org/entity/Q85807055,The Enchantress of World's End,Лин Картер,DAW Books,США,1975,английский язык,фэнтези
http://www.wikidata.org/entity/Q6012229,Закат Зелёной Звезды,Лин Картер,DAW Books,США,1976,английский язык,фэнтези
http://www.wikidata.org/entity/Q7776526,The Year's Best Fantasy Stories: 3,Лин Картер,DAW Books,США,1977,английский язык,фэнтези
http://www.wikidata.org/entity/Q17007201,Isaac Asimov Presents The Great SF Stories 7,Фриц Лейбер,DAW Books,США,1982,английский язык,научная фантастика
http://www.wikidata.org/entity/Q5147491,Collision Course,Баррингтон Джон Бейли,DAW Books,США,1973,английский язык,научная фантастика
http://www.wikidata.org/entity/Q7883292,Мир Зелёной Звезды,Лин Картер,DAW Books,США,1972,английский язык,фэнтези
http://www.wikidata.org/entity/Q7776525,The Year's Best Fantasy Stories: 2,Лин Картер,DAW Books,США,1976,английский язык,фэнтези
http://www.wikidata.org/entity/Q105702268,Zanthodon,Лин Картер,DAW Books,США,1979,английский язык,научная фантастика
http://www.wikidata.org/entity/Q7770096,Древо мечей и камней,Кэролайн Черри,DAW Books,США,1983,английский язык,фэнтези
http://www.wikidata.org/entity/Q18352174,Manhounds of Antares,Кеннет Балмер,DAW Books,США,1974,английский язык,научная фантастика
http://www.wikidata.org/entity/Q7776530,The Year's Best Fantasy Stories: 5,Лин Картер,DAW Books,США,1980,английский язык,фэнтези
http://www.wikidata.org/entity/Q7776529,The Year's Best Fantasy Stories: 4,Лин Картер,DAW Books,США,1978,английский язык,фэнтези
http://www.wikidata.org/entity/Q17007201,Isaac Asimov Presents The Great SF Stories 7,Айзек Азимов,DAW Books,США,1982,английский язык,научная фантастика
http://www.wikidata.org/entity/Q5399966,Est: The Steersman Handbook,Лесли Стивенс,Bantam Books,США,1970,английский язык,научная фантастика
http://www.wikidata.org/entity/Q17007201,Isaac Asimov Presents The Great SF Stories 7,Генри Каттнер,DAW Books,США,1982,английский язык,научная фантастика
http://www.wikidata.org/entity/Q6817567,Ищите моё имя в Атлантиде,Джон Джейкс,DAW Books,США,1972,английский язык,фэнтези
http://www.wikidata.org/entity/Q18387015,Swordships of Scorpio,Кеннет Балмер,DAW Books,США,1973,английский язык,научная фантастика
http://www.wikidata.org/entity/Q5638022,Хэдон из Древнего Опара,Филип Хосе Фармер,DAW Books,США,1974,английский язык,фэнтези
http://www.wikidata.org/entity/Q19898188,The Warrior of World's End,Лин Картер,DAW Books,США,1974,английский язык,фэнтези
http://www.wikidata.org/entity/Q7776521,The Year's Best Fantasy Stories: 11,Arthur W. Saha,DAW Books,США,1985,английский язык,фэнтези
http://www.wikidata.org/entity/Q1320318,Валис,Филип Дик,Bantam Books,США,1981,английский язык,научная фантастика
http://www.wikidata.org/entity/Q106200931,Hurok of the Stone Age,Лин Картер,DAW Books,США,1981,английский язык,научная фантастика
http://www.wikidata.org/entity/Q7744049,The Keeper's Price,Мэрион Зиммер Брэдли,DAW Books,США,1980,английский язык,фэнтези
http://www.wikidata.org/entity/Q966507,Владыка ночи,Танит Ли,DAW Books,США,1978,английский язык,фэнтези
http://www.wikidata.org/entity/Q3207474,City of Sorcery,Мэрион Зиммер Брэдли,DAW Books,США,1984,английский язык,фэнтези
http://www.wikidata.org/entity/Q18210144,Воин скорпиона,Кеннет Балмер,DAW Books,США,1973,английский язык,научная фантастика
http://www.wikidata.org/entity/Q7776532,The Year's Best Fantasy Stories: 7,Arthur W. Saha,DAW Books,США,1981,английский язык,фэнтези
http://www.wikidata.org/entity/Q7734793,The Forest of Peldain,Баррингтон Джон Бейли,DAW Books,США,1985,английский язык,научная фантастика
http://www.wikidata.org/entity/Q105686641,Journey to the Underground World,Лин Картер,DAW Books,США,1979,английский язык,научная фантастика
http://www.wikidata.org/entity/Q7834379,Транзитом до скорпиона,Кеннет Балмер,DAW Books,США,1972,английский язык,научная фантастика
http://www.wikidata.org/entity/Q18393836,Солнца скорпиона,Кеннет Балмер,DAW Books,США,1973,английский язык,научная фантастика
http://www.wikidata.org/entity/Q107342992,Кезрик,Лин Картер,DAW Books,США,1982,английский язык,фэнтези
http://www.wikidata.org/entity/Q4975705,Братья Земли,Кэролайн Черри,DAW Books,США,1976,английский язык,научная фантастика
http://www.wikidata.org/entity/Q16386980,Удача торговца,Кэролайн Черри,DAW Books,США,1982,английский язык,научная фантастика
http://www.wikidata.org/entity/Q7575842,Spell of the Witch World,Андре Нортон,DAW Books,США,1972,английский язык,фэнтези
http://www.wikidata.org/entity/Q7992985,Зов Зелёной Звезды,Лин Картер,DAW Books,США,1973,английский язык,фэнтези
http://www.wikidata.org/entity/Q6980071,Native Tongue,Сьюзет Хейден Элджин,DAW Books,США,1984,английский язык,научная фантастика
http://www.wikidata.org/entity/Q17007201,Isaac Asimov Presents The Great SF Stories 7,Реймонд Джоунс,DAW Books,США,1982,английский язык,научная фантастика
http://www.wikidata.org/entity/Q7741961,The Infinite Man,Дэниэл Ф. Галуйе,Bantam Books,США,1973,английский язык,научная фантастика
http://www.wikidata.org/entity/Q7659294,Sword of Chaos,Мэрион Зиммер Брэдли,DAW Books,США,1982,английский язык,фэнтези
http://www.wikidata.org/entity/Q7744049,The Keeper's Price,The Friends of Darkover,DAW Books,США,1980,английский язык,фэнтези
http://www.wikidata.org/entity/Q7578765,Spock Messiah,"Charles A. Spano, Jr.",Bantam Books,США,1976,английский язык,научная фантастика
http://www.wikidata.org/entity/Q1320318,Валис,Филип Дик,Bantam Books,США,1981,американский вариант английского языка,научная фантастика
http://www.wikidata.org/entity/Q17007201,Isaac Asimov Presents The Great SF Stories 7,Фредерик Браун,DAW Books,США,1982,английский язык,научная фантастика
http://www.wikidata.org/entity/Q3224088,Два завоевателя,Мэрион Зиммер Брэдли,DAW Books,США,1980,английский язык,фэнтези
http://www.wikidata.org/entity/Q1212160,Радуга тяготения,Томас Пинчон,Bantam Books,США,1973,английский язык,научная фантастика
http://www.wikidata.org/entity/Q4377109,Премия за риск,Роберт Шекли,Bantam Books,США,1958,американский вариант английского языка,научная фантастика
http://www.wikidata.org/entity/Q1760824,Повелительница ястреба,Мэрион Зиммер Брэдли,DAW Books,США,1982,английский язык,фэнтези
http://www.wikidata.org/entity/Q7578767,Spock Must Die!,Джеймс Блиш,Bantam Books,США,1970,английский язык,научная фантастика
http://www.wikidata.org/entity/Q7193970,Паломничество на Землю,Роберт Шекли,Bantam Books,США,1957,английский язык,научная фантастика
http://www.wikidata.org/entity/Q7733198,Падение Хронополиса,Баррингтон Джон Бейли,DAW Books,США,1974,английский язык,научная фантастика
http://www.wikidata.org/entity/Q7775391,Волшебник Зао,Лин Картер,DAW Books,США,1978,английский язык,фэнтези
http://www.wikidata.org/entity/Q3207312,The Shattered Chain,Мэрион Зиммер Брэдли,DAW Books,США,1976,английский язык,фэнтези
http://www.wikidata.org/entity/Q7676093,"Хвосттрубой, или Приключения молодого кота",Тэд Уильямс,DAW Books,США,1985,английский язык,фэнтези
http://www.wikidata.org/entity/Q16386765,Lore of the Witch World,Андре Нортон,DAW Books,США,1980,английский язык,фэнтези
http://www.wikidata.org/entity/Q7659294,Sword of Chaos,The Friends of Darkover,DAW Books,США,1982,английский язык,фэнтези
http://www.wikidata.org/entity/Q3230486,Free Amazons of Darkover,Мэрион Зиммер Брэдли,DAW Books,США,1985,английский язык,фэнтези
http://www.wikidata.org/entity/Q3267516,Медовый месяц в аду,Фредерик Браун,Bantam Books,США,1958,американский вариант английского языка,научная фантастика
http://www.wikidata.org/entity/Q7762884,The Second Book of Fritz Leiber,Фриц Лейбер,DAW Books,США,1975,английский язык,фэнтези
http://www.wikidata.org/entity/Q85808158,The Pirate of World's End,Лин Картер,DAW Books,США,1978,английский язык,фэнтези
http://www.wikidata.org/entity/Q7776518,The Year's Best Fantasy Stories,Лин Картер,DAW Books,США,1975,английский язык,фэнтези
http://www.wikidata.org/entity/Q2683585,Владыка иллюзий,Танит Ли,DAW Books,США,1981,английский язык,фэнтези
http://www.wikidata.org/entity/Q7719230,The Book of Fritz Leiber,Фриц Лейбер,DAW Books,США,1974,английский язык,фэнтези
http://www.wikidata.org/entity/Q17007320,Isaac Asimov Presents The Great SF Stories 12,Martin H. Greenberg,DAW Books,США,1984,английский язык,научная фантастика
http://www.wikidata.org/entity/Q17007201,Isaac Asimov Presents The Great SF Stories 7,Ли Брэкетт,DAW Books,США,1982,английский язык,научная фантастика
http://www.wikidata.org/entity/Q5003864,Свет Зелёной Звезды,Лин Картер,DAW Books,США,1974,английский язык,фэнтези
http://www.wikidata.org/entity/Q18344600,Prince of Scorpio,Кеннет Балмер,DAW Books,США,1974,английский язык,научная фантастика
http://www.wikidata.org/entity/Q106311064,Darya of the Bronze Age,Лин Картер,DAW Books,США,1981,английский язык,научная фантастика
http://www.wikidata.org/entity/Q7601009,Surprise!,Нишель Николс,Bantam Books,США,1978,английский язык,научная фантастика
http://www.wikidata.org/entity/Q17006709,The DAW Science Fiction Reader,Доналд Э. Уоллхайм,DAW Books,США,1976,английский язык,научная фантастика
http://www.wikidata.org/entity/Q3230486,Free Amazons of Darkover,The Friends of Darkover,DAW Books,США,1985,английский язык,фэнтези
http://www.wikidata.org/entity/Q1760447,Thendara House,Мэрион Зиммер Брэдли,DAW Books,США,1983,английский язык,фэнтези
http://www.wikidata.org/entity/Q7776531,The Year's Best Fantasy Stories: 6,Лин Картер,DAW Books,США,1980,английский язык,фэнтези
http://www.wikidata.org/entity/Q7168523,Perilous Dreams,Андре Нортон,DAW Books,США,1976,английский язык,фэнтези
http://www.wikidata.org/entity/Q107343032,Драгонруж,Лин Картер,DAW Books,США,1984,английский язык,фэнтези
http://www.wikidata.org/entity/Q6684314,Lost Worlds,Лин Картер,DAW Books,США,1980,английский язык,фэнтези
http://www.wikidata.org/entity/Q3230486,Free Amazons of Darkover,Мэрион Зиммер Брэдли,DAW Books,США,1985,английский язык,научная фантастика
http://www.wikidata.org/entity/Q6075969,Isaac Asimov Presents The Great SF Stories 6,Cleve Cartmill,DAW Books,США,1981,английский язык,научная фантастика
http://www.wikidata.org/entity/Q7762884,The Second Book of Fritz Leiber,Фриц Лейбер,DAW Books,США,1975,английский язык,научная фантастика
http://www.wikidata.org/entity/Q6075964,Isaac Asimov Presents The Great SF Stories 4,Фредерик Браун,DAW Books,США,1980,английский язык,научная фантастика
http://www.wikidata.org/entity/Q7719230,The Book of Fritz Leiber,Фриц Лейбер,DAW Books,США,1974,английский язык,научная фантастика
http://www.wikidata.org/entity/Q15033593,Mind Switch,Деймон Найт,Berkley Books,США,1965,английский язык,научная фантастика
http://www.wikidata.org/entity/Q816016,Игра Эндера,Орсон Скотт Кард,Tor Books,США,1985,английский язык,научная фантастика
http://www.wikidata.org/entity/Q5256189,Демон,Джон Варли,Berkley Books,США,1984,английский язык,научная фантастика
http://www.wikidata.org/entity/Q29468815,Померкнет воздух рая,Джеймс Типтри-младший,Tor Books,США,1985,английский язык,научная фантастика
http://www.wikidata.org/entity/Q2902756,Направление — пустота,Фрэнк Герберт,Berkley Books,США,1966,английский язык,научная фантастика
http://www.wikidata.org/entity/Q2519711,Затонувший мир,Джеймс Баллард,Berkley Books,США,1962,английский язык,научная фантастика
http://www.wikidata.org/entity/Q6075969,Isaac Asimov Presents The Great SF Stories 6,Ли Брэкетт,DAW Books,США,1981,английский язык,научная фантастика
http://www.wikidata.org/entity/Q3230486,Free Amazons of Darkover,The Friends of Darkover,DAW Books,США,1985,английский язык,научная фантастика
http://www.wikidata.org/entity/Q1760447,Thendara House,Мэрион Зиммер Брэдли,DAW Books,США,1983,английский язык,научная фантастика
http://www.wikidata.org/entity/Q6075973,Isaac Asimov Presents The Great SF Stories 8,Ли Брэкетт,DAW Books,США,1982,английский язык,научная фантастика
http://www.wikidata.org/entity/Q6075964,Isaac Asimov Presents The Great SF Stories 4,George O. Smith,DAW Books,США,1980,английский язык,научная фантастика
http://www.wikidata.org/entity/Q3491166,Фея,Джон Варли,Berkley Books,США,1980,английский язык,научная фантастика
http://www.wikidata.org/entity/Q6075969,Isaac Asimov Presents The Great SF Stories 6,Клиффорд Дональд Саймак,DAW Books,США,1981,английский язык,научная фантастика
http://www.wikidata.org/entity/Q7096762,Operation Ares,Джин Вулф,Berkley Books,США,1970,английский язык,научная фантастика
http://www.wikidata.org/entity/Q1751584,Последняя база,Кэролайн Черри,DAW Books,США,1981,английский язык,научная фантастика
http://www.wikidata.org/entity/Q6075973,Isaac Asimov Presents The Great SF Stories 8,Теодор Старджон,DAW Books,США,1982,английский язык,научная фантастика
http://www.wikidata.org/entity/Q3759607,Дьявольское семя,Дин Кунц,Berkley Books,США,1973,английский язык,научная фантастика
http://www.wikidata.org/entity/Q6075975,Isaac Asimov Presents The Great SF Stories 9,Айзек Азимов,DAW Books,США,1983,английский язык,научная фантастика
http://www.wikidata.org/entity/Q3828766,Isaac Asimov Presents The Great SF Stories 3,Айзек Азимов,DAW Books,США,1980,английский язык,научная фантастика
http://www.wikidata.org/entity/Q3213211,The Forbidden Tower,Мэрион Зиммер Брэдли,DAW Books,США,1977,английский язык,научная фантастика
http://www.wikidata.org/entity/Q20874930,Winners,Пол Уильям Андерсон,Tor Books,США,1981,английский язык,научная фантастика
http://www.wikidata.org/entity/Q7719228,The Book of Frank Herbert,Фрэнк Герберт,DAW Books,США,1973,английский язык,научная фантастика
http://www.wikidata.org/entity/Q1407706,Вынужденная посадка,Мэрион Зиммер Брэдли,DAW Books,США,1972,английский язык,научная фантастика
http://www.wikidata.org/entity/Q5121837,Circus World,Барри Брукс Лонгиер,Berkley Books,США,1981,английский язык,научная фантастика
http://www.wikidata.org/entity/Q15033856,The Hostage of Zir,Лайон Спрэг де Камп,Berkley Books,США,1977,английский язык,научная фантастика
http://www.wikidata.org/entity/Q39059307,Город за пределами мира,Лин Картер,Berkley Books,США,1977,английский язык,фэнтези
http://www.wikidata.org/entity/Q7898125,Границы бытия,Джеймс Типтри-младший,Berkley Books,США,1978,английский язык,научная фантастика
http://www.wikidata.org/entity/Q1218394,Хищные вещи века,братья Стругацкие,DAW Books,США,1965,русский язык,научная фантастика
http://www.wikidata.org/entity/Q6075964,Isaac Asimov Presents The Great SF Stories 4,Хол Клемент,DAW Books,США,1980,английский язык,научная фантастика
http://www.wikidata.org/entity/Q7730850,Повелитель Дракона,Дэвид Дрейк,Berkley Books,США,1979,английский язык,фэнтези
http://www.wikidata.org/entity/Q3203368,Sharra's Exile,Мэрион Зиммер Брэдли,DAW Books,США,1981,английский язык,научная фантастика
http://www.wikidata.org/entity/Q6075969,Isaac Asimov Presents The Great SF Stories 6,Альфред ван Вогт,DAW Books,США,1981,английский язык,научная фантастика
http://www.wikidata.org/entity/Q3828770,Isaac Asimov Presents The Great SF Stories 2,Айзек Азимов,DAW Books,США,1979,английский язык,научная фантастика
http://www.wikidata.org/entity/Q3063803,Магический лабиринт,Филип Хосе Фармер,Berkley Books,США,1980,английский язык,фэнтези
http://www.wikidata.org/entity/Q2517080,Vermilion Sands,Джеймс Баллард,Berkley Books,США,1971,английский язык,научная фантастика
http://www.wikidata.org/entity/Q5306348,Dream Dancer,Janet Morris,Berkley Books,США,1980,английский язык,научная фантастика
http://www.wikidata.org/entity/Q6740961,Малафрена,Урсула Крёбер Ле Гуин,Berkley Books,США,1979,английский язык,фэнтези
http://www.wikidata.org/entity/Q5422593,Eye,Фрэнк Герберт,Berkley Books,США,1985,английский язык,научная фантастика
http://www.wikidata.org/entity/Q6075964,Isaac Asimov Presents The Great SF Stories 4,Кэтрин Люсиль Мур,DAW Books,США,1980,английский язык,научная фантастика
http://www.wikidata.org/entity/Q945558,Королева бурь,Мэрион Зиммер Брэдли,DAW Books,США,1978,английский язык,научная фантастика
http://www.wikidata.org/entity/Q6075969,Isaac Asimov Presents The Great SF Stories 6,Лестер дель Рей,DAW Books,США,1981,английский язык,научная фантастика
http://www.wikidata.org/entity/Q6075964,Isaac Asimov Presents The Great SF Stories 4,Энтони Бучер,DAW Books,США,1980,английский язык,научная фантастика
http://www.wikidata.org/entity/Q6730931,Magic in Ithkar,Андре Нортон,Tor Books,США,1985,английский язык,фэнтези
http://www.wikidata.org/entity/Q7766247,The Star-Crowned Kings,Rob Chilson,DAW Books,США,1975,английский язык,научная фантастика
http://www.wikidata.org/entity/Q16387042,Mission to Horatius,Мак Рейнольдс,Western Publishing,США,1968,английский язык,научная фантастика
http://www.wikidata.org/entity/Q6075973,Isaac Asimov Presents The Great SF Stories 8,Nelson S. Bond,DAW Books,США,1982,английский язык,научная фантастика
http://www.wikidata.org/entity/Q5944644,Охотник за мирами,Кэролайн Черри,DAW Books,США,1977,английский язык,научная фантастика
http://www.wikidata.org/entity/Q3773220,Геноцид,Томас М. Диш,Berkley Books,США,1965,английский язык,научная фантастика
http://www.wikidata.org/entity/Q3314300,Миллениум,Джон Варли,Berkley Books,США,1983,английский язык,научная фантастика
http://www.wikidata.org/entity/Q6075973,Isaac Asimov Presents The Great SF Stories 8,Артур Чарльз Кларк,DAW Books,США,1982,английский язык,научная фантастика
http://www.wikidata.org/entity/Q6075969,Isaac Asimov Presents The Great SF Stories 6,Фриц Лейбер,DAW Books,США,1981,английский язык,научная фантастика
http://www.wikidata.org/entity/Q7750030,The Man from Earth,Гордон Диксон,Tor Books,США,1983,английский язык,научная фантастика
http://www.wikidata.org/entity/Q4009727,Ветер ниоткуда,Джеймс Баллард,Berkley Books,США,1961,английский язык,научная фантастика
http://www.wikidata.org/entity/Q7261592,Pursuit of the Screamer,Ansen Dibell,DAW Books,США,1978,английский язык,научная фантастика
http://www.wikidata.org/entity/Q15615978,The Edge of Tomorrow,Айзек Азимов,Tor Books,США,1985,английский язык,научная фантастика
http://www.wikidata.org/entity/Q3203913,The Heritage of Hastur,Мэрион Зиммер Брэдли,DAW Books,США,1975,английский язык,научная фантастика
http://www.wikidata.org/entity/Q6075964,Isaac Asimov Presents The Great SF Stories 4,Альфред ван Вогт,DAW Books,США,1980,английский язык,научная фантастика
http://www.wikidata.org/entity/Q3205842,Cuckoo's Egg,Кэролайн Черри,DAW Books,США,1985,английский язык,научная фантастика
http://www.wikidata.org/entity/Q3063803,Магический лабиринт,Филип Хосе Фармер,Berkley Books,США,1980,американский вариант английского языка,фэнтези
http://www.wikidata.org/entity/Q6075964,Isaac Asimov Presents The Great SF Stories 4,Лестер дель Рей,DAW Books,США,1980,английский язык,научная фантастика
http://www.wikidata.org/entity/Q3063803,Магический лабиринт,Филип Хосе Фармер,Berkley Books,США,1980,английский язык,научная фантастика
http://www.wikidata.org/entity/Q3231611,Дьявольский интерфейс,Альфред Бестер,Berkley Books,США,1975,английский язык,научная фантастика
http://www.wikidata.org/entity/Q7601183,Star Winds,Баррингтон Джон Бейли,DAW Books,США,1978,английский язык,научная фантастика
http://www.wikidata.org/entity/Q17017447,Passport to Eternity,Джеймс Баллард,Berkley Books,США,1963,английский язык,научная фантастика
http://www.wikidata.org/entity/Q7744049,The Keeper's Price,Мэрион Зиммер Брэдли,DAW Books,США,1980,английский язык,научная фантастика
http://www.wikidata.org/entity/Q3207474,City of Sorcery,Мэрион Зиммер Брэдли,DAW Books,США,1984,английский язык,научная фантастика
http://www.wikidata.org/entity/Q896997,Реставратор Галактики,Филип Дик,Berkley Books,США,1969,американский вариант английского языка,научная фантастика
http://www.wikidata.org/entity/Q4793685,Armor,Джон Стикли,DAW Books,США,1984,английский язык,научная фантастика
http://www.wikidata.org/entity/Q7737506,The Grand Wheel,Баррингтон Джон Бейли,DAW Books,США,1977,английский язык,научная фантастика
http://www.wikidata.org/entity/Q6075964,Isaac Asimov Presents The Great SF Stories 4,Айзек Азимов,DAW Books,США,1980,английский язык,научная фантастика
http://www.wikidata.org/entity/Q6075973,Isaac Asimov Presents The Great SF Stories 8,Рэй Брэдбери,DAW Books,США,1982,английский язык,научная фантастика
http://www.wikidata.org/entity/Q5327069,Earth Dreams,Janet Morris,Berkley Books,США,1982,английский язык,научная фантастика
http://www.wikidata.org/entity/Q7659294,Sword of Chaos,Мэрион Зиммер Брэдли,DAW Books,США,1982,английский язык,научная фантастика
http://www.wikidata.org/entity/Q4532140,Энциклопедия Дюны,Willis E. McNelly,Berkley Books,США,1984,английский язык,научная фантастика
http://www.wikidata.org/entity/Q3828767,Isaac Asimov Presents The Great SF Stories 1,Айзек Азимов,DAW Books,США,1979,английский язык,научная фантастика
http://www.wikidata.org/entity/Q7621583,Strangers,Гарднер Дозуа,Berkley Books,США,1978,английский язык,научная фантастика
http://www.wikidata.org/entity/Q7744049,The Keeper's Price,The Friends of Darkover,DAW Books,США,1980,английский язык,научная фантастика
http://www.wikidata.org/entity/Q3063803,Магический лабиринт,Филип Хосе Фармер,Berkley Books,США,1980,американский вариант английского языка,научная фантастика
http://www.wikidata.org/entity/Q1958175,Вист: Аластор 1716,Джек Вэнс,DAW Books,США,1978,английский язык,научная фантастика
http://www.wikidata.org/entity/Q5674021,Hart's Hope,Орсон Скотт Кард,Berkley Books,США,1983,английский язык,фэнтези
http://www.wikidata.org/entity/Q3224088,Два завоевателя,Мэрион Зиммер Брэдли,DAW Books,США,1980,английский язык,научная фантастика
http://www.wikidata.org/entity/Q7730850,Повелитель Дракона,Дэвид Дрейк,Tor Books,США,1979,английский язык,фэнтези
http://www.wikidata.org/entity/Q6075975,Isaac Asimov Presents The Great SF Stories 9,Martin H. Greenberg,DAW Books,США,1983,английский язык,научная фантастика
http://www.wikidata.org/entity/Q1760824,Повелительница ястреба,Мэрион Зиммер Брэдли,DAW Books,США,1982,английский язык,научная фантастика
http://www.wikidata.org/entity/Q18206332,The Dark Between the Stars,Пол Уильям Андерсон,Berkley Books,США,1981,английский язык,научная фантастика
http://www.wikidata.org/entity/Q4354440,Titan,Джон Варли,Berkley Books,США,1979,английский язык,научная фантастика
http://www.wikidata.org/entity/Q6075973,Isaac Asimov Presents The Great SF Stories 8,Фредерик Браун,DAW Books,США,1982,английский язык,научная фантастика
http://www.wikidata.org/entity/Q3207312,The Shattered Chain,Мэрион Зиммер Брэдли,DAW Books,США,1976,английский язык,научная фантастика
http://www.wikidata.org/entity/Q7751087,Дети морского царя,Пол Уильям Андерсон,Berkley Books,США,1979,английский язык,фэнтези
http://www.wikidata.org/entity/Q7719288,The Book of Philip K. Dick,Филип Дик,DAW Books,США,1973,американский вариант английского языка,научная фантастика
http://www.wikidata.org/entity/Q7676093,"Хвосттрубой, или Приключения молодого кота",Тэд Уильямс,DAW Books,США,1985,английский язык,научная фантастика
http://www.wikidata.org/entity/Q1090238,"Время, назад",Филип Дик,Berkley Books,США,1967,американский вариант английского языка,научная фантастика
http://www.wikidata.org/entity/Q3282894,The Burning World,Джеймс Баллард,Berkley Books,США,1964,английский язык,научная фантастика
http://www.wikidata.org/entity/Q7741590,The Impossible Man,Джеймс Баллард,Berkley Books,США,1966,английский язык,научная фантастика
http://www.wikidata.org/entity/Q7659294,Sword of Chaos,The Friends of Darkover,DAW Books,США,1982,английский язык,научная фантастика
http://www.wikidata.org/entity/Q7798123,Thrice Upon a Time,James P. Hogan,Ballantine Books,США,1980,английский язык,научная фантастика
http://www.wikidata.org/entity/Q7743875,The Jupiter Theft,Donald Moffitt,Ballantine Books,США,1977,английский язык,научная фантастика
http://www.wikidata.org/entity/Q2196893,Полёт дракона,Энн Маккефри,Ballantine Books,США,1968,английский язык,фэнтези
http://www.wikidata.org/entity/Q7727556,The Cool War,Фредерик Пол,Ballantine Books,США,1981,английский язык,научная фантастика
http://www.wikidata.org/entity/Q1317921,Сдвиг времени по-марсиански,Филип Дик,Ballantine Books,США,1964,американский вариант английского языка,научная фантастика
http://www.wikidata.org/entity/Q4770258,Another Kind,Chad Oliver,Ballantine Books,США,1955,английский язык,научная фантастика
http://www.wikidata.org/entity/Q7300191,Достичь завтрашнего дня,Артур Чарльз Кларк,Ballantine Books,США,1956,английский язык,научная фантастика
http://www.wikidata.org/entity/Q5641738,Half Past Human,T. J. Bass,Ballantine Books,США,1971,английский язык,научная фантастика
http://www.wikidata.org/entity/Q7750537,Маски времени,Роберт Силверберг,Ballantine Books,США,1968,английский язык,научная фантастика
http://www.wikidata.org/entity/Q23307448,The Explorers,Сирил Корнблат,Ballantine Books,США,1954,английский язык,научная фантастика
http://www.wikidata.org/entity/Q7814295,"Tolkien: A Look Behind ""The Lord of the Rings""",Лин Картер,Ballantine Books,США,1969,английский язык,фэнтези
http://www.wikidata.org/entity/Q7811090,To Ride Pegasus,Энн Маккефри,Ballantine Books,США,1973,английский язык,научная фантастика
http://www.wikidata.org/entity/Q7771426,The Undying Fire,Флетчер Прэтт,Ballantine Books,США,1953,английский язык,научная фантастика
http://www.wikidata.org/entity/Q15443659,Летающие колдуны,Ларри Нивен,Ballantine Books,США,1971,английский язык,научная фантастика
http://www.wikidata.org/entity/Q7600923,Звёздный хирург,Джеймс Уайт,Ballantine Books,США,1963,английский язык,научная фантастика
http://www.wikidata.org/entity/Q281466,Властители Дерини,Кэтрин Куртц,Ballantine Books,США,1973,английский язык,фэнтези
http://www.wikidata.org/entity/Q3226765,Возвышение Дерини,Кэтрин Куртц,Ballantine Books,США,1970,английский язык,фэнтези
http://www.wikidata.org/entity/Q5566248,Гладиатор по закону,Фредерик Пол,Ballantine Books,США,1955,английский язык,научная фантастика
http://www.wikidata.org/entity/Q6725637,Macroscope,Пирс Энтони,Avon Publications,США,1969,английский язык,научная фантастика
http://www.wikidata.org/entity/Q2380503,Голубой мир,Джек Вэнс,Ballantine Books,США,1966,английский язык,научная фантастика
http://www.wikidata.org/entity/Q5757348,High Vacuum,Charles Eric Maine,Ballantine Books,США,1957,английский язык,научная фантастика
http://www.wikidata.org/entity/Q2901129,Ночные крылья,Роберт Силверберг,Am Oved,Израиль,1968,американский вариант английского языка,научная фантастика
http://www.wikidata.org/entity/Q16386173,Hyperborea,Кларк Эштон Смит,Ballantine Books,США,1971,английский язык,фэнтези
http://www.wikidata.org/entity/Q7316246,Restoree,Энн Маккефри,Ballantine Books,США,1967,английский язык,научная фантастика
http://www.wikidata.org/entity/Q7718844,The Blue Star,Флетчер Прэтт,Ballantine Books,США,1969,английский язык,фэнтези
http://www.wikidata.org/entity/Q2196893,Полёт дракона,Энн Маккефри,Ballantine Books,США,1968,английский язык,научная фантастика
http://www.wikidata.org/entity/Q20874604,Полёт лошади,Ларри Нивен,Ballantine Books,США,1973,английский язык,научная фантастика
http://www.wikidata.org/entity/Q27044690,Bad Ronald,Джек Вэнс,Ballantine Books,США,1973,американский вариант английского языка,научная фантастика
http://www.wikidata.org/entity/Q6482078,Lammas Night,Кэтрин Куртц,Ballantine Books,США,1983,английский язык,фэнтези
http://www.wikidata.org/entity/Q7600881,Star Science Fiction Stories No.3,Фредерик Пол,Ballantine Books,США,1955,английский язык,научная фантастика
http://www.wikidata.org/entity/Q15731473,The Last Hurrah of the Golden Horde,Норман Спинрад,Avon Publications,США,1979,американский вариант английского языка,научная фантастика
http://www.wikidata.org/entity/Q7765241,The Song of Rhiannon,Evangeline Walton,Ballantine Books,США,1972,английский язык,фэнтези
http://www.wikidata.org/entity/Q7749903,The Man Who Awoke,Лоуренс Мэннинг,Ballantine Books,США,1975,английский язык,научная фантастика
http://www.wikidata.org/entity/Q371975,Барьер Сантароги,Фрэнк Герберт,Berkley Books,США,1968,английский язык,научная фантастика
http://www.wikidata.org/entity/Q2956167,Песнь о Лии,Джордж Р. Р. Мартин,Avon Publications,США,1976,английский язык,фэнтези
http://www.wikidata.org/entity/Q2976056,Странствия дракона,Энн Маккефри,Ballantine Books,США,1971,английский язык,фэнтези
http://www.wikidata.org/entity/Q5122595,Гражданин в космосе,Роберт Шекли,Ballantine Books,США,1955,английский язык,научная фантастика
http://www.wikidata.org/entity/Q7739260,Небесные творцы,Фрэнк Герберт,Avon Publications,США,1967,английский язык,научная фантастика
http://www.wikidata.org/entity/Q8044349,Xiccarph,Кларк Эштон Смит,Ballantine Books,США,1972,английский язык,фэнтези
http://www.wikidata.org/entity/Q3439809,Камбер-еретик,Кэтрин Куртц,Ballantine Books,США,1981,английский язык,фэнтези
http://www.wikidata.org/entity/Q3209921,Милость Келсона,Кэтрин Куртц,Ballantine Books,США,1985,английский язык,фэнтези
http://www.wikidata.org/entity/Q7113492,Over the Hills and Far Away,"Эдвард Планкетт, 18-й барон Дансени",Ballantine Books,США,1974,английский язык,фэнтези
http://www.wikidata.org/entity/Q4695047,Ahead of Time,Генри Каттнер,Ballantine Books,США,1953,английский язык,научная фантастика
http://www.wikidata.org/entity/Q7600780,Звёздный свет (книга),Хол Клемент,Ballantine Books,США,1970,английский язык,научная фантастика
http://www.wikidata.org/entity/Q5416664,Evenor,Джордж Макдональд,Ballantine Books,США,1972,английский язык,фэнтези
http://www.wikidata.org/entity/Q6746387,Man of Earth,Альгис Будрис,Ballantine Books,США,1958,английский язык,научная фантастика
http://www.wikidata.org/entity/Q7731796,The Elfin Ship,Джеймс Блейлок,Ballantine Books,США,1982,английский язык,фэнтези
http://www.wikidata.org/entity/Q2956167,Песнь о Лии,Джордж Р. Р. Мартин,Avon Publications,США,1976,английский язык,научная фантастика
http://www.wikidata.org/entity/Q7942410,Voyage from Yesteryear,James P. Hogan,Ballantine Books,США,1982,английский язык,научная фантастика
http://www.wikidata.org/entity/Q4501974,Хтон,Пирс Энтони,Ballantine Books,США,1967,английский язык,научная фантастика
http://www.wikidata.org/entity/Q1199660,Стальная мечта,Норман Спинрад,Avon Publications,США,1972,английский язык,фэнтези
http://www.wikidata.org/entity/Q3439805,Камбер Кулдский,Кэтрин Куртц,Ballantine Books,США,1976,английский язык,фэнтези
http://www.wikidata.org/entity/Q3207268,Шахматная партия Дерини,Кэтрин Куртц,Ballantine Books,США,1972,английский язык,фэнтези
http://www.wikidata.org/entity/Q7774730,День гнева,Мэри Стюарт,Ballantine Books,США,1983,английский язык,фэнтези
http://www.wikidata.org/entity/Q5566248,Гладиатор по закону,Сирил Корнблат,Ballantine Books,США,1955,английский язык,научная фантастика
http://www.wikidata.org/entity/Q7730667,"Рок, покаравший Сарнат, и другие рассказы",Говард Филлипс Лавкрафт,Ballantine Books,США,1971,английский язык,фэнтези
http://www.wikidata.org/entity/Q3220685,Сын епископа,Кэтрин Куртц,Ballantine Books,США,1984,английский язык,фэнтези
http://www.wikidata.org/entity/Q7717237,The Best of Stanley G. Weinbaum,Стенли Вейнбаум,Ballantine Books,США,1974,английский язык,научная фантастика
http://www.wikidata.org/entity/Q4226027,Когда ХАРЛИ исполнился год,Дэвид Герролд,Ballantine Books,США,1972,английский язык,научная фантастика
http://www.wikidata.org/entity/Q4730158,Все мириады путей,Ларри Нивен,Ballantine Books,США,1971,английский язык,научная фантастика
http://www.wikidata.org/entity/Q7244313,Prince of Annwn,Evangeline Walton,Ballantine Books,США,1974,английский язык,фэнтези
http://www.wikidata.org/entity/Q4741947,Ambulance Ship,Джеймс Уайт,Ballantine Books,США,1979,английский язык,научная фантастика
http://www.wikidata.org/entity/Q7740815,The Human Angle,Уильям Тенн,Ballantine Books,США,1956,английский язык,научная фантастика
http://www.wikidata.org/entity/Q7730290,The Disappearing Dwarf,Джеймс Блейлок,Ballantine Books,США,1983,английский язык,фэнтези
http://www.wikidata.org/entity/Q16385272,The Children of Llyr,Evangeline Walton,Ballantine Books,США,1971,английский язык,фэнтези
http://www.wikidata.org/entity/Q16386257,Imaginary Worlds – the Art of Fantasy,Лин Картер,Ballantine Books,США,1973,английский язык,фэнтези
http://www.wikidata.org/entity/Q10354447,Проект «Ватикан»,Клиффорд Дональд Саймак,Ballantine Books,США,1981,английский язык,научная фантастика
http://www.wikidata.org/entity/Q5908606,Hospital Station,Джеймс Уайт,Ballantine Books,США,1962,английский язык,научная фантастика
http://www.wikidata.org/entity/Q15443659,Летающие колдуны,Дэвид Герролд,Ballantine Books,США,1971,английский язык,научная фантастика
http://www.wikidata.org/entity/Q7353473,Robots and Changelings,Лестер дель Рей,Ballantine Books,США,1957,английский язык,фэнтези
http://www.wikidata.org/entity/Q5923857,Сага о Хрольфе Жердинке,Пол Уильям Андерсон,Ballantine Books,США,1973,английский язык,фэнтези
http://www.wikidata.org/entity/Q1199660,Стальная мечта,Норман Спинрад,Avon Publications,США,1972,английский язык,научная фантастика
http://www.wikidata.org/entity/Q66305334,The Other Human Race,Г. Бим Пайпер,Avon Publications,США,1964,английский язык,научная фантастика
http://www.wikidata.org/entity/Q2391947,Защитник,Ларри Нивен,Ballantine Books,США,1973,английский язык,научная фантастика
http://www.wikidata.org/entity/Q25351786,The Marching Morons,Сирил Корнблат,Ballantine Books,США,1959,английский язык,научная фантастика
http://www.wikidata.org/entity/Q7771286,Корона Ксилара,Лайон Спрэг де Камп,Ballantine Books,США,1983,английский язык,фэнтези
http://www.wikidata.org/entity/Q7078724,Of All Possible Worlds,Уильям Тенн,Ballantine Books,США,1955,английский язык,научная фантастика
http://www.wikidata.org/entity/Q7758205,The Primal Urge,Брайан Олдис,Ballantine Books,США,1961,английский язык,научная фантастика
http://www.wikidata.org/entity/Q7741981,The Infinitive of Go,Джон Браннер,Ballantine Books,США,1980,английский язык,научная фантастика
http://www.wikidata.org/entity/Q7421912,Saraband of Lost Time,Ричард Грант,Avon Publications,США,1985,английский язык,научная фантастика
http://www.wikidata.org/entity/Q4264977,The Tolkien Reader,Джон Рональд Руэл Толкин,Ballantine Books,США,1966,английский язык,фэнтези
http://www.wikidata.org/entity/Q6037784,Внутри и снаружи,Филип Хосе Фармер,Ballantine Books,США,1964,английский язык,научная фантастика
http://www.wikidata.org/entity/Q2634635,Земной свет,Артур Чарльз Кларк,Ballantine Books,США,1955,английский язык,научная фантастика
http://www.wikidata.org/entity/Q4154974,Дар Земли,Ларри Нивен,Ballantine Books,США,1968,английский язык,научная фантастика
http://www.wikidata.org/entity/Q7735055,"The Fourth ""R""",George O. Smith,Ballantine Books,США,1959,английский язык,научная фантастика
http://www.wikidata.org/entity/Q7765326,The Sorcerer's Ship,Hannes Bok,Ballantine Books,США,1969,английский язык,фэнтези
http://www.wikidata.org/entity/Q5166395,Convergent Series,Ларри Нивен,Ballantine Books,США,1979,,научная фантастика
http://www.wikidata.org/entity/Q17033355,Warm Worlds and Otherwise,Джеймс Типтри-младший,Ballantine Books,США,1975,английский язык,научная фантастика
http://www.wikidata.org/entity/Q2614958,Октябрьская страна,Рэй Брэдбери,Ballantine Books,США,1955,английский язык,фэнтези
http://www.wikidata.org/entity/Q3210242,Машина смерти,Джек Вэнс,Berkley Books,США,1964,английский язык,научная фантастика
http://www.wikidata.org/entity/Q7353473,Robots and Changelings,Лестер дель Рей,Ballantine Books,США,1957,английский язык,научная фантастика
http://www.wikidata.org/entity/Q4295452,Мир Птаввов,Ларри Нивен,Ballantine Books,США,1966,английский язык,научная фантастика
http://www.wikidata.org/entity/Q3439806,Святой Камбер,Кэтрин Куртц,Ballantine Books,США,1978,английский язык,фэнтези
http://www.wikidata.org/entity/Q5454052,First Voyages,Деймон Найт,Avon Publications,США,1981,английский язык,научная фантастика
http://www.wikidata.org/entity/Q3233220,Маленький пушистик,Г. Бим Пайпер,Avon Publications,США,1962,английский язык,научная фантастика
http://www.wikidata.org/entity/Q4927946,Зелье,Алан Дин Фостер,Ballantine Books,США,1973,английский язык,научная фантастика
http://www.wikidata.org/entity/Q6725637,Macroscope,Пирс Энтони,Avon Publications,США,1969,английский язык,фэнтези
http://www.wikidata.org/entity/Q1010653,"Иов, или Осмеяние справедливости",Роберт Хайнлайн,Ballantine Books,США,1984,английский язык,фэнтези
http://www.wikidata.org/entity/Q5419355,Excalibur,Sanders Anne Laubenthal,Ballantine Books,США,1973,английский язык,фэнтези
http://www.wikidata.org/entity/Q13553715,Имя мне — легион,Роджер Желязны,Ballantine Books,США,1976,английский язык,научная фантастика
http://www.wikidata.org/entity/Q5554088,Get Out of My Sky,Джеймс Блиш,Fawcett Publications,США,1957,английский язык,научная фантастика
http://www.wikidata.org/entity/Q3521397,Интегральные деревья,Ларри Нивен,Ballantine Books,США,1984,английский язык,научная фантастика
http://www.wikidata.org/entity/Q3221113,"Кот, проходящий сквозь стены",Роберт Хайнлайн,G. P. Putnam's Sons,США,1985,английский язык,научная фантастика
http://www.wikidata.org/entity/Q7776810,The Young Unicorns,Мадлен Л’Энгл,"Farrar, Straus and Giroux",США,1968,английский язык,научная фантастика
http://www.wikidata.org/entity/Q7762565,The Science Fictional Solar System,Алексей Паншин,Harper,США,1979,английский язык,научная фантастика
http://www.wikidata.org/entity/Q3226279,Не убоюсь я зла,Роберт Хайнлайн,G. P. Putnam's Sons,США,1970,английский язык,научная фантастика
http://www.wikidata.org/entity/Q3819716,Принцип оборотня,Клиффорд Дональд Саймак,G. P. Putnam's Sons,США,1967,английский язык,научная фантастика
http://www.wikidata.org/entity/Q2538455,Дорога славы,Роберт Хайнлайн,G. P. Putnam's Sons,США,1963,американский вариант английского языка,фэнтези
http://www.wikidata.org/entity/Q586831,Дело совести,Джеймс Блиш,Ballantine Books,США,1958,английский язык,научная фантастика
http://www.wikidata.org/entity/Q2268391,Излом времени,Мадлен Л’Энгл,"Farrar, Straus and Giroux",США,1962,английский язык,научная фантастика
http://www.wikidata.org/entity/Q2268391,Излом времени,Мадлен Л’Энгл,"Farrar, Straus and Giroux",США,1963,английский язык,научная фантастика
http://www.wikidata.org/entity/Q3391635,The Space Merchants,Сирил Корнблат,Ballantine Books,США,1953,английский язык,научная фантастика
http://www.wikidata.org/entity/Q437383,Мессия Дюны,Фрэнк Герберт,G. P. Putnam's Sons,США,1969,английский язык,научная фантастика
http://www.wikidata.org/entity/Q16996930,The Infinity Box,Кейт Вильгельм,Harper,США,1975,английский язык,фэнтези
http://www.wikidata.org/entity/Q3439806,Святой Камбер,Кэтрин Куртц,Ballantine Books,США,1978,английский язык,научная фантастика
http://www.wikidata.org/entity/Q3063449,Тёмный замысел,Филип Хосе Фармер,G. P. Putnam's Sons,США,1977,английский язык,научная фантастика
http://www.wikidata.org/entity/Q1010653,"Иов, или Осмеяние справедливости",Роберт Хайнлайн,Ballantine Books,США,1984,английский язык,научная фантастика
http://www.wikidata.org/entity/Q466057,Конец детства,Артур Чарльз Кларк,Ballantine Books,США,1953,английский язык,научная фантастика
http://www.wikidata.org/entity/Q7718528,The Bladerunner,Alan E. Nourse,David McKay Publications,США,1974,английский язык,научная фантастика
http://www.wikidata.org/entity/Q3753772,Исследуя небо,Фредерик Пол,Ballantine Books,США,1954,английский язык,научная фантастика
http://www.wikidata.org/entity/Q2538455,Дорога славы,Роберт Хайнлайн,G. P. Putnam's Sons,США,1963,американский вариант английского языка,научная фантастика
http://www.wikidata.org/entity/Q1410482,Луна — суровая хозяйка,Роберт Хайнлайн,G. P. Putnam's Sons,США,1966,английский язык,научная фантастика
http://www.wikidata.org/entity/Q641258,Вечная жизнь,Джек Вэнс,Ballantine Books,США,1956,английский язык,научная фантастика
http://www.wikidata.org/entity/Q7733196,The Fall of Colossus,Dennis Feltham Jones,G. P. Putnam's Sons,США,1974,английский язык,научная фантастика
http://www.wikidata.org/entity/Q3795985,The Whole Man,Джон Браннер,Ballantine Books,США,1964,английский язык,научная фантастика
http://www.wikidata.org/entity/Q15627542,Ring Around the Sun,Bing & Bringsværd,Gyldendal Norsk Forlag,Норвегия,1967,букмол,научная фантастика
http://www.wikidata.org/entity/Q437353,Еретики Дюны,Фрэнк Герберт,G. P. Putnam's Sons,США,1984,английский язык,научная фантастика
http://www.wikidata.org/entity/Q7762565,The Science Fictional Solar System,Роберт Шекли,Harper,США,1979,английский язык,научная фантастика
http://www.wikidata.org/entity/Q375206,Создатели богов,Фрэнк Герберт,G. P. Putnam's Sons,США,1972,английский язык,научная фантастика
http://www.wikidata.org/entity/Q7762565,The Science Fictional Solar System,Theodore L. Thomas,Harper,США,1979,английский язык,научная фантастика
http://www.wikidata.org/entity/Q3222431,Белый дракон,Энн Маккефри,Ballantine Books,США,1978,английский язык,научная фантастика
http://www.wikidata.org/entity/Q2274025,Достаточно времени для любви,Роберт Хайнлайн,G. P. Putnam's Sons,США,1973,английский язык,научная фантастика
http://www.wikidata.org/entity/Q16996930,The Infinity Box,Кейт Вильгельм,Harper,США,1975,английский язык,научная фантастика
http://www.wikidata.org/entity/Q3795697,Wolfbane,Сирил Корнблат,Ballantine Books,США,1959,английский язык,научная фантастика
http://www.wikidata.org/entity/Q845613,"Больше, чем человек",Теодор Старджон,"Farrar, Straus and Giroux",США,1953,английский язык,научная фантастика
http://www.wikidata.org/entity/Q466057,Конец детства,Артур Чарльз Кларк,Ballantine Books,США,1953,британский вариант английского языка,научная фантастика
http://www.wikidata.org/entity/Q837557,Экспедиция на Землю,Артур Чарльз Кларк,Ballantine Books,США,1953,английский язык,научная фантастика
http://www.wikidata.org/entity/Q3576860,Игрушка судьбы,Клиффорд Дональд Саймак,G. P. Putnam's Sons,США,1971,английский язык,научная фантастика
http://www.wikidata.org/entity/Q2975729,Звезда под бичом,Фрэнк Герберт,G. P. Putnam's Sons,США,1970,английский язык,научная фантастика
http://www.wikidata.org/entity/Q3235720,Вверх по линии,Роберт Силверберг,Ballantine Books,США,1969,английский язык,научная фантастика
http://www.wikidata.org/entity/Q3968388,Звёздотрясение,Роберт Л. Форвард,Ballantine Books,США,1985,английский язык,научная фантастика
http://www.wikidata.org/entity/Q7720756,The Businessman: A Tale of Terror,Томас М. Диш,Harper,США,1984,английский язык,фэнтези
http://www.wikidata.org/entity/Q6725394,Macrolife,Джордж Зебровски,Harper,США,1979,английский язык,научная фантастика
http://www.wikidata.org/entity/Q7600896,Звездные похождения галактических рейнджеров,Гарри Гаррисон,G. P. Putnam's Sons,США,1973,английский язык,научная фантастика
http://www.wikidata.org/entity/Q5575703,God's Grace,Бернард Маламуд,"Farrar, Straus and Giroux",США,1982,английский язык,научная фантастика
http://www.wikidata.org/entity/Q5114250,Chronopolis and Other Stories,Джеймс Баллард,G. P. Putnam's Sons,США,1971,английский язык,научная фантастика
http://www.wikidata.org/entity/Q15627542,Ring Around the Sun,Tor Åge Bringsværd,Gyldendal Norsk Forlag,Норвегия,1967,букмол,научная фантастика
http://www.wikidata.org/entity/Q7714268,The Arm of the Starfish,Мадлен Л’Энгл,"Farrar, Straus and Giroux",США,1965,английский язык,научная фантастика
http://www.wikidata.org/entity/Q3393084,Марсианка Подкейн,Роберт Хайнлайн,G. P. Putnam's Sons,США,1963,английский язык,научная фантастика
http://www.wikidata.org/entity/Q4364850,Пленённая вселенная,Гарри Гаррисон,G. P. Putnam's Sons,США,1969,английский язык,научная фантастика
http://www.wikidata.org/entity/Q6723307,Mach 1: A Story of Planet Ionus,Аллен Адлер,"Farrar, Straus and Giroux",США,1957,английский язык,научная фантастика
http://www.wikidata.org/entity/Q3296019,Марун: Аластор 933,Джек Вэнс,Ballantine Books,США,1975,английский язык,научная фантастика
http://www.wikidata.org/entity/Q3227984,Странник,Фриц Лейбер,Ballantine Books,США,1964,английский язык,научная фантастика
http://www.wikidata.org/entity/Q7853298,Да здравствует Трансатлантический туннель! Ура!,Гарри Гаррисон,G. P. Putnam's Sons,США,1972,английский язык,научная фантастика
http://www.wikidata.org/entity/Q971280,The Fabulous Riverboat,Филип Хосе Фармер,G. P. Putnam's Sons,США,1971,английский язык,научная фантастика
http://www.wikidata.org/entity/Q2976056,Странствия дракона,Энн Маккефри,Ballantine Books,США,1971,английский язык,научная фантастика
http://www.wikidata.org/entity/Q516848,Боги Мира Реки,Филип Хосе Фармер,G. P. Putnam's Sons,США,1983,английский язык,научная фантастика
http://www.wikidata.org/entity/Q2527160,Эксперимент Досади,Фрэнк Герберт,G. P. Putnam's Sons,США,1977,английский язык,научная фантастика
http://www.wikidata.org/entity/Q7157300,Покой,Джин Вулф,Harper,США,1975,английский язык,фэнтези
http://www.wikidata.org/entity/Q3209921,Милость Келсона,Кэтрин Куртц,Ballantine Books,США,1985,английский язык,научная фантастика
http://www.wikidata.org/entity/Q3548730,Тернии,Роберт Силверберг,Ballantine Books,США,1967,американский вариант английского языка,научная фантастика
http://www.wikidata.org/entity/Q3204093,Инцидент с Иисусом,Фрэнк Герберт,G. P. Putnam's Sons,США,1979,английский язык,научная фантастика
http://www.wikidata.org/entity/Q401619,Бог-император Дюны,Фрэнк Герберт,G. P. Putnam's Sons,США,1981,английский язык,научная фантастика
http://www.wikidata.org/entity/Q3753772,Исследуя небо,Сирил Корнблат,Ballantine Books,США,1954,английский язык,научная фантастика
http://www.wikidata.org/entity/Q3214259,Квадраты шахматного города,Джон Браннер,Ballantine Books,США,1965,английский язык,научная фантастика
http://www.wikidata.org/entity/Q7991087,Куда приводят мечты,Ричард Мэтисон,G. P. Putnam's Sons,США,1978,английский язык,фэнтези
http://www.wikidata.org/entity/Q3391635,The Space Merchants,Фредерик Пол,Ballantine Books,США,1953,английский язык,научная фантастика
http://www.wikidata.org/entity/Q7762565,The Science Fictional Solar System,Alan E. Nourse,Harper,США,1979,английский язык,научная фантастика
http://www.wikidata.org/entity/Q2502043,Восстаньте из праха,Филип Хосе Фармер,G. P. Putnam's Sons,США,1971,английский язык,научная фантастика
http://www.wikidata.org/entity/Q3878511,Norstrilia,Пол Смит,Ballantine Books,США,1975,английский язык,научная фантастика
http://www.wikidata.org/entity/Q2920661,Вечный Тук,Натали Баббитт,"Farrar, Straus and Giroux",США,1975,английский язык,фэнтези
http://www.wikidata.org/entity/Q15627542,Ring Around the Sun,Jon Bing,Gyldendal Norsk Forlag,Норвегия,1967,букмол,научная фантастика
http://www.wikidata.org/entity/Q16386314,The Incandescent Ones,Фред Хойл,Harper,США,1977,английский язык,научная фантастика
http://www.wikidata.org/entity/Q929821,Чужак в чужой стране,Роберт Хайнлайн,G. P. Putnam's Sons,США,1961,английский язык,научная фантастика
http://www.wikidata.org/entity/Q7737975,The Great Victorian Collection,Браян Мур,"Farrar, Straus and Giroux",США,1975,английский язык,фэнтези
http://www.wikidata.org/entity/Q13912,"Там, где живут чудовища",Морис Сендак,Harper,США,1963,испанский язык,фэнтези
http://www.wikidata.org/entity/Q7762565,The Science Fictional Solar System,Роберт Франклин Янг,Harper,США,1979,английский язык,научная фантастика
http://www.wikidata.org/entity/Q1144667,Порог,Урсула Крёбер Ле Гуин,Harper,США,1980,английский язык,фэнтези
http://www.wikidata.org/entity/Q3208081,Морита — повелительница драконов,Энн Маккефри,Ballantine Books,США,1983,английский язык,научная фантастика
http://www.wikidata.org/entity/Q5247664,Deathbird Stories,Харлан Эллисон,Harper,США,1975,английский язык,фэнтези
http://www.wikidata.org/entity/Q16386314,The Incandescent Ones,Geoffrey Hoyle,Harper,США,1977,английский язык,научная фантастика
http://www.wikidata.org/entity/Q2268391,Излом времени,Мадлен Л’Энгл,"Farrar, Straus and Giroux",США,1962,английский язык,фэнтези
http://www.wikidata.org/entity/Q2268391,Излом времени,Мадлен Л’Энгл,"Farrar, Straus and Giroux",США,1963,английский язык,фэнтези
http://www.wikidata.org/entity/Q437365,Дети Дюны,Фрэнк Герберт,G. P. Putnam's Sons,США,1976,английский язык,научная фантастика
http://www.wikidata.org/entity/Q3204093,Инцидент с Иисусом,Биллом Рэнсом,G. P. Putnam's Sons,США,1979,английский язык,научная фантастика
http://www.wikidata.org/entity/Q5299563,"Double, Double",Джон Браннер,Ballantine Books,США,1969,английский язык,научная фантастика
http://www.wikidata.org/entity/Q4411127,Свободное владение Фарнхэма,Роберт Хайнлайн,G. P. Putnam's Sons,США,1964,английский язык,научная фантастика
http://www.wikidata.org/entity/Q3795697,Wolfbane,Фредерик Пол,Ballantine Books,США,1959,английский язык,научная фантастика
http://www.wikidata.org/entity/Q5309346,Походка пьяницы,Фредерик Пол,Ballantine Books,США,1960,английский язык,научная фантастика
http://www.wikidata.org/entity/Q5243636,Dayworld,Филип Хосе Фармер,G. P. Putnam's Sons,США,1985,английский язык,научная фантастика
http://www.wikidata.org/entity/Q7762565,The Science Fictional Solar System,Терри Карр,Harper,США,1979,английский язык,научная фантастика
http://www.wikidata.org/entity/Q7362414,Romance of Atlantis,Taylor Caldwell,Fawcett Publications,США,1975,английский язык,фэнтези
http://www.wikidata.org/entity/Q2703133,Число зверя,Роберт Хайнлайн,Fawcett Publications,США,1980,английский язык,научная фантастика
http://www.wikidata.org/entity/Q1627253,Осмотр на месте,Станислав Лем,Wydawnictwo Literackie,Польша,1982,польский язык,научная фантастика
http://www.wikidata.org/entity/Q7772724,The Vintage Bradbury,Рэй Брэдбери,Vintage Books,США,1965,английский язык,фэнтези
http://www.wikidata.org/entity/Q5373014,Emma in Winter,Penelope Farmer,Chatto & Windus,Великобритания,1966,английский язык,фэнтези
http://www.wikidata.org/entity/Q7762565,The Science Fictional Solar System,Ларри Нивен,Harper,США,1979,английский язык,научная фантастика
http://www.wikidata.org/entity/Q353231,На волне шока,Джон Браннер,Harper,США,1975,английский язык,научная фантастика
http://www.wikidata.org/entity/Q7762565,The Science Fictional Solar System,Джеймс Блиш,Harper,США,1979,английский язык,научная фантастика
http://www.wikidata.org/entity/Q5406934,Бесконечная война,Джо Холдеман,St. Martin's Press,США,1974,английский язык,научная фантастика
http://www.wikidata.org/entity/Q7739603,Верховный король,Ллойд Александер,Henry Holt and Company,США,1968,английский язык,фэнтези
http://www.wikidata.org/entity/Q7716875,The Best of Arthur C. Clarke,Артур Чарльз Кларк,Sidgwick & Jackson,Великобритания,1973,английский язык,научная фантастика
http://www.wikidata.org/entity/Q7751045,Война торговцев космосом,Фредерик Пол,St. Martin's Press,США,1984,английский язык,научная фантастика
http://www.wikidata.org/entity/Q23307323,Clay's Ark,Октавия Батлер,St. Martin's Press,США,1984,английский язык,научная фантастика
http://www.wikidata.org/entity/Q1196725,Насморк,Станислав Лем,Wydawnictwo Literackie,Польша,1976,польский язык,научная фантастика
http://www.wikidata.org/entity/Q848517,Пикник на обочине,братья Стругацкие,Emecé Editores,Аргентина,1972,русский язык,научная фантастика
http://www.wikidata.org/entity/Q7730296,The Disaster Area,Джеймс Баллард,Jonathan Cape,Великобритания,1967,английский язык,научная фантастика
http://www.wikidata.org/entity/Q5086142,Charlotte Sometimes,Penelope Farmer,Chatto & Windus,Великобритания,1969,английский язык,фэнтези
http://www.wikidata.org/entity/Q7762565,The Science Fictional Solar System,Артур Чарльз Кларк,Harper,США,1979,английский язык,научная фантастика
http://www.wikidata.org/entity/Q7804949,Time Cat: The Remarkable Journeys of Jason and Gareth,Ллойд Александер,Henry Holt and Company,США,1963,английский язык,фэнтези
http://www.wikidata.org/entity/Q11822026,Q11822026,Станислав Лем,Wydawnictwo Literackie,Польша,1965,польский язык,научная фантастика
http://www.wikidata.org/entity/Q7762565,The Science Fictional Solar System,Фриц Лейбер,Harper,США,1979,английский язык,научная фантастика
http://www.wikidata.org/entity/Q4911990,Мозг стоимостью в миллиард долларов,Лен Дейтон,Jonathan Cape,Великобритания,1966,английский язык,научная фантастика
http://www.wikidata.org/entity/Q7772724,The Vintage Bradbury,Рэй Брэдбери,Vintage Books,США,1965,английский язык,научная фантастика
http://www.wikidata.org/entity/Q1083082,The Atrocity Exhibition,Джеймс Баллард,Grove Press,США,1970,английский язык,научная фантастика
http://www.wikidata.org/entity/Q1989821,Книга Трёх,Ллойд Александер,Henry Holt and Company,США,1964,английский язык,фэнтези
http://www.wikidata.org/entity/Q12021770,Q12021770,Станислав Лем,Wydawnictwo Literackie,Польша,1959,польский язык,научная фантастика
http://www.wikidata.org/entity/Q7762565,The Science Fictional Solar System,Айзек Азимов,Harper,США,1979,английский язык,научная фантастика
http://www.wikidata.org/entity/Q1195350,Волхв,Джон Роберт Фаулз,Jonathan Cape,Великобритания,1965,английский язык,фэнтези
http://www.wikidata.org/entity/Q1171521,The Enormous Crocodile,Роальд Даль,Jonathan Cape,Великобритания,1978,английский язык,фэнтези
http://www.wikidata.org/entity/Q1083082,The Atrocity Exhibition,Джеймс Баллард,Jonathan Cape,Великобритания,1970,английский язык,научная фантастика
http://www.wikidata.org/entity/Q3135306,Где допоздна так сладко пели птицы,Кейт Вильгельм,Harper,США,1976,английский язык,научная фантастика
http://www.wikidata.org/entity/Q651682,Врата,Фредерик Пол,St. Martin's Press,США,1976,английский язык,научная фантастика
http://www.wikidata.org/entity/Q1463723,Shikasta,Дорис Лессинг,Jonathan Cape,Великобритания,1979,английский язык,научная фантастика
http://www.wikidata.org/entity/Q1641639,Фрайди,Роберт Хайнлайн,Henry Holt and Company,США,1982,английский язык,научная фантастика
http://www.wikidata.org/entity/Q7332458,Riddley Walker,Рассел Хобан,Jonathan Cape,Великобритания,1980,английский язык,научная фантастика
http://www.wikidata.org/entity/Q780585,A Planet Called Treason,Орсон Скотт Кард,St. Martin's Press,США,1979,английский язык,научная фантастика
http://www.wikidata.org/entity/Q7750420,"Браки между Зонами Три, Четыре и Пять",Дорис Лессинг,Jonathan Cape,Великобритания,1980,английский язык,научная фантастика
http://www.wikidata.org/entity/Q3227879,The Sheep Look Up,Джон Браннер,Harper,США,1972,английский язык,научная фантастика
http://www.wikidata.org/entity/Q3209168,Хрустальный мир,Джеймс Баллард,Jonathan Cape,Великобритания,1966,английский язык,научная фантастика
http://www.wikidata.org/entity/Q7749734,Создание Представителя для Планеты Восемь,Дорис Лессинг,Jonathan Cape,Великобритания,1981,английский язык,научная фантастика
http://www.wikidata.org/entity/Q7749734,Создание Представителя для Планеты Восемь,Дорис Лессинг,Jonathan Cape,Великобритания,1982,английский язык,научная фантастика
http://www.wikidata.org/entity/Q4677090,Всегда возвращаясь домой,Урсула Крёбер Ле Гуин,Harper,США,1985,английский язык,научная фантастика
http://www.wikidata.org/entity/Q58509858,Cosmicomiche vecchie e nuove,Итало Кальвино,Garzanti,Италия,1984,итальянский язык,научная фантастика
http://www.wikidata.org/entity/Q9170006,Q9170006,Станислав Лем,Wydawnictwo Literackie,Польша,1971,польский язык,научная фантастика
http://www.wikidata.org/entity/Q4354234,Британские СС,Лен Дейтон,Jonathan Cape,Великобритания,1978,английский язык,научная фантастика
http://www.wikidata.org/entity/Q7685379,Тарен Странник,Ллойд Александер,Henry Holt and Company,США,1967,английский язык,фэнтези
http://www.wikidata.org/entity/Q7738276,The Grey King,Сьюзэн Купер,Chatto & Windus,Великобритания,1975,английский язык,фэнтези
http://www.wikidata.org/entity/Q4003215,"Привет, Америка!",Джеймс Баллард,Jonathan Cape,Великобритания,1981,английский язык,научная фантастика
http://www.wikidata.org/entity/Q7737975,The Great Victorian Collection,Браян Мур,Jonathan Cape,Великобритания,1975,английский язык,фэнтези
http://www.wikidata.org/entity/Q7763309,Сентиментальные агенты в Империи Волиен,Дорис Лессинг,Jonathan Cape,Великобритания,1983,английский язык,научная фантастика
http://www.wikidata.org/entity/Q4677090,Всегда возвращаясь домой,Урсула Крёбер Ле Гуин,Harper,США,1985,американский вариант английского языка,научная фантастика
http://www.wikidata.org/entity/Q3223327,The Immortals,Рене Баржавель,Presses de la Cité,Франция,1973,французский язык,научная фантастика
http://www.wikidata.org/entity/Q1723311,Поле боя — Земля,Лафайет Рональд Хаббард,St. Martin's Press,США,1982,английский язык,научная фантастика
http://www.wikidata.org/entity/Q7761331,The Rod of Light,Баррингтон Джон Бейли,Methuen Publishing,Великобритания,1985,английский язык,научная фантастика
http://www.wikidata.org/entity/Q4785920,Ловушка для волшебников,Диана Уинн Джонс,Methuen Publishing,Великобритания,1984,английский язык,фэнтези
http://www.wikidata.org/entity/Q7762565,The Science Fictional Solar System,Пол Уильям Андерсон,Harper,США,1979,английский язык,научная фантастика
http://www.wikidata.org/entity/Q3331834,Myths of the Near Future,Джеймс Баллард,Jonathan Cape,Великобритания,1982,английский язык,научная фантастика
http://www.wikidata.org/entity/Q123574544,The Solar Wind,Куллерво Куккасджарви,WSOY,Финляндия,1975,финский язык,научная фантастика
http://www.wikidata.org/entity/Q3221672,Граф Карлштайн,Филип Пулман,Chatto & Windus,Великобритания,1982,английский язык,фэнтези
http://www.wikidata.org/entity/Q3176923,Сын Кунга,Фредерик Пол,St. Martin's Press,США,1979,английский язык,научная фантастика
http://www.wikidata.org/entity/Q7771659,Фабрика Грёз Unlimited,Джеймс Баллард,Jonathan Cape,Великобритания,1979,английский язык,фэнтези
http://www.wikidata.org/entity/Q3878871,Nights at the Circus,Анджела Картер,Chatto & Windus,Великобритания,1984,английский язык,фэнтези
http://www.wikidata.org/entity/Q5451523,Рыцарь на золотом коне,Диана Уинн Джонс,Methuen Publishing,Великобритания,1984,английский язык,фэнтези
http://www.wikidata.org/entity/Q11792642,Лунная ночь,Станислав Лем,Wydawnictwo Literackie,Польша,1963,польский язык,научная фантастика
http://www.wikidata.org/entity/Q2732094,Человек в лабиринте,Роберт Силверберг,Sidgwick & Jackson,Великобритания,1969,английский язык,научная фантастика
http://www.wikidata.org/entity/Q7460626,Shadow and Claw,Джин Вулф,Sidgwick & Jackson,Великобритания,1983,английский язык,научная фантастика
http://www.wikidata.org/entity/Q1048615,Кибериада,Станислав Лем,Wydawnictwo Literackie,Польша,1965,польский язык,научная фантастика
http://www.wikidata.org/entity/Q1048615,Кибериада,Станислав Лем,Wydawnictwo Literackie,Польша,1985,польский язык,научная фантастика
http://www.wikidata.org/entity/Q1214745,Маска,Станислав Лем,Wydawnictwo Literackie,Польша,1976,польский язык,научная фантастика
http://www.wikidata.org/entity/Q937248,Рассказы о пилоте Пирксе,Станислав Лем,Wydawnictwo Literackie,Польша,1968,польский язык,научная фантастика
http://www.wikidata.org/entity/Q6273369,Сириус экспериментирует,Дорис Лессинг,Jonathan Cape,Великобритания,1980,английский язык,научная фантастика
http://www.wikidata.org/entity/Q5813573,Сон на солнце,Адольфо Биой Касарес,Emecé Editores,Аргентина,1973,,научная фантастика
http://www.wikidata.org/entity/Q24952369,Women of Wonder,Pamela Sargent,Vintage Books,США,1975,английский язык,научная фантастика
http://www.wikidata.org/entity/Q2538493,Пески Марса,Артур Чарльз Кларк,Sidgwick & Jackson,Великобритания,1951,английский язык,научная фантастика
http://www.wikidata.org/entity/Q7997187,Who Censored Roger Rabbit?,Гэри Вульф,St. Martin's Press,США,1981,английский язык,фэнтези
http://www.wikidata.org/entity/Q7771659,Фабрика Грёз Unlimited,Джеймс Баллард,Jonathan Cape,Великобритания,1979,английский язык,научная фантастика
http://www.wikidata.org/entity/Q2012418,Острова в небе,Артур Чарльз Кларк,Sidgwick & Jackson,Великобритания,1952,английский язык,научная фантастика
http://www.wikidata.org/entity/Q8717304,Сказки роботов,Станислав Лем,Wydawnictwo Literackie,Польша,1964,польский язык,научная фантастика
http://www.wikidata.org/entity/Q5451523,Рыцарь на золотом коне,Диана Уинн Джонс,Methuen Publishing,Великобритания,1984,английский язык,научная фантастика
http://www.wikidata.org/entity/Q1940145,Волшебный автомобиль Чих-Чих-Бум-Бум,Ян Флеминг,Jonathan Cape,Великобритания,1964,английский язык,фэнтези
http://www.wikidata.org/entity/Q1063587,Тигр! Тигр!,Альфред Бестер,Sidgwick & Jackson,Великобритания,1956,английский язык,научная фантастика
http://www.wikidata.org/entity/Q7721592,Замок Ллира,Ллойд Александер,Henry Holt and Company,США,1966,английский язык,фэнтези
http://www.wikidata.org/entity/Q5457634,Flashing Swords! 5: Demons and Daggers,Лин Картер,Nelson Doubleday,,1981,английский язык,фэнтези
http://www.wikidata.org/entity/Q7858017,Twilight at the Well of Souls,Джек Чалкер,Del Rey Books,,1980,английский язык,научная фантастика
http://www.wikidata.org/entity/Q2652159,Удар Ступнёй,Джерри Пурнель,Del Rey Books,,1985,английский язык,научная фантастика
http://www.wikidata.org/entity/Q1773137,Меч Шаннары,Терренс Дин Брукс,Del Rey Books,,1977,английский язык,фэнтези
http://www.wikidata.org/entity/Q4753427,And the Devil Will Drag You Under,Джек Чалкер,Del Rey Books,,1979,английский язык,фэнтези
http://www.wikidata.org/entity/Q19863072,Ganymedes 5,Vincent van der Linden,Бруна,,1980,нидерландский язык,научная фантастика
http://www.wikidata.org/entity/Q7765533,Источник магии,Пирс Энтони,Del Rey Books,,1979,английский язык,фэнтези
http://www.wikidata.org/entity/Q7732001,The Enchanted Island of Oz,Рут Пламли Томпсон,The International Wizard of Oz Club,,1976,английский язык,фэнтези
http://www.wikidata.org/entity/Q6671670,Lonely Vigils,Мэнли Уэйд Веллман,Каркоза,,1981,английский язык,фэнтези
http://www.wikidata.org/entity/Q18636855,Han Solo and the Lost Legacy,Brian Daley,Del Rey Books,,1980,американский вариант английского языка,научная фантастика
http://www.wikidata.org/entity/Q4876743,Властью Песочных Часов,Пирс Энтони,Del Rey Books,,1984,английский язык,фэнтези
http://www.wikidata.org/entity/Q751752,Встреча с Хичи,Фредерик Пол,Del Rey Books,,1984,английский язык,научная фантастика
http://www.wikidata.org/entity/Q7271488,В поисках Колодца Душ,Джек Чалкер,Del Rey Books,,1978,английский язык,научная фантастика
http://www.wikidata.org/entity/Q3795592,Return of the Jedi,Джеймс Кан,Del Rey Books,,1983,английский язык,научная фантастика
http://www.wikidata.org/entity/Q6547848,Лилит: змея в траве,Джек Чалкер,Del Rey Books,,1981,английский язык,научная фантастика
http://www.wikidata.org/entity/Q7760416,The Return of Nathan Brazil,Джек Чалкер,Del Rey Books,,1980,английский язык,научная фантастика
http://www.wikidata.org/entity/Q5457629,Flashing Swords! 1,Лин Картер,Nelson Doubleday,,1973,английский язык,фэнтези
http://www.wikidata.org/entity/Q4253339,Лаксианский ключ,Роберт Шекли,Galaxy Science Fiction,,1954,английский язык,научная фантастика
http://www.wikidata.org/entity/Q7942410,Voyage from Yesteryear,James P. Hogan,Del Rey Books,,1982,английский язык,научная фантастика
http://www.wikidata.org/entity/Q5466784,Ради любви к не-матери,Алан Дин Фостер,Del Rey Books,,1983,английский язык,научная фантастика
http://www.wikidata.org/entity/Q1773137,Меч Шаннары,Терренс Дин Брукс,Del Rey Books,,1977,американский вариант английского языка,фэнтези
http://www.wikidata.org/entity/Q3028014,Дилвиш Проклятый,Роджер Желязны,Del Rey Books,,1982,английский язык,фэнтези
http://www.wikidata.org/entity/Q2655574,Умирающая Земля,Джек Вэнс,Hillman Periodicals,,1950,английский язык,фэнтези
http://www.wikidata.org/entity/Q7942431,Путешествие в Город мёртвых,Алан Дин Фостер,Del Rey Books,,1984,английский язык,научная фантастика
http://www.wikidata.org/entity/Q7455078,Район Змеи,Кэролайн Черри,Nelson Doubleday,,1980,английский язык,научная фантастика
http://www.wikidata.org/entity/Q7768583,The Texas-Israeli War: 1999,Howard Waldrop,Del Rey Books,,1974,английский язык,научная фантастика
http://www.wikidata.org/entity/Q7600901,Star Songs of an Old Primate,Джеймс Типтри-младший,Del Rey Books,,1978,английский язык,научная фантастика
http://www.wikidata.org/entity/Q7736092,The Genesis Machine,James P. Hogan,Del Rey Books,,1978,английский язык,научная фантастика
http://www.wikidata.org/entity/Q3202921,Песнь Шаннары,Терренс Дин Брукс,Del Rey Books,,1985,английский язык,фэнтези
http://www.wikidata.org/entity/Q7607432,При дворе Вечного Императора,Аллан Коул,Del Rey Books,,1985,английский язык,научная фантастика
http://www.wikidata.org/entity/Q5135263,У критической точки,Хол Клемент,Del Rey Books,,1964,английский язык,научная фантастика
http://www.wikidata.org/entity/Q7732126,Конец материи,Алан Дин Фостер,Del Rey Books,,1977,английский язык,научная фантастика
http://www.wikidata.org/entity/Q6807339,Медуза: прыжок тигра,Джек Чалкер,Del Rey Books,,1983,английский язык,научная фантастика
http://www.wikidata.org/entity/Q5166395,Convergent Series,Ларри Нивен,Del Rey Books,,1979,,научная фантастика
http://www.wikidata.org/entity/Q10470053,Раненая Страна,Стивен Дональдсон,Del Rey Books,,1980,английский язык,фэнтези
http://www.wikidata.org/entity/Q7741981,The Infinitive of Go,Джон Браннер,Del Rey Books,,1980,английский язык,научная фантастика
http://www.wikidata.org/entity/Q5420298,Изгнанники у Колодца Душ,Джек Чалкер,Del Rey Books,,1978,английский язык,научная фантастика
http://www.wikidata.org/entity/Q5985957,Ледовое снаряжение,Алан Дин Фостер,Del Rey Books,,1974,английский язык,научная фантастика
http://www.wikidata.org/entity/Q120140168,Rock Diver,Гарри Гаррисон,Hillman Periodicals,,1951,английский язык,научная фантастика
http://www.wikidata.org/entity/Q15526386,Танцовщица из Атлантиды,Пол Уильям Андерсон,Nelson Doubleday,,1972,английский язык,научная фантастика
http://www.wikidata.org/entity/Q4631904,24 вида горы Фудзи кисти Хокусая,Роджер Желязны,Asimov’s Science Fiction,,1985,английский язык,научная фантастика
http://www.wikidata.org/entity/Q18636852,Han Solo's Revenge,Brian Daley,Del Rey Books,,1979,американский вариант английского языка,научная фантастика
http://www.wikidata.org/entity/Q5086609,Харон: дракон в воротах,Джек Чалкер,Del Rey Books,,1982,английский язык,научная фантастика
http://www.wikidata.org/entity/Q6484850,Ландо Калриссиан и Арфа Души народа шару,Л. Нил Смит,Del Rey Books,,1983,английский язык,научная фантастика
http://www.wikidata.org/entity/Q3208081,Морита — повелительница драконов,Энн Маккефри,Del Rey Books,,1983,английский язык,научная фантастика
http://www.wikidata.org/entity/Q5063905,Цербер: волк в овчарне,Джек Чалкер,Del Rey Books,,1982,английский язык,научная фантастика
http://www.wikidata.org/entity/Q7962593,Стена вокруг Звезды,Фредерик Пол,Del Rey Books,,1983,английский язык,научная фантастика
http://www.wikidata.org/entity/Q7339610,Дорожные знаки,Роджер Желязны,Del Rey Books,,1979,английский язык,научная фантастика
http://www.wikidata.org/entity/Q21893607,Мастодония,Клиффорд Дональд Саймак,Del Rey Books,,1978,английский язык,научная фантастика
http://www.wikidata.org/entity/Q7607430,Стэн,Аллан Коул,Del Rey Books,,1982,английский язык,научная фантастика
http://www.wikidata.org/entity/Q15032746,Yankee in Oz,Рут Пламли Томпсон,The International Wizard of Oz Club,,1972,английский язык,фэнтези
http://www.wikidata.org/entity/Q7091247,На коне бледном,Пирс Энтони,Del Rey Books,,1983,английский язык,фэнтези
http://www.wikidata.org/entity/Q7768583,The Texas-Israeli War: 1999,Jake Saunders,Del Rey Books,,1974,английский язык,научная фантастика
http://www.wikidata.org/entity/Q7607431,Sten Adventures Book 2: The Wolf Worlds,Аллан Коул,Del Rey Books,,1984,английский язык,научная фантастика
http://www.wikidata.org/entity/Q3818036,The Empire Strikes Back,Дональд Ф. Глют,Del Rey Books,,1980,английский язык,научная фантастика
http://www.wikidata.org/entity/Q10470112,Обладатель белого золота,Стивен Дональдсон,Del Rey Books,,1983,английский язык,фэнтези
http://www.wikidata.org/entity/Q538742,За синим горизонтом событий,Фредерик Пол,Del Rey Books,,1980,английский язык,научная фантастика
http://www.wikidata.org/entity/Q2234253,Трижды судьба,Фриц Лейбер,Galaxy Science Fiction,,1957,английский язык,научная фантастика
http://www.wikidata.org/entity/Q13182043,The Best of Philip K. Dick,Филип Дик,Del Rey Books,,1977,американский вариант английского языка,научная фантастика
http://www.wikidata.org/entity/Q4631904,24 вида горы Фудзи кисти Хокусая,Роджер Желязны,Asimov’s Science Fiction,,1985,американский вариант английского языка,научная фантастика
http://www.wikidata.org/entity/Q6842848,Полночь у Колодца Душ,Джек Чалкер,Del Rey Books,,1977,английский язык,научная фантастика
http://www.wikidata.org/entity/Q5015918,Cachalot,Алан Дин Фостер,Del Rey Books,,1980,английский язык,научная фантастика
http://www.wikidata.org/entity/Q2262725,Осколок Кристалла Власти,Алан Дин Фостер,Del Rey Books,,1978,английский язык,научная фантастика
http://www.wikidata.org/entity/Q5434585,"Far Lands, Other Days",Эдгар Хоффман Прайс,Каркоза,,1975,английский язык,фэнтези
http://www.wikidata.org/entity/Q130613947,Лагерь «Хауксбиль»,Роберт Силверберг,Galaxy Science Fiction,,1967,английский язык,научная фантастика
http://www.wikidata.org/entity/Q2652159,Удар Ступнёй,Ларри Нивен,Del Rey Books,,1985,английский язык,научная фантастика
http://www.wikidata.org/entity/Q1010653,"Иов, или Осмеяние справедливости",Роберт Хайнлайн,Del Rey Books,,1984,английский язык,фэнтези
http://www.wikidata.org/entity/Q7451204,Приговорённый к Призме,Алан Дин Фостер,Del Rey Books,,1985,английский язык,научная фантастика
http://www.wikidata.org/entity/Q5457630,Flashing Swords! 2,Лин Картер,Nelson Doubleday,,1973,английский язык,фэнтези
http://www.wikidata.org/entity/Q7607432,При дворе Вечного Императора,Кристофер Банч,Del Rey Books,,1985,английский язык,научная фантастика
http://www.wikidata.org/entity/Q10469939,Первое дерево,Стивен Дональдсон,Del Rey Books,,1982,английский язык,фэнтези
http://www.wikidata.org/entity/Q2418926,Планета обезьян,Пьер Буль,"Издательство ""Жульяр""",,1963,французский язык,научная фантастика
http://www.wikidata.org/entity/Q3234684,Эльфийские камни Шаннары,Терренс Дин Брукс,Del Rey Books,,1982,английский язык,фэнтези
http://www.wikidata.org/entity/Q7103925,Звезда сироты,Алан Дин Фостер,Del Rey Books,,1977,английский язык,научная фантастика
http://www.wikidata.org/entity/Q7111754,Out of the Everywhere and Other Extraordinary Visions,Джеймс Типтри-младший,Del Rey Books,,1981,английский язык,научная фантастика
http://www.wikidata.org/entity/Q7314127,Report on Probability A,Брайан Олдис,New Worlds,,1967,английский язык,научная фантастика
http://www.wikidata.org/entity/Q6878850,Миссия в Молокин,Алан Дин Фостер,Del Rey Books,,1979,английский язык,научная фантастика
http://www.wikidata.org/entity/Q7722097,Очарованная земля,Роджер Желязны,Del Rey Books,,1981,английский язык,фэнтези
http://www.wikidata.org/entity/Q4185859,Замок Ругна,Пирс Энтони,Del Rey Books,,1979,английский язык,фэнтези
http://www.wikidata.org/entity/Q7607430,Стэн,Кристофер Банч,Del Rey Books,,1982,английский язык,научная фантастика
http://www.wikidata.org/entity/Q7607431,Sten Adventures Book 2: The Wolf Worlds,Кристофер Банч,Del Rey Books,,1984,английский язык,научная фантастика
http://www.wikidata.org/entity/Q7050019,Nor Crystal Tears,Алан Дин Фостер,Del Rey Books,,1982,английский язык,научная фантастика
http://www.wikidata.org/entity/Q1010653,"Иов, или Осмеяние справедливости",Роберт Хайнлайн,Del Rey Books,,1984,английский язык,научная фантастика
http://www.wikidata.org/entity/Q6785292,Master of the Five Magics,Lyndon Hardy,Del Rey Books,,1980,английский язык,фэнтези
http://www.wikidata.org/entity/Q3782938,Han Solo at Stars' End,Brian Daley,Del Rey Books,,1979,американский вариант английского языка,научная фантастика
http://www.wikidata.org/entity/Q5457631,Flashing Swords! 3: Warriors and Wizards,Лин Картер,Nelson Doubleday,,1976,английский язык,фэнтези
http://www.wikidata.org/entity/Q8036963,Worse Things Waiting,Мэнли Уэйд Веллман,Каркоза,,1973,английский язык,фэнтези
http://www.wikidata.org/entity/Q902990,Cosmicomics,Итало Кальвино,Джулио Эйнауди,,1965,итальянский язык,научная фантастика
http://www.wikidata.org/entity/Q7879215,Ullward's Retreat,Джек Вэнс,Galaxy Science Fiction,,1958,английский язык,научная фантастика
http://www.wikidata.org/entity/Q5457632,Flashing Swords! 4: Barbarians and Black Magicians,Лин Картер,Nelson Doubleday,,1977,английский язык,фэнтези
http://www.wikidata.org/entity/Q7734731,The Forbidden Fountain of Oz,Элоиза Джарвис Мак-Гроу,The International Wizard of Oz Club,,1980,английский язык,фэнтези
http://www.wikidata.org/entity/Q5278647,Планета динозавров II,Энн Маккефри,Del Rey Books,,1984,английский язык,научная фантастика
http://www.wikidata.org/entity/Q5554060,Get Off the Unicorn,Энн Маккефри,Del Rey Books,,1977,английский язык,научная фантастика
http://www.wikidata.org/entity/Q7563353,Sorcerer's Son,Phyllis Eisenstein,Del Rey Books,,1979,английский язык,фэнтези
http://www.wikidata.org/entity/Q513228,Туманность Андромеды,Иван Антонович Ефремов,Foreign Languages Publishing House,,1957,русский язык,научная фантастика
http://www.wikidata.org/entity/Q33026961,Vom Himmel hoch,Gerhard Branstner,Verlag Das Neue Berlin,,1974,,научная фантастика
http://www.wikidata.org/entity/Q6785292,Master of the Five Magics,Lyndon Hardy,Del Rey Books,,1980,английский язык,научная фантастика
http://www.wikidata.org/entity/Q5223283,Тёмное солнце,Филип Хосе Фармер,Del Rey Books,,1979,английский язык,научная фантастика
http://www.wikidata.org/entity/Q7962593,Стена вокруг Звезды,Джек Уильямсон,Del Rey Books,,1983,английский язык,научная фантастика
http://www.wikidata.org/entity/Q7607430,Стэн,Кристофер Банч,Orbit Books,,1982,английский язык,научная фантастика
http://www.wikidata.org/entity/Q7607431,Sten Adventures Book 2: The Wolf Worlds,Кристофер Банч,Orbit Books,,1984,английский язык,научная фантастика
http://www.wikidata.org/entity/Q3235087,Крысы,Джеймс Герберт,New English Library,,1974,английский язык,научная фантастика
http://www.wikidata.org/entity/Q127503827,Mój księżycowy pech,Ежи Брошкевич,Nasza Księgarnia,,1970,польский язык,фэнтези
http://www.wikidata.org/entity/Q5434335,Fantasy Twin,Лайон Спрэг де Камп,"Fantasy Publishing Company, Inc.",,1951,английский язык,фэнтези
http://www.wikidata.org/entity/Q137593180,Vatican III,Тьерри Бретон,Robert Laffont,,1985,французский язык,научная фантастика
http://www.wikidata.org/entity/Q1304748,Жук в муравейнике,братья Стругацкие,Знание — сила,,1979,русский язык,научная фантастика
http://www.wikidata.org/entity/Q4655363,A Barnstormer in Oz,Филип Хосе Фармер,Phantasia Press,,1981,английский язык,фэнтези
http://www.wikidata.org/entity/Q4655363,A Barnstormer in Oz,Филип Хосе Фармер,Phantasia Press,,1982,английский язык,фэнтези
http://www.wikidata.org/entity/Q9192201,Ci z Dziesiątego Tysiąca,Ежи Брошкевич,Nasza Księgarnia,,1962,польский язык,фэнтези
http://www.wikidata.org/entity/Q12720083,Агент Хаоса,Норман Спинрад,Belmont Books,,1967,английский язык,научная фантастика
http://www.wikidata.org/entity/Q122888588,Q122888588,Adam Hollanek,Ведза Повшехна,,1958,польский язык,научная фантастика
http://www.wikidata.org/entity/Q489581,Песнь Кали,Дэн Симмонс,James Frenkel,,1985,американский вариант английского языка,фэнтези
http://www.wikidata.org/entity/Q7752158,The Moon Maiden,Гаррет Сёвисс,"Fantasy Publishing Company, Inc.",,1978,английский язык,научная фантастика
http://www.wikidata.org/entity/Q7776183,The Worlds of Frank Herbert,Фрэнк Герберт,New English Library,,1970,английский язык,научная фантастика
http://www.wikidata.org/entity/Q7433453,Science-Fantasy Quintette,Лафайет Рональд Хаббард,"Fantasy Publishing Company, Inc.",,1953,английский язык,научная фантастика
http://www.wikidata.org/entity/Q4481617,Фаэты,"Казанцев, Александр Петрович",Детская литература,,1974,русский язык,фэнтези
http://www.wikidata.org/entity/Q5278647,Планета динозавров II,Энн Маккефри,Orbit Books,,1984,английский язык,научная фантастика
http://www.wikidata.org/entity/Q7256430,Психомех,Брайан Ламли,Grafton,,1984,английский язык,фэнтези
http://www.wikidata.org/entity/Q11711771,Q11711771,Януш Анджей Зайдель,Nasza Księgarnia,,1976,польский язык,научная фантастика
http://www.wikidata.org/entity/Q3792899,Чёрным по чёрному,Тим Пауэрс,Grafton,,1979,английский язык,фэнтези
http://www.wikidata.org/entity/Q7268352,Quadratic,Уильям Олаф Стэплдон,"Fantasy Publishing Company, Inc.",,1953,английский язык,научная фантастика
http://www.wikidata.org/entity/Q5505392,From Death to the Stars,Лафайет Рональд Хаббард,"Fantasy Publishing Company, Inc.",,1953,английский язык,фэнтези
http://www.wikidata.org/entity/Q71294530,The Piccadilly Interval,Эдмунд Купер,Panther Books,,1963,английский язык,научная фантастика
http://www.wikidata.org/entity/Q23307383,Fifty Short Science Fiction Tales,Cleve Cartmill,Collier Books,,1963,английский язык,научная фантастика
http://www.wikidata.org/entity/Q7739565,The Hidden Universe,Roger Sherman Hoar,"Fantasy Publishing Company, Inc.",,1950,английский язык,научная фантастика
http://www.wikidata.org/entity/Q4658990,A Praed Street Dossier,Август Дерлет,Mycroft & Moran,,1968,английский язык,научная фантастика
http://www.wikidata.org/entity/Q11826818,Q11826818,Януш Анджей Зайдель,Nasza Księgarnia,,1975,польский язык,научная фантастика
http://www.wikidata.org/entity/Q4374404,Посёлок,Кир Булычёв,Детская литература,,1980,русский язык,научная фантастика
http://www.wikidata.org/entity/Q7601563,Stardrift and Other Fantastic Flotsam,Emil Petaja,"Fantasy Publishing Company, Inc.",,1971,английский язык,научная фантастика
http://www.wikidata.org/entity/Q7759055,Поиски Каджи,Лин Картер,Belmont Books,,1971,английский язык,фэнтези
http://www.wikidata.org/entity/Q5297262,Doorways to Space,Basil Wells,"Fantasy Publishing Company, Inc.",,1951,английский язык,научная фантастика
http://www.wikidata.org/entity/Q16962876,Drome,John Martin Leahy,"Fantasy Publishing Company, Inc.",,1952,английский язык,фэнтези
http://www.wikidata.org/entity/Q15033983,The Bones of Zora,Лайон Спрэг де Камп,Phantasia Press,,1983,английский язык,научная фантастика
http://www.wikidata.org/entity/Q15033870,Имперские звёзды,Stephen Goldin,Panther Books,,1976,английский язык,научная фантастика
http://www.wikidata.org/entity/Q7621491,Strange Worlds,Roger Sherman Hoar,"Fantasy Publishing Company, Inc.",,1953,английский язык,научная фантастика
http://www.wikidata.org/entity/Q5466556,Footprints on Sand,Лайон Спрэг де Камп,Advent:Publishers,,1981,английский язык,фэнтези
http://www.wikidata.org/entity/Q591997,Предпоследняя правда,Филип Дик,Belmont Books,,1964,американский вариант английского языка,научная фантастика
http://www.wikidata.org/entity/Q7766433,The Steam-Driven Boy and other Strangers,John Sladek,Panther Books,,1973,английский язык,научная фантастика
http://www.wikidata.org/entity/Q3211730,Планета динозавров (роман),Энн Маккефри,Альфа-книга,,1978,английский язык,научная фантастика
http://www.wikidata.org/entity/Q3045043,Добывайки,Мэри Нортон,J. M. Dent,,1952,английский язык,фэнтези
http://www.wikidata.org/entity/Q23307383,Fifty Short Science Fiction Tales,Пол Уильям Андерсон,Collier Books,,1963,английский язык,научная фантастика
http://www.wikidata.org/entity/Q3202549,Ловушка для простаков,Айзек Азимов,Street & Smith,,1954,американский вариант английского языка,научная фантастика
http://www.wikidata.org/entity/Q11715824,Q11715824,Януш Анджей Зайдель,Nasza Księgarnia,,1965,польский язык,научная фантастика
http://www.wikidata.org/entity/Q15033983,The Bones of Zora,Catherine Crook de Camp,Phantasia Press,,1983,английский язык,научная фантастика
http://www.wikidata.org/entity/Q15033870,Имперские звёзды,Эдвард Элмер Смит,Panther Books,,1976,английский язык,научная фантастика
http://www.wikidata.org/entity/Q6411423,Космический корабль короля Давида,Джерри Пурнель,Orbit Books,,1973,английский язык,научная фантастика
http://www.wikidata.org/entity/Q5466556,Footprints on Sand,Catherine Crook de Camp,Advent:Publishers,,1981,английский язык,фэнтези
http://www.wikidata.org/entity/Q24255816,Исполин последних дней,Лин Картер,Belmont Books,,1969,английский язык,фэнтези
http://www.wikidata.org/entity/Q2413610,Покорение Хибера,Альфред ван Вогт,J'ai Lu,,1985,,научная фантастика
http://www.wikidata.org/entity/Q757660,Страна багровых туч,братья Стругацкие,Детская литература,,1959,русский язык,научная фантастика
http://www.wikidata.org/entity/Q4779520,Война с «Миром»,Вернор Виндж,James Frenkel,,1984,английский язык,научная фантастика
http://www.wikidata.org/entity/Q5499909,Free Live Free,Джин Вулф,Mark V. Ziesing,,1984,английский язык,научная фантастика
http://www.wikidata.org/entity/Q3211730,Планета динозавров (роман),Энн Маккефри,Orbit Books,,1978,английский язык,научная фантастика
http://www.wikidata.org/entity/Q1195862,Понедельник начинается в субботу,Аркадий Натанович Стругацкий,Детская литература,,1965,русский язык,фэнтези
http://www.wikidata.org/entity/Q7607432,При дворе Вечного Императора,Аллан Коул,Orbit Books,,1985,английский язык,научная фантастика
http://www.wikidata.org/entity/Q5521912,Гаран вечный,Андре Нортон,"Fantasy Publishing Company, Inc.",,1972,английский язык,научная фантастика
http://www.wikidata.org/entity/Q6383174,Keep the Giraffe Burning,John Sladek,Panther Books,,1977,английский язык,научная фантастика
http://www.wikidata.org/entity/Q5466556,Footprints on Sand,Лайон Спрэг де Камп,Advent:Publishers,,1981,английский язык,научная фантастика
http://www.wikidata.org/entity/Q7729202,The Day of Forever,Джеймс Баллард,Panther Books,,1967,английский язык,научная фантастика
http://www.wikidata.org/entity/Q7580188,Sprague de Camp's New Anthology of Science Fiction,Лайон Спрэг де Камп,Panther Books,,1953,английский язык,научная фантастика
http://www.wikidata.org/entity/Q7577598,Шелкопряд,Тимоти Зан,James Frenkel,,1985,английский язык,научная фантастика
http://www.wikidata.org/entity/Q1195862,Понедельник начинается в субботу,Борис Натанович Стругацкий,Детская литература,,1965,русский язык,фэнтези
http://www.wikidata.org/entity/Q7769813,The Toymaker,Реймонд Джоунс,"Fantasy Publishing Company, Inc.",,1951,английский язык,научная фантастика
http://www.wikidata.org/entity/Q7621640,Stranglers' Moon,Stephen Goldin,Panther Books,,1976,английский язык,научная фантастика
http://www.wikidata.org/entity/Q23307383,Fifty Short Science Fiction Tales,Фредерик Браун,Collier Books,,1963,английский язык,научная фантастика
http://www.wikidata.org/entity/Q6189667,Jewels from the Moon,Eleanor Cameron,American Book Company,,1964,английский язык,научная фантастика
http://www.wikidata.org/entity/Q17017617,Not Before Time,Джон Браннер,New English Library,,1968,английский язык,научная фантастика
http://www.wikidata.org/entity/Q7433453,Science-Fantasy Quintette,Эд Эрл Рипп,"Fantasy Publishing Company, Inc.",,1953,английский язык,научная фантастика
http://www.wikidata.org/entity/Q1304748,Жук в муравейнике,братья Стругацкие,Знание,,1979,русский язык,научная фантастика
http://www.wikidata.org/entity/Q23307383,Fifty Short Science Fiction Tales,Энтони Бучер,Collier Books,,1963,английский язык,научная фантастика
http://www.wikidata.org/entity/Q1198683,Жёлтый туман,Александр Мелентьевич Волков,Советская Россия,,1970,русский язык,фэнтези
http://www.wikidata.org/entity/Q7755743,The Overloaded Man,Джеймс Баллард,Panther Books,,1967,английский язык,фэнтези
http://www.wikidata.org/entity/Q7607430,Стэн,Аллан Коул,Orbit Books,,1982,английский язык,научная фантастика
http://www.wikidata.org/entity/Q7735913,Врата времени,Филип Хосе Фармер,Belmont Books,,1966,английский язык,научная фантастика
http://www.wikidata.org/entity/Q7607431,Sten Adventures Book 2: The Wolf Worlds,Аллан Коул,Orbit Books,,1984,английский язык,научная фантастика
http://www.wikidata.org/entity/Q5466556,Footprints on Sand,Catherine Crook de Camp,Advent:Publishers,,1981,английский язык,научная фантастика
http://www.wikidata.org/entity/Q1195862,Понедельник начинается в субботу,братья Стругацкие,Детская литература,,1965,русский язык,фэнтези
http://www.wikidata.org/entity/Q1195862,Понедельник начинается в субботу,Аркадий Натанович Стругацкий,Детская литература,,1965,русский язык,научная фантастика
http://www.wikidata.org/entity/Q11752663,Лаланд 21185,Януш Анджей Зайдель,Nasza Księgarnia,,1966,польский язык,научная фантастика
http://www.wikidata.org/entity/Q7758810,The Purple Pterodactyls,Лайон Спрэг де Камп,Phantasia Press,,1980,английский язык,фэнтези
http://www.wikidata.org/entity/Q1163516,Сердце Змеи,Иван Антонович Ефремов,Правда,,1962,русский язык,научная фантастика
http://www.wikidata.org/entity/Q7268352,Quadratic,Мюррей Лейнстер,"Fantasy Publishing Company, Inc.",,1953,английский язык,научная фантастика
http://www.wikidata.org/entity/Q1195862,Понедельник начинается в субботу,Борис Натанович Стругацкий,Детская литература,,1965,русский язык,научная фантастика
http://www.wikidata.org/entity/Q5434335,Fantasy Twin,Стенли Вейнбаум,"Fantasy Publishing Company, Inc.",,1951,английский язык,фэнтези
http://www.wikidata.org/entity/Q7607432,При дворе Вечного Императора,Кристофер Банч,Orbit Books,,1985,английский язык,научная фантастика
http://www.wikidata.org/entity/Q6010745,В поисках удивительного,Деймон Найт,Advent:Publishers,,1956,английский язык,научная фантастика
http://www.wikidata.org/entity/Q7754986,The Omnibus of Time,Roger Sherman Hoar,"Fantasy Publishing Company, Inc.",,1950,английский язык,научная фантастика
http://www.wikidata.org/entity/Q4690448,"After 12,000 Years",Stanton Arthur Coblentz,"Fantasy Publishing Company, Inc.",,1950,английский язык,научная фантастика
http://www.wikidata.org/entity/Q7714830,The Atom Clock,Cornel Lengyel,"Fantasy Publishing Company, Inc.",,1951,английский язык,научная фантастика
http://www.wikidata.org/entity/Q7755743,The Overloaded Man,Джеймс Баллард,Panther Books,,1967,английский язык,научная фантастика
http://www.wikidata.org/entity/Q7771416,Отвергнутая принцесса,Лайон Спрэг де Камп,"Fantasy Publishing Company, Inc.",,1951,английский язык,фэнтези
http://www.wikidata.org/entity/Q489581,Песнь Кали,Дэн Симмонс,James Frenkel,,1985,английский язык,фэнтези
http://www.wikidata.org/entity/Q1195862,Понедельник начинается в субботу,братья Стругацкие,Детская литература,,1965,русский язык,научная фантастика
http://www.wikidata.org/entity/Q9258912,Q9258912,Януш Анджей Зайдель,Nasza Księgarnia,,1981,польский язык,научная фантастика
http://www.wikidata.org/entity/Q23307383,Fifty Short Science Fiction Tales,Айзек Азимов,Collier Books,,1963,английский язык,научная фантастика
http://www.wikidata.org/entity/Q7766453,Стальной царь,Майкл Муркок,Panther Books,,1981,английский язык,научная фантастика
http://www.wikidata.org/entity/Q7992474,When Evil Wakes,Август Дерлет,Ernest Hecht,,1963,английский язык,фэнтези
http://www.wikidata.org/entity/Q28919369,Q28919369,Серж Брюссоло,JC Lattès,,1982,французский язык,научная фантастика
http://www.wikidata.org/entity/Q5825760,The mystery of the Tökland island,Joan Manuel Gisbert,Espasa-Calpe,Испания,1979,испанский язык,фэнтези
http://www.wikidata.org/entity/Q190192,Дюна,Фрэнк Герберт,Debolsillo,Испания,1965,американский вариант английского языка,научная фантастика
http://www.wikidata.org/entity/Q3611744,Чужой,Алан Дин Фостер,Grand Central Publishing,США,1979,английский язык,научная фантастика
http://www.wikidata.org/entity/Q5303046,Down to a Sunless Sea,Давид Грэм,Robert Hale and Company,Великобритания,1979,,научная фантастика
http://www.wikidata.org/entity/Q74177405,Q74177405,Georgina Viorica Rogoz,Editura Tineretului,Румыния,1966,,научная фантастика
http://www.wikidata.org/entity/Q5974487,Leyendas del planeta Thámyris,Joan Manuel Gisbert,Espasa-Calpe,Испания,1982,испанский язык,фэнтези
http://www.wikidata.org/entity/Q7353462,"Robots, Androids, and Mechanical Oddities",Филип Дик,Издательство Южного Иллинойского университета,США,1984,американский вариант английского языка,научная фантастика
http://www.wikidata.org/entity/Q7659361,Swordsmen and Supermen,Жан д’Эсм,Centaur Press,США,1972,английский язык,фэнтези
http://www.wikidata.org/entity/Q76617224,Q76617224,Victor Kernbach,Editura Tineretului,Румыния,1961,,научная фантастика
http://www.wikidata.org/entity/Q3820039,Железный человек,Тед Хьюз,The Walt Disney Company,США,1968,английский язык,научная фантастика
http://www.wikidata.org/entity/Q8040667,Wythnos yng Nghymru Fydd,Islwyn Ffowc Elis,Партия Уэльса,Великобритания,1957,валлийский язык,научная фантастика
http://www.wikidata.org/entity/Q79116260,Atacul cesiumiștilor,Sergiu Fărcășan,Editura Tineretului,Румыния,1963,,научная фантастика
http://www.wikidata.org/entity/Q7659361,Swordsmen and Supermen,Лин Картер,Centaur Press,США,1972,английский язык,фэнтези
http://www.wikidata.org/entity/Q7659361,Swordsmen and Supermen,Роберт Ирвин Говард,Centaur Press,США,1972,английский язык,фэнтези
http://www.wikidata.org/entity/Q7721585,The Castle in the Attic,Elizabeth Winthrop,Holiday House,США,1985,английский язык,фэнтези
http://www.wikidata.org/entity/Q79117520,Mașina de rupt prieteniile,Sergiu Fărcășan,Editura Tineretului,Румыния,1968,румынский язык,научная фантастика
http://www.wikidata.org/entity/Q57667752,Biharko oroitzapenak,Maddi Pelot,Maiatz (publisher),Франция,1985,баскский язык,научная фантастика
http://www.wikidata.org/entity/Q61086919,The Tenth World,Владимир Колин,Editura Tineretului,Румыния,1964,румынский язык,научная фантастика
http://www.wikidata.org/entity/Q117431,Ада,Владимир Владимирович Набоков,McGraw Hill Book Company,США,1969,английский язык,научная фантастика
http://www.wikidata.org/entity/Q7754249,The Noah Conspiracy,Майкл Шаара,McGraw-Hill Education,США,1981,английский язык,научная фантастика
http://www.wikidata.org/entity/Q7741348,The Identity Matrix,Джек Чалкер,Timescape Books,,1982,английский язык,научная фантастика
http://www.wikidata.org/entity/Q653150,Поиск,Пол Уильям Андерсон,Арес,,1983,английский язык,научная фантастика
http://www.wikidata.org/entity/Q6772375,Marooned on Mars,Лестер дель Рей,Winston Science Fiction,,1952,английский язык,научная фантастика
http://www.wikidata.org/entity/Q7745120,The Lady Decides,Дэвид Генри Келлер,Prime Press,,1950,английский язык,фэнтези
http://www.wikidata.org/entity/Q17015631,The Gate of Worlds,Роберт Силверберг,Holt McDougal,,1967,английский язык,научная фантастика
http://www.wikidata.org/entity/Q1138582,Трансмиграция Тимоти Арчера,Филип Дик,Timescape Books,,1982,английский язык,научная фантастика
http://www.wikidata.org/entity/Q2082630,Сага о Кугеле,Джек Вэнс,Timescape Books,,1983,английский язык,фэнтези
http://www.wikidata.org/entity/Q2907853,Профессия,Айзек Азимов,Astounding Science Fiction,,1957,английский язык,научная фантастика
http://www.wikidata.org/entity/Q126740519,Q126740519,Andrzej Krzepkowski,Krajowa Agencja Wydawnicza,,1979,польский язык,научная фантастика
http://www.wikidata.org/entity/Q2661598,Магелланово облако,Станислав Лем,Wydawnictwo Iskry,,1955,польский язык,научная фантастика
http://www.wikidata.org/entity/Q20033415,Престол Эсконела,Джон Браннер,Q15881724,,1965,английский язык,научная фантастика
http://www.wikidata.org/entity/Q11476315,Q11476315,Януш Анджей Зайдель,Krajowa Agencja Wydawnicza,,1982,польский язык,научная фантастика
http://www.wikidata.org/entity/Q9338967,Q9338967,Альфред Шклярский,Издательство «Силезия»,,1963,польский язык,научная фантастика
http://www.wikidata.org/entity/Q5149134,Colossus,Dennis Feltham Jones,Руперт Харт-Дэвис,,1966,английский язык,научная фантастика
http://www.wikidata.org/entity/Q1283523,Эдем,Станислав Лем,Wydawnictwo Iskry,,1958,польский язык,научная фантастика
http://www.wikidata.org/entity/Q3549893,Space on My Hands,Фредерик Браун,Shasta Publishers,,1951,американский вариант английского языка,научная фантастика
http://www.wikidata.org/entity/Q1138582,Трансмиграция Тимоти Арчера,Филип Дик,Timescape Books,,1982,американский вариант английского языка,научная фантастика
http://www.wikidata.org/entity/Q6549300,Limes inferior,Януш Анджей Зайдель,Wydawnictwo Iskry,,1982,польский язык,научная фантастика
http://www.wikidata.org/entity/Q2350387,Человек без лица,Альфред Бестер,Shasta Publishers,,1953,английский язык,научная фантастика
http://www.wikidata.org/entity/Q9213318,Q9213318,Анджей Трепка,Издательство «Силезия»,,1978,польский язык,научная фантастика
http://www.wikidata.org/entity/Q11826052,Повторение,Станислав Лем,Wydawnictwo Iskry,,1979,польский язык,научная фантастика
http://www.wikidata.org/entity/Q2082630,Сага о Кугеле,Джек Вэнс,Timescape Books,,1983,английский язык,научная фантастика
http://www.wikidata.org/entity/Q6414305,Kinsmen of the Dragon,Stanley Mullen,Shasta Publishers,,1951,английский язык,фэнтези
http://www.wikidata.org/entity/Q3099387,Люди ковра,Терри Пратчетт,Colin Smythe,,1971,английский язык,фэнтези
http://www.wikidata.org/entity/Q5134750,Плащ Эсира,Джон Вуд Кэмпбелл,Shasta Publishers,,1952,английский язык,научная фантастика
http://www.wikidata.org/entity/Q1303877,Паутина,Джон Уиндем,Michael Joseph,,1979,английский язык,научная фантастика
http://www.wikidata.org/entity/Q61911907,Q61911907,Vladimír Henzl,Olympia,,1967,чешский язык,научная фантастика
http://www.wikidata.org/entity/Q3363230,Courtship Rite,Дональд Кингсбери,Timescape Books,,1982,английский язык,научная фантастика
http://www.wikidata.org/entity/Q3828782,The Infernal Desire Machines of Doctor Hoffman,Анджела Картер,Руперт Харт-Дэвис,,1972,английский язык,фэнтези
http://www.wikidata.org/entity/Q7758392,The Prisoner of Zhamanak,Лайон Спрэг де Камп,Phantasia Press,,1982,английский язык,научная фантастика
http://www.wikidata.org/entity/Q78147472,O iubire din anul 41.042,Sergiu Fărcășan,Q12744359,,1958,,научная фантастика
http://www.wikidata.org/entity/Q15034210,Roderick,John Sladek,Гранада,,1980,английский язык,фэнтези
http://www.wikidata.org/entity/Q7757981,"Сила, которая защищает",Стивен Дональдсон,Holt McDougal,,1979,английский язык,фэнтези
http://www.wikidata.org/entity/Q124388828,Consider Her Ways and Others,Джон Уиндем,Michael Joseph,,1961,английский язык,научная фантастика
http://www.wikidata.org/entity/Q5980640,The Years of the City,Фредерик Пол,Timescape Books,,1984,английский язык,научная фантастика
http://www.wikidata.org/entity/Q3026489,Проклятие лорда Фаула,Стивен Дональдсон,Holt McDougal,,1977,английский язык,фэнтези
http://www.wikidata.org/entity/Q4655962,A Clean Escape,Джон Кессел,Davis Publications Inc,,1985,английский язык,научная фантастика
http://www.wikidata.org/entity/Q79115813,Secretul inginerului Mușat,Sergiu Fărcășan,Q12744359,,1959,,научная фантастика
http://www.wikidata.org/entity/Q7718602,The Blind Spot,Homer Eon Flint,Prime Press,,1951,английский язык,научная фантастика
http://www.wikidata.org/entity/Q3372907,Pavane,Кит Робертс,Руперт Харт-Дэвис,,1968,английский язык,научная фантастика
http://www.wikidata.org/entity/Q125913273,Neurony zbrodni,Lucyna Anastazja Penciak-Radzymińska,Krajowa Agencja Wydawnicza,,1980,польский язык,научная фантастика
http://www.wikidata.org/entity/Q3233135,Les Guérillères,Моник Виттиг,Manifest Llibres,,1969,французский язык,научная фантастика
http://www.wikidata.org/entity/Q3828782,The Infernal Desire Machines of Doctor Hoffman,Анджела Картер,Руперт Харт-Дэвис,,1972,английский язык,научная фантастика
http://www.wikidata.org/entity/Q1216940,День триффидов,Джон Уиндем,Michael Joseph,,1951,английский язык,научная фантастика
http://www.wikidata.org/entity/Q905449,Кукушки Мидвича,Джон Уиндем,Michael Joseph,,1957,английский язык,научная фантастика
http://www.wikidata.org/entity/Q7318585,Revolt in 2100,Роберт Хайнлайн,Shasta Publishers,,1953,английский язык,научная фантастика
http://www.wikidata.org/entity/Q934279,Paradyzja,Януш Анджей Зайдель,Wydawnictwo Iskry,,1984,польский язык,научная фантастика
http://www.wikidata.org/entity/Q964451,"Нет врага, кроме времени",Майкл Бишоп,Timescape Books,,1982,английский язык,научная фантастика
http://www.wikidata.org/entity/Q4676501,По морю солнц,Грегори Бенфорд,Timescape Books,,1984,английский язык,научная фантастика
http://www.wikidata.org/entity/Q9335816,Q9335816,Станислав Лем,Wydawnictwo Iskry,,1954,польский язык,научная фантастика
http://www.wikidata.org/entity/Q15034210,Roderick,John Sladek,Гранада,,1980,английский язык,научная фантастика
http://www.wikidata.org/entity/Q7883079,Under Compulsion,Томас М. Диш,Руперт Харт-Дэвис,,1968,английский язык,научная фантастика
http://www.wikidata.org/entity/Q126740519,Q126740519,Andrzej Wójcik,Krajowa Agencja Wydawnicza,,1979,польский язык,научная фантастика
http://www.wikidata.org/entity/Q1197675,Непобедимый,Станислав Лем,Wydawnictwo Ministerstwa Obrony Narodowej,,1964,польский язык,научная фантастика
http://www.wikidata.org/entity/Q6278914,Jorkens Borrows Another Whiskey,"Эдвард Планкетт, 18-й барон Дансени",Michael Joseph,,1954,английский язык,фэнтези
http://www.wikidata.org/entity/Q4660803,Мир вне времени,Ларри Нивен,Holt McDougal,,1976,английский язык,научная фантастика
http://www.wikidata.org/entity/Q3828987,Остров дельфинов,Артур Чарльз Кларк,Holt McDougal,,1963,английский язык,научная фантастика
http://www.wikidata.org/entity/Q1170523,Смерть травы,Джон Кристофер,Michael Joseph,,1956,английский язык,научная фантастика
http://www.wikidata.org/entity/Q907553,Кракен пробуждается,Джон Уиндем,Michael Joseph,,1953,английский язык,научная фантастика
http://www.wikidata.org/entity/Q117462041,Q117462041,Roman Gajda,Wydawnictwo Iskry,,1957,польский язык,научная фантастика
http://www.wikidata.org/entity/Q5014801,МВ,Деймон Найт,Tom Doherty,,1985,английский язык,научная фантастика
http://www.wikidata.org/entity/Q7338013,Река Вечности,Филип Хосе Фармер,Phantasia Press,,1983,английский язык,научная фантастика
http://www.wikidata.org/entity/Q7718602,The Blind Spot,Остин Холл,Prime Press,,1951,английский язык,научная фантастика
http://www.wikidata.org/entity/Q7048388,Nomad,George O. Smith,Prime Press,,1950,английский язык,научная фантастика
http://www.wikidata.org/entity/Q7772778,The Virgin & the Wheels,Лайон Спрэг де Камп,Popular Library,,1976,английский язык,научная фантастика
http://www.wikidata.org/entity/Q7736072,The General Zapped an Angel,Говард Мелвин Фаст,Уильям Морроу,,1970,английский язык,фэнтези
http://www.wikidata.org/entity/Q7749973,The Man Who Sold the Moon,Роберт Хайнлайн,Shasta Publishers,,1950,английский язык,научная фантастика
http://www.wikidata.org/entity/Q7755720,Стремление наружу,Джон Уиндем,Michael Joseph,,1959,английский язык,научная фантастика
http://www.wikidata.org/entity/Q5554664,Getting into Death,Томас М. Диш,Руперт Харт-Дэвис,,1974,английский язык,научная фантастика
http://www.wikidata.org/entity/Q5055613,Cała prawda o planecie Ksi,Януш Анджей Зайдель,Krajowa Agencja Wydawnicza,,1983,польский язык,научная фантастика
http://www.wikidata.org/entity/Q11750478,Q11750478,Станислав Лем,Wydawnictwo Iskry,,1961,польский язык,научная фантастика
http://www.wikidata.org/entity/Q12740242,Война Иллеарта,Стивен Дональдсон,Holt McDougal,,1978,английский язык,фэнтези
http://www.wikidata.org/entity/Q9385898,Потерянное будущее,Анджей Трепка,Wydawnictwo Iskry,,1954,польский язык,научная фантастика
http://www.wikidata.org/entity/Q3654602,Концлагерь,Томас М. Диш,Руперт Харт-Дэвис,,1968,английский язык,научная фантастика
http://www.wikidata.org/entity/Q7738166,The Green Hills of Earth,Роберт Хайнлайн,Shasta Publishers,,1951,английский язык,научная фантастика
http://www.wikidata.org/entity/Q2567510,Этот бессмертный,Роджер Желязны,The Mercury Press,,1965,английский язык,научная фантастика
http://www.wikidata.org/entity/Q3790023,40 000 на Геенне,Кэролайн Черри,Phantasia Press,,1983,английский язык,научная фантастика
http://www.wikidata.org/entity/Q1148208,Чоки,Джон Уиндем,Michael Joseph,,1968,английский язык,научная фантастика
http://www.wikidata.org/entity/Q6907618,Moon of Mutiny,Лестер дель Рей,Holt McDougal,,1961,английский язык,научная фантастика
http://www.wikidata.org/entity/Q3625161,Вариант Единорога,Роджер Желязны,Timescape Books,,1983,английский язык,научная фантастика
http://www.wikidata.org/entity/Q19916682,Я иду встречать брата,Владислав Петрович Крапивин,Средне-Уральское книжное издательство,,1962,русский язык,научная фантастика
http://www.wikidata.org/entity/Q7736072,The General Zapped an Angel,Говард Мелвин Фаст,Уильям Морроу,,1970,английский язык,научная фантастика
http://www.wikidata.org/entity/Q3523959,They'd Rather Be Right,Фрэнк Райли,Astounding Science Fiction,,1954,английский язык,научная фантастика
http://www.wikidata.org/entity/Q3523959,They'd Rather Be Right,Фрэнк Райли,Astounding Science Fiction,,1957,английский язык,научная фантастика
http://www.wikidata.org/entity/Q9385898,Потерянное будущее,Кшиштоф Борунь,Wydawnictwo Iskry,,1954,польский язык,научная фантастика
http://www.wikidata.org/entity/Q3793468,This Island Earth,Реймонд Джоунс,Shasta Publishers,,1952,английский язык,научная фантастика
http://www.wikidata.org/entity/Q3523959,They'd Rather Be Right,Марк Клифтон,Astounding Science Fiction,,1954,английский язык,научная фантастика
http://www.wikidata.org/entity/Q3523959,They'd Rather Be Right,Марк Клифтон,Astounding Science Fiction,,1957,английский язык,научная фантастика
http://www.wikidata.org/entity/Q7846478,Проблема с лишайником,Джон Уиндем,Michael Joseph,,1960,английский язык,научная фантастика
http://www.wikidata.org/entity/Q5980625,Q5980625,различные авторы,Ediciones de la Flor,,1969,испанский язык,научная фантастика
http://www.wikidata.org/entity/Q11828739,Q11828739,Януш Анджей Зайдель,Wydawnictwo Iskry,,1975,польский язык,научная фантастика
