author,pseudonymLabel,birthDate,spouseLabel
http://www.wikidata.org/entity/Q465179,Astra Zimmer,1930-06-03T00:00:00Z,Walter Breen
http://www.wikidata.org/entity/Q465179,Astra Zimmer Bradley,1930-06-03T00:00:00Z,Walter Breen
http://www.wikidata.org/entity/Q465179,John Jay Wells,1930-06-03T00:00:00Z,Walter Breen
http://www.wikidata.org/entity/Q1160619,Louis G. Daniels,1920-02-11T00:00:00Z,
http://www.wikidata.org/entity/Q82032,,1924-11-21T00:00:00Z,Faith Tully Lilly Faulconbridge
http://www.wikidata.org/entity/Q82032,,1924-11-21T00:00:00Z,Бэйли Толкин
http://www.wikidata.org/entity/Q49074,Mark Harvey,1922-11-11T00:00:00Z,Jill Krementz
http://www.wikidata.org/entity/Q44306,,1947-06-19T00:00:00Z,Rachel Eliza Griffiths
http://www.wikidata.org/entity/Q172140,Jeffery Hudson,1942-10-23T00:00:00Z,Энн-Мари Мартин
http://www.wikidata.org/entity/Q172140,Michael Douglas,1942-10-23T00:00:00Z,Энн-Мари Мартин
http://www.wikidata.org/entity/Q172140,John Lange,1942-10-23T00:00:00Z,Энн-Мари Мартин
http://www.wikidata.org/entity/Q42,David Agnew,1952-03-11T00:00:00Z,Джейн Белсон
http://www.wikidata.org/entity/Q311253,Cheech Beldone,1934-05-27T00:00:00Z,Lori Horwitz
http://www.wikidata.org/entity/Q311253,Phil Beldone,1934-05-27T00:00:00Z,Lori Horwitz
http://www.wikidata.org/entity/Q311253,Cheech Beldone,1934-05-27T00:00:00Z,Susan Toth
http://www.wikidata.org/entity/Q311253,Phil Beldone,1934-05-27T00:00:00Z,Susan Toth
http://www.wikidata.org/entity/Q311253,Cheech Beldone,1934-05-27T00:00:00Z,Lori Patrick Jones
http://www.wikidata.org/entity/Q311253,Phil Beldone,1934-05-27T00:00:00Z,Lori Patrick Jones
http://www.wikidata.org/entity/Q311253,Cheech Beldone,1934-05-27T00:00:00Z,Billy Joyce Sanders
http://www.wikidata.org/entity/Q311253,Phil Beldone,1934-05-27T00:00:00Z,Billy Joyce Sanders
http://www.wikidata.org/entity/Q217619,Anthony Burgess,1917-02-25T00:00:00Z,Liana Burgess
http://www.wikidata.org/entity/Q44306,,1947-06-19T00:00:00Z,Elizabeth West
http://www.wikidata.org/entity/Q7934,,1920-10-08T00:00:00Z,Flora Lillian Parkinson
http://www.wikidata.org/entity/Q7934,,1920-10-08T00:00:00Z,Theresa Diane Shackelford
http://www.wikidata.org/entity/Q312641,,1919-11-26T00:00:00Z,Elizabeth Anne Hull
http://www.wikidata.org/entity/Q312641,,1919-11-26T00:00:00Z,Carol Ulf Stanton
http://www.wikidata.org/entity/Q9204,Clive Hamilton,1898-11-29T00:00:00Z,Джой Дэвидмен
http://www.wikidata.org/entity/Q9204,N. W. Clerk,1898-11-29T00:00:00Z,Джой Дэвидмен
http://www.wikidata.org/entity/Q312641,,1919-11-26T00:00:00Z,Leslie Perri
http://www.wikidata.org/entity/Q28147,Felix Ritter,1926-05-31T00:00:00Z,
http://www.wikidata.org/entity/Q28147,Markus Polder,1926-05-31T00:00:00Z,
http://www.wikidata.org/entity/Q55767,,1907-11-14T00:00:00Z,Стуре Линдгрен
http://www.wikidata.org/entity/Q44183,,1911-09-19T00:00:00Z,Ann Brookfield
http://www.wikidata.org/entity/Q44647,,1923-10-20T00:00:00Z,
http://www.wikidata.org/entity/Q39829,Richard Bachman,1947-09-21T00:00:00Z,Табита Кинг
http://www.wikidata.org/entity/Q36591,Владимир Сирин,1899-04-22T00:00:00Z,Вера Набокова
http://www.wikidata.org/entity/Q44306,,1947-06-19T00:00:00Z,Падма Лакшми
http://www.wikidata.org/entity/Q34981,Paul French,1920-01-02T00:00:00Z,Gertrude Asimov
http://www.wikidata.org/entity/Q54828,,1908-04-23T00:00:00Z,
http://www.wikidata.org/entity/Q312641,,1919-11-26T00:00:00Z,Джудит Меррил
http://www.wikidata.org/entity/Q333246,,1928-07-16T00:00:00Z,Зива Куитни
http://www.wikidata.org/entity/Q44306,,1947-06-19T00:00:00Z,Marianne Wiggins
http://www.wikidata.org/entity/Q44306,,1947-06-19T00:00:00Z,Clarissa Luard
http://www.wikidata.org/entity/Q153796,С. Бережков,,
http://www.wikidata.org/entity/Q153796,С. Витин,,
http://www.wikidata.org/entity/Q153796,С. Витицкий,,
http://www.wikidata.org/entity/Q153796,С. Победин,,
http://www.wikidata.org/entity/Q153796,С. Ярославцев,,
http://www.wikidata.org/entity/Q40640,William Elliot,1920-08-22T00:00:00Z,Маргарита Брэдбери
http://www.wikidata.org/entity/Q132524,Ayn Rand,1905-02-02T00:00:00Z,Фрэнк О’Коннор
http://www.wikidata.org/entity/Q248867,"William Atheling, Jr.",1921-05-23T00:00:00Z,J. A. Lawrence
http://www.wikidata.org/entity/Q363810,,1952-02-29T00:00:00Z,
http://www.wikidata.org/entity/Q315069,,1950-10-06T00:00:00Z,
http://www.wikidata.org/entity/Q181677,,1948-09-20T00:00:00Z,
http://www.wikidata.org/entity/Q188987,,1948-03-17T00:00:00Z,
http://www.wikidata.org/entity/Q297538,,1948-04-04T00:00:00Z,
http://www.wikidata.org/entity/Q248867,"William Atheling, Jr.",1921-05-23T00:00:00Z,Virginia Kidd
http://www.wikidata.org/entity/Q443109,,1944-10-18T00:00:00Z,
http://www.wikidata.org/entity/Q364189,,1943-03-02T00:00:00Z,
http://www.wikidata.org/entity/Q34981,Paul French,1920-01-02T00:00:00Z,Джанет Азимова
http://www.wikidata.org/entity/Q76498,,1929-11-12T00:00:00Z,Марико Сато
http://www.wikidata.org/entity/Q719250,,1934-09-24T00:00:00Z,
http://www.wikidata.org/entity/Q294625,,1904-08-03T00:00:00Z,Kay Kuchenberg Simak
http://www.wikidata.org/entity/Q578031,,1933-08-07T00:00:00Z,
http://www.wikidata.org/entity/Q236321,,1932-10-31T00:00:00Z,
http://www.wikidata.org/entity/Q76498,,1929-11-12T00:00:00Z,Ingeborg Hoffmann
http://www.wikidata.org/entity/Q90057,,1933-10-30T00:00:00Z,Dietrich Haugk
http://www.wikidata.org/entity/Q465179,John Dexter,1930-06-03T00:00:00Z,Robert Alden Bradley
http://www.wikidata.org/entity/Q465179,Lee Chapman,1930-06-03T00:00:00Z,Robert Alden Bradley
http://www.wikidata.org/entity/Q465179,Valerie Graves,1930-06-03T00:00:00Z,Robert Alden Bradley
http://www.wikidata.org/entity/Q465179,Miriam Gardner,1930-06-03T00:00:00Z,Robert Alden Bradley
http://www.wikidata.org/entity/Q465179,Morgan Ives,1930-06-03T00:00:00Z,Robert Alden Bradley
http://www.wikidata.org/entity/Q465179,Elfrieda Rivers,1930-06-03T00:00:00Z,Robert Alden Bradley
http://www.wikidata.org/entity/Q465179,Alfrida Riversx,1930-06-03T00:00:00Z,Robert Alden Bradley
http://www.wikidata.org/entity/Q465179,Elfrida Rivers,1930-06-03T00:00:00Z,Robert Alden Bradley
http://www.wikidata.org/entity/Q465179,Astara Zimmer,1930-06-03T00:00:00Z,Robert Alden Bradley
http://www.wikidata.org/entity/Q465179,Astra Zimmer,1930-06-03T00:00:00Z,Robert Alden Bradley
http://www.wikidata.org/entity/Q465179,Astra Zimmer Bradley,1930-06-03T00:00:00Z,Robert Alden Bradley
http://www.wikidata.org/entity/Q465179,John Jay Wells,1930-06-03T00:00:00Z,Robert Alden Bradley
http://www.wikidata.org/entity/Q311253,Cheech Beldone,1934-05-27T00:00:00Z,Charlotte Stein
http://www.wikidata.org/entity/Q311253,Phil Beldone,1934-05-27T00:00:00Z,Charlotte Stein
http://www.wikidata.org/entity/Q295406,Harrison Denmark,1937-05-13T00:00:00Z,
http://www.wikidata.org/entity/Q314771,,1928-06-10T00:00:00Z,
http://www.wikidata.org/entity/Q1356272,,1929-04-03T00:00:00Z,
http://www.wikidata.org/entity/Q185714,,1927-08-09T00:00:00Z,
http://www.wikidata.org/entity/Q125563,,1922-06-27T00:00:00Z,
http://www.wikidata.org/entity/Q112929,,1920-04-11T00:00:00Z,
http://www.wikidata.org/entity/Q172140,Jeffery Hudson,1942-10-23T00:00:00Z,http://www.wikidata.org/.well-known/genid/887ebd68a515b41b050505a579dcbc7c
http://www.wikidata.org/entity/Q172140,Michael Douglas,1942-10-23T00:00:00Z,http://www.wikidata.org/.well-known/genid/887ebd68a515b41b050505a579dcbc7c
http://www.wikidata.org/entity/Q172140,John Lange,1942-10-23T00:00:00Z,http://www.wikidata.org/.well-known/genid/887ebd68a515b41b050505a579dcbc7c
http://www.wikidata.org/entity/Q172140,Jeffery Hudson,1942-10-23T00:00:00Z,http://www.wikidata.org/.well-known/genid/eab80052faed771871f91c18427718d1
http://www.wikidata.org/entity/Q172140,Michael Douglas,1942-10-23T00:00:00Z,http://www.wikidata.org/.well-known/genid/eab80052faed771871f91c18427718d1
http://www.wikidata.org/entity/Q172140,John Lange,1942-10-23T00:00:00Z,http://www.wikidata.org/.well-known/genid/eab80052faed771871f91c18427718d1
http://www.wikidata.org/entity/Q172140,Jeffery Hudson,1942-10-23T00:00:00Z,http://www.wikidata.org/.well-known/genid/4cc260ef19eb07e7f94431fc5d6304d0
http://www.wikidata.org/entity/Q172140,Michael Douglas,1942-10-23T00:00:00Z,http://www.wikidata.org/.well-known/genid/4cc260ef19eb07e7f94431fc5d6304d0
http://www.wikidata.org/entity/Q172140,John Lange,1942-10-23T00:00:00Z,http://www.wikidata.org/.well-known/genid/4cc260ef19eb07e7f94431fc5d6304d0
http://www.wikidata.org/entity/Q172140,Jeffery Hudson,1942-10-23T00:00:00Z,http://www.wikidata.org/.well-known/genid/75f8a777eadda4810499062e8b9bc9a4
http://www.wikidata.org/entity/Q172140,Michael Douglas,1942-10-23T00:00:00Z,http://www.wikidata.org/.well-known/genid/75f8a777eadda4810499062e8b9bc9a4
http://www.wikidata.org/entity/Q172140,John Lange,1942-10-23T00:00:00Z,http://www.wikidata.org/.well-known/genid/75f8a777eadda4810499062e8b9bc9a4
http://www.wikidata.org/entity/Q183397,,1915-06-24T00:00:00Z,
http://www.wikidata.org/entity/Q181659,,1929-10-21T00:00:00Z,Шарль Ле Гуин
http://www.wikidata.org/entity/Q236829,,1934-08-16T00:00:00Z,J. A. Burrow
http://www.wikidata.org/entity/Q892,Oxymore,1892-01-03T00:00:00Z,Эдит Толкин
http://www.wikidata.org/entity/Q240253,E. Waldo Hunter,1918-02-26T00:00:00Z,
http://www.wikidata.org/entity/Q296256,Kilgore Trout,1918-01-26T00:00:00Z,
http://www.wikidata.org/entity/Q315949,,1908-08-29T00:00:00Z,
http://www.wikidata.org/entity/Q123078,Anson MacDonald,1907-07-07T00:00:00Z,Virginia Heinlein
http://www.wikidata.org/entity/Q123078,Caleb Saunders,1907-07-07T00:00:00Z,Virginia Heinlein
http://www.wikidata.org/entity/Q123078,John Riverside,1907-07-07T00:00:00Z,Virginia Heinlein
http://www.wikidata.org/entity/Q123078,Lyle Monroe,1907-07-07T00:00:00Z,Virginia Heinlein
http://www.wikidata.org/entity/Q123078,Simon York,1907-07-07T00:00:00Z,Virginia Heinlein
http://www.wikidata.org/entity/Q552025,Hilary Ford,1922-04-16T00:00:00Z,
http://www.wikidata.org/entity/Q378807,,1934-09-24T00:00:00Z,Liyi Tan
http://www.wikidata.org/entity/Q378807,,1934-09-24T00:00:00Z,Marjorie Rosamond Sauer
http://www.wikidata.org/entity/Q49074,Mark Harvey,1922-11-11T00:00:00Z,Jane Vonnegut Yarmolinsky
http://www.wikidata.org/entity/Q46248,,1948-04-28T00:00:00Z,Lyn Purves
http://www.wikidata.org/entity/Q47087,Charles Willis,1917-12-16T00:00:00Z,Marilyn Mayfield
http://www.wikidata.org/entity/Q47087,E.G. O'Brien,1917-12-16T00:00:00Z,Marilyn Mayfield
http://www.wikidata.org/entity/Q6530,,1921-09-12T00:00:00Z,Барбара Лем
http://www.wikidata.org/entity/Q186273,,1924-03-07T00:00:00Z,Machi Abé
http://www.wikidata.org/entity/Q171091,Jack Dowland,1928-12-16T00:00:00Z,Tessa B. Dick
http://www.wikidata.org/entity/Q171091,Richard Phillipps,1928-12-16T00:00:00Z,Tessa B. Dick
http://www.wikidata.org/entity/Q1358834,,1891-06-14T00:00:00Z,
http://www.wikidata.org/entity/Q171091,Jack Dowland,1928-12-16T00:00:00Z,Anne R. Dick
http://www.wikidata.org/entity/Q171091,Richard Phillipps,1928-12-16T00:00:00Z,Anne R. Dick
http://www.wikidata.org/entity/Q171091,Jack Dowland,1928-12-16T00:00:00Z,Jeanette Marlin
http://www.wikidata.org/entity/Q171091,Richard Phillipps,1928-12-16T00:00:00Z,Jeanette Marlin
http://www.wikidata.org/entity/Q171091,Jack Dowland,1928-12-16T00:00:00Z,Kleo Mini
http://www.wikidata.org/entity/Q171091,Richard Phillipps,1928-12-16T00:00:00Z,Kleo Mini
http://www.wikidata.org/entity/Q171091,Jack Dowland,1928-12-16T00:00:00Z,Nancy Hackett
http://www.wikidata.org/entity/Q171091,Richard Phillipps,1928-12-16T00:00:00Z,Nancy Hackett
http://www.wikidata.org/entity/Q312641,,1919-11-26T00:00:00Z,Dorothy Les Tina
http://www.wikidata.org/entity/Q316610,,1938-04-30T00:00:00Z,Мэрилин Найвен
http://www.wikidata.org/entity/Q154756,,1923-10-15T00:00:00Z,Esther Judith Singer
http://www.wikidata.org/entity/Q465179,John Dexter,1930-06-03T00:00:00Z,Walter Breen
http://www.wikidata.org/entity/Q465179,Lee Chapman,1930-06-03T00:00:00Z,Walter Breen
http://www.wikidata.org/entity/Q465179,Valerie Graves,1930-06-03T00:00:00Z,Walter Breen
http://www.wikidata.org/entity/Q465179,Miriam Gardner,1930-06-03T00:00:00Z,Walter Breen
http://www.wikidata.org/entity/Q465179,Morgan Ives,1930-06-03T00:00:00Z,Walter Breen
http://www.wikidata.org/entity/Q465179,Elfrieda Rivers,1930-06-03T00:00:00Z,Walter Breen
http://www.wikidata.org/entity/Q465179,Alfrida Riversx,1930-06-03T00:00:00Z,Walter Breen
http://www.wikidata.org/entity/Q465179,Elfrida Rivers,1930-06-03T00:00:00Z,Walter Breen
http://www.wikidata.org/entity/Q465179,Astara Zimmer,1930-06-03T00:00:00Z,Walter Breen
http://www.wikidata.org/entity/Q216896,John Seabrook,1911-03-13T00:00:00Z,Мэри Сью Хаббард
http://www.wikidata.org/entity/Q216896,Michael Keith,1911-03-13T00:00:00Z,Мэри Сью Хаббард
http://www.wikidata.org/entity/Q216896,Barry Randolph,1911-03-13T00:00:00Z,Мэри Сью Хаббард
http://www.wikidata.org/entity/Q216896,Bernard Hubbel,1911-03-13T00:00:00Z,Мэри Сью Хаббард
http://www.wikidata.org/entity/Q216896,Capt. B.A. Northrop,1911-03-13T00:00:00Z,Мэри Сью Хаббард
http://www.wikidata.org/entity/Q216896,Capt. Charles Gordon,1911-03-13T00:00:00Z,Мэри Сью Хаббард
http://www.wikidata.org/entity/Q216896,Capt. Humbert Reynolds,1911-03-13T00:00:00Z,Мэри Сью Хаббард
http://www.wikidata.org/entity/Q216896,Capt. L. Ron Hubbard,1911-03-13T00:00:00Z,Мэри Сью Хаббард
http://www.wikidata.org/entity/Q216896,George Kellogg,1911-03-13T00:00:00Z,Мэри Сью Хаббард
http://www.wikidata.org/entity/Q216896,Kurt von Rachen,1911-03-13T00:00:00Z,Мэри Сью Хаббард
http://www.wikidata.org/entity/Q216896,Legionnaire 148,1911-03-13T00:00:00Z,Мэри Сью Хаббард
http://www.wikidata.org/entity/Q216896,Legionnaire 14830,1911-03-13T00:00:00Z,Мэри Сью Хаббард
http://www.wikidata.org/entity/Q216896,Lt. Jonathan Daly,1911-03-13T00:00:00Z,Мэри Сью Хаббард
http://www.wikidata.org/entity/Q216896,Lt. Scott Morgan,1911-03-13T00:00:00Z,Мэри Сью Хаббард
http://www.wikidata.org/entity/Q216896,Mr. Spectator,1911-03-13T00:00:00Z,Мэри Сью Хаббард
http://www.wikidata.org/entity/Q216896,Rene Lafayette,1911-03-13T00:00:00Z,Мэри Сью Хаббард
http://www.wikidata.org/entity/Q216896,Ron Hubbard,1911-03-13T00:00:00Z,Мэри Сью Хаббард
http://www.wikidata.org/entity/Q216896,Tom Esterbrook,1911-03-13T00:00:00Z,Мэри Сью Хаббард
http://www.wikidata.org/entity/Q216896,W.R. Colt,1911-03-13T00:00:00Z,Мэри Сью Хаббард
http://www.wikidata.org/entity/Q216896,Winchester Remington Colt,1911-03-13T00:00:00Z,Мэри Сью Хаббард
http://www.wikidata.org/entity/Q216896,John Seabrook,1911-03-13T00:00:00Z,Margaret Grubb
http://www.wikidata.org/entity/Q216896,Michael Keith,1911-03-13T00:00:00Z,Margaret Grubb
http://www.wikidata.org/entity/Q216896,Barry Randolph,1911-03-13T00:00:00Z,Margaret Grubb
http://www.wikidata.org/entity/Q216896,Bernard Hubbel,1911-03-13T00:00:00Z,Margaret Grubb
http://www.wikidata.org/entity/Q216896,Capt. B.A. Northrop,1911-03-13T00:00:00Z,Margaret Grubb
http://www.wikidata.org/entity/Q216896,Capt. Charles Gordon,1911-03-13T00:00:00Z,Margaret Grubb
http://www.wikidata.org/entity/Q216896,Capt. Humbert Reynolds,1911-03-13T00:00:00Z,Margaret Grubb
http://www.wikidata.org/entity/Q216896,Capt. L. Ron Hubbard,1911-03-13T00:00:00Z,Margaret Grubb
http://www.wikidata.org/entity/Q216896,George Kellogg,1911-03-13T00:00:00Z,Margaret Grubb
http://www.wikidata.org/entity/Q216896,Kurt von Rachen,1911-03-13T00:00:00Z,Margaret Grubb
http://www.wikidata.org/entity/Q216896,Legionnaire 148,1911-03-13T00:00:00Z,Margaret Grubb
http://www.wikidata.org/entity/Q216896,Legionnaire 14830,1911-03-13T00:00:00Z,Margaret Grubb
http://www.wikidata.org/entity/Q216896,Lt. Jonathan Daly,1911-03-13T00:00:00Z,Margaret Grubb
http://www.wikidata.org/entity/Q216896,Lt. Scott Morgan,1911-03-13T00:00:00Z,Margaret Grubb
http://www.wikidata.org/entity/Q216896,Mr. Spectator,1911-03-13T00:00:00Z,Margaret Grubb
http://www.wikidata.org/entity/Q216896,Rene Lafayette,1911-03-13T00:00:00Z,Margaret Grubb
http://www.wikidata.org/entity/Q216896,Ron Hubbard,1911-03-13T00:00:00Z,Margaret Grubb
http://www.wikidata.org/entity/Q216896,Tom Esterbrook,1911-03-13T00:00:00Z,Margaret Grubb
http://www.wikidata.org/entity/Q216896,W.R. Colt,1911-03-13T00:00:00Z,Margaret Grubb
http://www.wikidata.org/entity/Q216896,Winchester Remington Colt,1911-03-13T00:00:00Z,Margaret Grubb
http://www.wikidata.org/entity/Q216896,John Seabrook,1911-03-13T00:00:00Z,Sara Northrup Hollister
http://www.wikidata.org/entity/Q216896,Michael Keith,1911-03-13T00:00:00Z,Sara Northrup Hollister
http://www.wikidata.org/entity/Q216896,Barry Randolph,1911-03-13T00:00:00Z,Sara Northrup Hollister
http://www.wikidata.org/entity/Q216896,Bernard Hubbel,1911-03-13T00:00:00Z,Sara Northrup Hollister
http://www.wikidata.org/entity/Q216896,Capt. B.A. Northrop,1911-03-13T00:00:00Z,Sara Northrup Hollister
http://www.wikidata.org/entity/Q216896,Capt. Charles Gordon,1911-03-13T00:00:00Z,Sara Northrup Hollister
http://www.wikidata.org/entity/Q216896,Capt. Humbert Reynolds,1911-03-13T00:00:00Z,Sara Northrup Hollister
http://www.wikidata.org/entity/Q216896,Capt. L. Ron Hubbard,1911-03-13T00:00:00Z,Sara Northrup Hollister
http://www.wikidata.org/entity/Q216896,George Kellogg,1911-03-13T00:00:00Z,Sara Northrup Hollister
http://www.wikidata.org/entity/Q216896,Kurt von Rachen,1911-03-13T00:00:00Z,Sara Northrup Hollister
http://www.wikidata.org/entity/Q216896,Legionnaire 148,1911-03-13T00:00:00Z,Sara Northrup Hollister
http://www.wikidata.org/entity/Q216896,Legionnaire 14830,1911-03-13T00:00:00Z,Sara Northrup Hollister
http://www.wikidata.org/entity/Q216896,Lt. Jonathan Daly,1911-03-13T00:00:00Z,Sara Northrup Hollister
http://www.wikidata.org/entity/Q216896,Lt. Scott Morgan,1911-03-13T00:00:00Z,Sara Northrup Hollister
http://www.wikidata.org/entity/Q216896,Mr. Spectator,1911-03-13T00:00:00Z,Sara Northrup Hollister
http://www.wikidata.org/entity/Q216896,Rene Lafayette,1911-03-13T00:00:00Z,Sara Northrup Hollister
http://www.wikidata.org/entity/Q216896,Ron Hubbard,1911-03-13T00:00:00Z,Sara Northrup Hollister
http://www.wikidata.org/entity/Q216896,Tom Esterbrook,1911-03-13T00:00:00Z,Sara Northrup Hollister
http://www.wikidata.org/entity/Q216896,W.R. Colt,1911-03-13T00:00:00Z,Sara Northrup Hollister
http://www.wikidata.org/entity/Q216896,Winchester Remington Colt,1911-03-13T00:00:00Z,Sara Northrup Hollister
http://www.wikidata.org/entity/Q357839,,1923-01-23T00:00:00Z,
http://www.wikidata.org/entity/Q207640,Sam Walser,1906-01-22T00:00:00Z,
http://www.wikidata.org/entity/Q207640,Steve Costigan,1906-01-22T00:00:00Z,
http://www.wikidata.org/entity/Q81447,,1894-07-26T00:00:00Z,Мария Нис
http://www.wikidata.org/entity/Q220883,A. A. Craig,1926-11-25T00:00:00Z,Карен Андерсон
http://www.wikidata.org/entity/Q76727,,1895-03-29T00:00:00Z,
http://www.wikidata.org/entity/Q329999,Maurice G. Hugi,1905-01-06T00:00:00Z,
http://www.wikidata.org/entity/Q329999,Duncan H. Munro,1905-01-06T00:00:00Z,
http://www.wikidata.org/entity/Q329999,Nialle Wilde,1905-01-06T00:00:00Z,
http://www.wikidata.org/entity/Q329999,Webster Craig,1905-01-06T00:00:00Z,
http://www.wikidata.org/entity/Q313673,John Wyndham,1903-07-10T00:00:00Z,
http://www.wikidata.org/entity/Q313673,John Beynon,1903-07-10T00:00:00Z,
http://www.wikidata.org/entity/Q313673,Lucas Parkes,1903-07-10T00:00:00Z,
http://www.wikidata.org/entity/Q453410,James Aston,1906-05-29T00:00:00Z,
http://www.wikidata.org/entity/Q1193106,David Gordon,1927-12-16T00:00:00Z,
http://www.wikidata.org/entity/Q1193106,Mark Phillips,1927-12-16T00:00:00Z,
http://www.wikidata.org/entity/Q1193106,Robert Randall,1927-12-16T00:00:00Z,
http://www.wikidata.org/entity/Q1193106,Alexander Blade,1927-12-16T00:00:00Z,
http://www.wikidata.org/entity/Q1193106,Clyde Mitchell,1927-12-16T00:00:00Z,
http://www.wikidata.org/entity/Q1193106,Darrel T. Langart,1927-12-16T00:00:00Z,
http://www.wikidata.org/entity/Q1193106,Gerald Vance,1927-12-16T00:00:00Z,
http://www.wikidata.org/entity/Q1193106,Gordon Aghill,1927-12-16T00:00:00Z,
http://www.wikidata.org/entity/Q1193106,Ivar Jorgensen,1927-12-16T00:00:00Z,
http://www.wikidata.org/entity/Q1193106,Johnathan Blake MacKenzie,1927-12-16T00:00:00Z,
http://www.wikidata.org/entity/Q1193106,Leonard G. Spencer,1927-12-16T00:00:00Z,
http://www.wikidata.org/entity/Q1193106,Richard Greer,1927-12-16T00:00:00Z,
http://www.wikidata.org/entity/Q1193106,S. M. Tenneshaw,1927-12-16T00:00:00Z,
http://www.wikidata.org/entity/Q105756,,1932-03-18T00:00:00Z,Martha Ruggles Bernhard
http://www.wikidata.org/entity/Q105756,,1932-03-18T00:00:00Z,Mary Entwistle Pennington
http://www.wikidata.org/entity/Q315059,,1912-04-26T00:00:00Z,Эдна Халл
http://www.wikidata.org/entity/Q410,,1934-11-09T00:00:00Z,Линн Маргулис
http://www.wikidata.org/entity/Q220450,Ross Harding,1948-08-01T00:00:00Z,Stella Gemmell
http://www.wikidata.org/entity/Q410,,1934-11-09T00:00:00Z,Энн Друян
http://www.wikidata.org/entity/Q1381985,,1933-07-21T00:00:00Z,Liz Rosenberg
http://www.wikidata.org/entity/Q313289,,1920-05-10T00:00:00Z,Barbara Elizabeth Acland
http://www.wikidata.org/entity/Q35155,,1937-05-08T00:00:00Z,
http://www.wikidata.org/entity/Q1383662,,1925-07-05T00:00:00Z,Aliette Raspail
http://www.wikidata.org/entity/Q59054,С. Витицкий,1933-04-15T00:00:00Z,
http://www.wikidata.org/entity/Q410,,1934-11-09T00:00:00Z,Линда Зальцман Саган
http://www.wikidata.org/entity/Q148234,,1875-09-01T00:00:00Z,Флоренс Гильберт
http://www.wikidata.org/entity/Q25161,,1916-09-13T00:00:00Z,Патриция Нил
http://www.wikidata.org/entity/Q462634,Vercors,1902-02-26T00:00:00Z,Rita Barisse
http://www.wikidata.org/entity/Q462634,Joë Mab,1902-02-26T00:00:00Z,Rita Barisse
http://www.wikidata.org/entity/Q455951,,1940-09-15T00:00:00Z,N. Lee Wood
http://www.wikidata.org/entity/Q2578761,James Hopkins,1928-03-06T00:00:00Z,
http://www.wikidata.org/entity/Q312995,,1954-04-14T00:00:00Z,Jasmina Tešanović
http://www.wikidata.org/entity/Q61699,С. Бережков,1925-08-28T00:00:00Z,Елена Ильинична Ошанина
http://www.wikidata.org/entity/Q61699,С. Ярославцев,1925-08-28T00:00:00Z,Елена Ильинична Ошанина
http://www.wikidata.org/entity/Q25161,,1916-09-13T00:00:00Z,Felicity Dahl
http://www.wikidata.org/entity/Q40874,Jane Somers,1919-10-22T00:00:00Z,http://www.wikidata.org/.well-known/genid/cb68e1bbf73114578fc261139e70ff92
http://www.wikidata.org/entity/Q453329,,1922-05-30T00:00:00Z,Mary Stubbs
http://www.wikidata.org/entity/Q82104,,1908-05-28T00:00:00Z,Ann Fleming
http://www.wikidata.org/entity/Q40874,Jane Somers,1919-10-22T00:00:00Z,Готфрид Лессинг
http://www.wikidata.org/entity/Q1346126,,1953-02-10T00:00:00Z,
http://www.wikidata.org/entity/Q1594527,,1954-11-03T00:00:00Z,Вольфганг Хольбайн
http://www.wikidata.org/entity/Q354888,,1931-07-07T00:00:00Z,Leigh Eddings
http://www.wikidata.org/entity/Q727934,,1951-05-20T00:00:00Z,
http://www.wikidata.org/entity/Q1082789,,1949-12-29T00:00:00Z,
http://www.wikidata.org/entity/Q242162,,1948-08-28T00:00:00Z,
http://www.wikidata.org/entity/Q727079,,1949-01-26T00:00:00Z,
http://www.wikidata.org/entity/Q890980,,1948-08-02T00:00:00Z,
http://www.wikidata.org/entity/Q234030,C. J. Cherryh,1942-09-01T00:00:00Z,Jane Fancher
http://www.wikidata.org/entity/Q961147,Nathaniel,1908-03-16T00:00:00Z,Véra Daumal
http://www.wikidata.org/entity/Q961147,Mouchamiel,1908-03-16T00:00:00Z,Véra Daumal
http://www.wikidata.org/entity/Q961147,Oncle Nathaniel,1908-03-16T00:00:00Z,Véra Daumal
http://www.wikidata.org/entity/Q350404,,1945-12-23T00:00:00Z,
http://www.wikidata.org/entity/Q217110,Brian Green,1951-08-24T00:00:00Z,
http://www.wikidata.org/entity/Q217110,Bryan Green,1951-08-24T00:00:00Z,
http://www.wikidata.org/entity/Q217110,Byron Walley,1951-08-24T00:00:00Z,
http://www.wikidata.org/entity/Q217110,Frederick Bliss,1951-08-24T00:00:00Z,
http://www.wikidata.org/entity/Q217110,P. Q. Gump,1951-08-24T00:00:00Z,
http://www.wikidata.org/entity/Q953288,,1945-11-12T00:00:00Z,
http://www.wikidata.org/entity/Q3038012,,1946-12-10T00:00:00Z,
http://www.wikidata.org/entity/Q318845,,1944-01-08T00:00:00Z,
http://www.wikidata.org/entity/Q1515266,,1945-02-13T00:00:00Z,
http://www.wikidata.org/entity/Q5717932,,1945-01-01T00:00:00Z,
http://www.wikidata.org/entity/Q285007,,1939-04-20T00:00:00Z,
http://www.wikidata.org/entity/Q76134,,1936-11-19T00:00:00Z,
http://www.wikidata.org/entity/Q449522,,1935-01-01T00:00:00Z,
http://www.wikidata.org/entity/Q234519,Angela Olive Carter,1940-05-07T00:00:00Z,
http://www.wikidata.org/entity/Q1956342,,1934-10-20T00:00:00Z,
http://www.wikidata.org/entity/Q314553,Paul Hollander,1935-01-15T00:00:00Z,Barbara Silverberg
http://www.wikidata.org/entity/Q314553,John Dexter,1935-01-15T00:00:00Z,Barbara Silverberg
http://www.wikidata.org/entity/Q314553,Robert Randall,1935-01-15T00:00:00Z,Barbara Silverberg
http://www.wikidata.org/entity/Q314553,Calvin M. Knox,1935-01-15T00:00:00Z,Barbara Silverberg
http://www.wikidata.org/entity/Q314553,Dozens,1935-01-15T00:00:00Z,Barbara Silverberg
http://www.wikidata.org/entity/Q314553,Franklin Hamilton,1935-01-15T00:00:00Z,Barbara Silverberg
http://www.wikidata.org/entity/Q314553,Lee Sebastian,1935-01-15T00:00:00Z,Barbara Silverberg
http://www.wikidata.org/entity/Q314553,Lloyd Robinson,1935-01-15T00:00:00Z,Barbara Silverberg
http://www.wikidata.org/entity/Q314553,Walker Chapman,1935-01-15T00:00:00Z,Barbara Silverberg
http://www.wikidata.org/entity/Q1411615,,1932-12-23T00:00:00Z,
http://www.wikidata.org/entity/Q506885,,1931-08-12T00:00:00Z,
http://www.wikidata.org/entity/Q361149,,1931-05-07T00:00:00Z,
http://www.wikidata.org/entity/Q140201,,1930-11-15T00:00:00Z,
http://www.wikidata.org/entity/Q717936,,1931-01-28T00:00:00Z,
http://www.wikidata.org/entity/Q575345,James Lawson,1946-11-18T00:00:00Z,
http://www.wikidata.org/entity/Q317631,,1929-08-27T00:00:00Z,
http://www.wikidata.org/entity/Q325422,,1929-07-29T00:00:00Z,
http://www.wikidata.org/entity/Q325422,,1929-07-10T00:00:00Z,
http://www.wikidata.org/entity/Q214660,,1926-03-31T00:00:00Z,
http://www.wikidata.org/entity/Q76335,Gudrun Wilcke,1928-03-03T00:00:00Z,
http://www.wikidata.org/entity/Q1286138,,1926-04-30T00:00:00Z,
http://www.wikidata.org/entity/Q1248054,,1930-06-09T00:00:00Z,Judith Ellen Hershkovitz
http://www.wikidata.org/entity/Q1248054,,1930-06-09T00:00:00Z,Noël Vreeland Carter
http://www.wikidata.org/entity/Q183492,,1939-11-18T00:00:00Z,Грэм Гибсон
http://www.wikidata.org/entity/Q268371,,1948-04-02T00:00:00Z,James Frenkel
http://www.wikidata.org/entity/Q7143881,,1931-01-22T00:00:00Z,
http://www.wikidata.org/entity/Q366643,,1924-01-30T00:00:00Z,
http://www.wikidata.org/entity/Q446941,,1923-11-01T00:00:00Z,
http://www.wikidata.org/entity/Q1687888,,1924-02-08T00:00:00Z,
http://www.wikidata.org/entity/Q261962,Esther Garber,1947-09-19T00:00:00Z,John Kaiine
http://www.wikidata.org/entity/Q489193,,1925-03-12T00:00:00Z,Evelyn Harrison
http://www.wikidata.org/entity/Q707796,,1943-07-14T00:00:00Z,Ли Кеннеди
http://www.wikidata.org/entity/Q316313,J. Wellington,1907-11-27T00:00:00Z,Catherine Crook de Camp
http://www.wikidata.org/entity/Q316313,J. Wellington Wells,1907-11-27T00:00:00Z,Catherine Crook de Camp
http://www.wikidata.org/entity/Q316313,Lymen R. Lyon,1907-11-27T00:00:00Z,Catherine Crook de Camp
http://www.wikidata.org/entity/Q707796,,1943-07-14T00:00:00Z,Nina Allan
http://www.wikidata.org/entity/Q489193,,1925-03-12T00:00:00Z,Joan Merkler Harrison
http://www.wikidata.org/entity/Q325130,Logan Swanson,1926-02-20T00:00:00Z,
http://www.wikidata.org/entity/Q61994,,1953-08-15T00:00:00Z,Heike Hohlbein
http://www.wikidata.org/entity/Q268680,,1938-08-15T00:00:00Z,Jadwiga Zajdel
http://www.wikidata.org/entity/Q299965,,1914-03-01T00:00:00Z,
http://www.wikidata.org/entity/Q286116,,1913-12-18T00:00:00Z,
http://www.wikidata.org/entity/Q219910,,1912-02-20T00:00:00Z,
http://www.wikidata.org/entity/Q115674,,1911-10-02T00:00:00Z,
http://www.wikidata.org/entity/Q313185,,1910-12-24T00:00:00Z,
http://www.wikidata.org/entity/Q562556,,1911-01-24T00:00:00Z,
http://www.wikidata.org/entity/Q312632,Ellery Queen,1916-08-28T00:00:00Z,
http://www.wikidata.org/entity/Q312632,Peter Held,1916-08-28T00:00:00Z,
http://www.wikidata.org/entity/Q312632,Alan Wade,1916-08-28T00:00:00Z,
http://www.wikidata.org/entity/Q312632,Jay Kavanse,1916-08-28T00:00:00Z,
http://www.wikidata.org/entity/Q312632,John van See,1916-08-28T00:00:00Z,
http://www.wikidata.org/entity/Q363227,,1906-10-29T00:00:00Z,
http://www.wikidata.org/entity/Q707796,,1943-07-14T00:00:00Z,Лиза Таттл
http://www.wikidata.org/entity/Q81447,,1894-07-26T00:00:00Z,Laura Huxley
http://www.wikidata.org/entity/Q314553,Paul Hollander,1935-01-15T00:00:00Z,Карен Абер
http://www.wikidata.org/entity/Q314553,John Dexter,1935-01-15T00:00:00Z,Карен Абер
http://www.wikidata.org/entity/Q314553,Robert Randall,1935-01-15T00:00:00Z,Карен Абер
http://www.wikidata.org/entity/Q314553,Calvin M. Knox,1935-01-15T00:00:00Z,Карен Абер
http://www.wikidata.org/entity/Q314553,Dozens,1935-01-15T00:00:00Z,Карен Абер
http://www.wikidata.org/entity/Q314553,Franklin Hamilton,1935-01-15T00:00:00Z,Карен Абер
http://www.wikidata.org/entity/Q314553,Lee Sebastian,1935-01-15T00:00:00Z,Карен Абер
http://www.wikidata.org/entity/Q314553,Lloyd Robinson,1935-01-15T00:00:00Z,Карен Абер
http://www.wikidata.org/entity/Q314553,Walker Chapman,1935-01-15T00:00:00Z,Карен Абер
http://www.wikidata.org/entity/Q905100,,1904-09-21T00:00:00Z,
http://www.wikidata.org/entity/Q317491,,1951-08-20T00:00:00Z,Astrid Anderson Bear
http://www.wikidata.org/entity/Q207640,John Taverel,1906-01-22T00:00:00Z,
http://www.wikidata.org/entity/Q207640,Patrick Ervin,1906-01-22T00:00:00Z,
http://www.wikidata.org/entity/Q207640,Patrick Howard,1906-01-22T00:00:00Z,
http://www.wikidata.org/entity/Q207640,Patrick Mac Conaire,1906-01-22T00:00:00Z,
http://www.wikidata.org/entity/Q11292807,,1902-07-19T00:00:00Z,
http://www.wikidata.org/entity/Q968565,William Tenn,1920-05-09T00:00:00Z,
http://www.wikidata.org/entity/Q947519,John Anthony,1916-06-24T00:00:00Z,
http://www.wikidata.org/entity/Q1701769,Cassandra Knye,1937-12-15T00:00:00Z,
http://www.wikidata.org/entity/Q1701769,Dale Johns,1937-12-15T00:00:00Z,
http://www.wikidata.org/entity/Q1701769,James Vogh,1937-12-15T00:00:00Z,
http://www.wikidata.org/entity/Q1701769,Richard A. Tilms,1937-12-15T00:00:00Z,
http://www.wikidata.org/entity/Q560015,,1886-01-14T00:00:00Z,
http://www.wikidata.org/entity/Q1443787,,1925-01-22T00:00:00Z,Charles Dye
http://www.wikidata.org/entity/Q1348138,,1898-07-22T00:00:00Z,Rosemary Benét
http://www.wikidata.org/entity/Q550449,Murray Leinster,1896-06-16T00:00:00Z,
http://www.wikidata.org/entity/Q438164,,1942-04-01T00:00:00Z,Marilyn Hacker
http://www.wikidata.org/entity/Q2470299,Akira Suzuko,1951-05-31T00:00:00Z,
http://www.wikidata.org/entity/Q2470299,D. Morlok,1951-05-31T00:00:00Z,
http://www.wikidata.org/entity/Q2470299,Kitty Doom,1951-05-31T00:00:00Z,
http://www.wikidata.org/entity/Q2470299,Zeb Chillikothe,1951-05-31T00:00:00Z,
http://www.wikidata.org/entity/Q944409,Marge Stanley,1902-04-04T00:00:00Z,
http://www.wikidata.org/entity/Q975994,Leslie Northern,1901-04-27T00:00:00Z,
http://www.wikidata.org/entity/Q975994,Lyda Belknap Long,1901-04-27T00:00:00Z,
http://www.wikidata.org/entity/Q49396190,,1918-09-30T00:00:00Z,
http://www.wikidata.org/entity/Q1871576,Carter Travis Young,1924-01-20T00:00:00Z,
http://www.wikidata.org/entity/Q276304,Cyril Judd,1923-01-21T00:00:00Z,Фредерик Пол
http://www.wikidata.org/entity/Q242530,,1911-01-24T00:00:00Z,Генри Каттнер
http://www.wikidata.org/entity/Q3498557,Stephen Goldin,1947-02-28T00:00:00Z,Kathleen Sky
http://www.wikidata.org/entity/Q551710,,1915-04-07T00:00:00Z,Кэтрин Люсиль Мур
http://www.wikidata.org/entity/Q257261,,1918-11-29T00:00:00Z,Хью Франклин
http://www.wikidata.org/entity/Q193357,Daphne du Maurier,1907-05-13T00:00:00Z,Фредерик Браунинг
http://www.wikidata.org/entity/Q3197543,Kit Craig,1932-06-07T00:00:00Z,
http://www.wikidata.org/entity/Q3197543,Shelley Hyde,1932-06-07T00:00:00Z,
http://www.wikidata.org/entity/Q2939834,,1921-04-12T00:00:00Z,Эд Эмшвиллер
http://www.wikidata.org/entity/Q274788,,1905-05-01T00:00:00Z,Альфред ван Вогт
http://www.wikidata.org/entity/Q312405,,1944-10-02T00:00:00Z,Джоан Виндж
http://www.wikidata.org/entity/Q435135,,1931-01-11T00:00:00Z,Henry Guettel
http://www.wikidata.org/entity/Q435135,,1931-01-11T00:00:00Z,Julian B. Beaty
http://www.wikidata.org/entity/Q271111,Mary Stewart,1916-09-17T00:00:00Z,Frederick Stewart
http://www.wikidata.org/entity/Q220078,,1922-04-16T00:00:00Z,Hilary Bardwell
http://www.wikidata.org/entity/Q89353841,,1910-04-05T00:00:00Z,
http://www.wikidata.org/entity/Q3383862,Pierre Barbet,1925-05-16T00:00:00Z,
http://www.wikidata.org/entity/Q3383862,Olivier Sprigel,1925-05-16T00:00:00Z,
http://www.wikidata.org/entity/Q3383862,David Maine,1925-05-16T00:00:00Z,
http://www.wikidata.org/entity/Q3379673,,1929-12-27T00:00:00Z,Anne Tronche
http://www.wikidata.org/entity/Q534599,,1922-09-19T00:00:00Z,Кейт Вильгельм
http://www.wikidata.org/entity/Q455510,,1950-11-18T00:00:00Z,
http://www.wikidata.org/entity/Q1090406,,1950-03-26T00:00:00Z,
http://www.wikidata.org/entity/Q704553,,1949-06-18T00:00:00Z,
http://www.wikidata.org/entity/Q3290528,Idris Seabright,1911-02-17T00:00:00Z,
http://www.wikidata.org/entity/Q3290528,Wilton Hazzard,1911-02-17T00:00:00Z,
http://www.wikidata.org/entity/Q220078,,1922-04-16T00:00:00Z,Элизабет Джейн Говард
http://www.wikidata.org/entity/Q736143,,1944-12-21T00:00:00Z,
http://www.wikidata.org/entity/Q3102027,,1945-12-28T00:00:00Z,
http://www.wikidata.org/entity/Q736447,,1942-12-01T00:00:00Z,
http://www.wikidata.org/entity/Q3568605,Temple Williams,1914-03-09T00:00:00Z,
http://www.wikidata.org/entity/Q684748,Philip James,1915-06-02T00:00:00Z,Evelyn Harrison
http://www.wikidata.org/entity/Q684748,Cameron Hall,1915-06-02T00:00:00Z,Evelyn Harrison
http://www.wikidata.org/entity/Q684748,Marion Henry,1915-06-02T00:00:00Z,Evelyn Harrison
http://www.wikidata.org/entity/Q684748,Charles Satterfield,1915-06-02T00:00:00Z,Evelyn Harrison
http://www.wikidata.org/entity/Q684748,Edson McCann,1915-06-02T00:00:00Z,Evelyn Harrison
http://www.wikidata.org/entity/Q684748,Erik Van Lhin,1915-06-02T00:00:00Z,Evelyn Harrison
http://www.wikidata.org/entity/Q684748,John Alvarez,1915-06-02T00:00:00Z,Evelyn Harrison
http://www.wikidata.org/entity/Q684748,Kenneth Wright,1915-06-02T00:00:00Z,Evelyn Harrison
http://www.wikidata.org/entity/Q684748,Philip St. John,1915-06-02T00:00:00Z,Evelyn Harrison
http://www.wikidata.org/entity/Q684748,Ramon F. Alvarez-del Rey,1915-06-02T00:00:00Z,Evelyn Harrison
http://www.wikidata.org/entity/Q684748,Wade Kaempfert,1915-06-02T00:00:00Z,Evelyn Harrison
http://www.wikidata.org/entity/Q3071789,,1920-09-23T00:00:00Z,Leslie Perri
http://www.wikidata.org/entity/Q2307880,,1938-05-19T00:00:00Z,
http://www.wikidata.org/entity/Q457185,Reed Stephens,1947-05-13T00:00:00Z,
http://www.wikidata.org/entity/Q514080,,1932-07-28T00:00:00Z,
http://www.wikidata.org/entity/Q1081888,,1933-01-13T00:00:00Z,
http://www.wikidata.org/entity/Q547414,,1931-01-09T00:00:00Z,
http://www.wikidata.org/entity/Q316138,Philip James,1939-12-18T00:00:00Z,
http://www.wikidata.org/entity/Q316138,Michael Barrington,1939-12-18T00:00:00Z,
http://www.wikidata.org/entity/Q316138,Desmond Reid,1939-12-18T00:00:00Z,
http://www.wikidata.org/entity/Q316138,Bill Barclay,1939-12-18T00:00:00Z,
http://www.wikidata.org/entity/Q316138,Edward P. Bradbury,1939-12-18T00:00:00Z,
http://www.wikidata.org/entity/Q316138,James Colvin,1939-12-18T00:00:00Z,
http://www.wikidata.org/entity/Q316138,"Warwick Colvin, Jr.",1939-12-18T00:00:00Z,
http://www.wikidata.org/entity/Q316138,William Ewert Barclay,1939-12-18T00:00:00Z,
http://www.wikidata.org/entity/Q358312,Sterling Blake,1941-01-30T00:00:00Z,
http://www.wikidata.org/entity/Q497454,,1930-05-18T00:00:00Z,
http://www.wikidata.org/entity/Q484292,,1928-12-12T00:00:00Z,
http://www.wikidata.org/entity/Q586756,,1928-04-07T00:00:00Z,
http://www.wikidata.org/entity/Q726865,,1928-03-30T00:00:00Z,
http://www.wikidata.org/entity/Q740928,,1928-02-28T00:00:00Z,
http://www.wikidata.org/entity/Q3022252,,1929-10-01T00:00:00Z,
http://www.wikidata.org/entity/Q1277983,,1927-09-14T00:00:00Z,
http://www.wikidata.org/entity/Q233046,,1926-04-01T00:00:00Z,
http://www.wikidata.org/entity/Q353137,,1955-11-26T00:00:00Z,Laura Hickman
http://www.wikidata.org/entity/Q724395,,1925-06-09T00:00:00Z,
http://www.wikidata.org/entity/Q723591,,1924-06-06T00:00:00Z,
http://www.wikidata.org/entity/Q711503,,1921-05-31T00:00:00Z,
http://www.wikidata.org/entity/Q2602737,,1921-11-09T00:00:00Z,
http://www.wikidata.org/entity/Q1285626,,1904-10-21T00:00:00Z,Ли Брэкетт
http://www.wikidata.org/entity/Q238702,Jael Cracken,1925-08-18T00:00:00Z,
http://www.wikidata.org/entity/Q559409,Piers Anthony,1934-08-06T00:00:00Z,
http://www.wikidata.org/entity/Q3381038,,1920-07-29T00:00:00Z,
http://www.wikidata.org/entity/Q3376808,,1920-01-21T00:00:00Z,
http://www.wikidata.org/entity/Q1065212,,1917-03-17T00:00:00Z,
http://www.wikidata.org/entity/Q355879,,1917-04-05T00:00:00Z,Elly Bloch
http://www.wikidata.org/entity/Q3565803,,1918-11-22T00:00:00Z,
http://www.wikidata.org/entity/Q440612,Doctor X,1928-08-11T00:00:00Z,
http://www.wikidata.org/entity/Q982489,,1914-11-07T00:00:00Z,
http://www.wikidata.org/entity/Q1137125,Simon Ian Childer,1947-10-07T00:00:00Z,
http://www.wikidata.org/entity/Q2865296,,1915-08-20T00:00:00Z,
http://www.wikidata.org/entity/Q169566,Ward Phillips,1890-08-20T00:00:00Z,Соня Грин
http://www.wikidata.org/entity/Q937000,Cordwainer Smith,1913-07-11T00:00:00Z,Genevieve Linebarger
http://www.wikidata.org/entity/Q937000,Carmichael Smith,1913-07-11T00:00:00Z,Genevieve Linebarger
http://www.wikidata.org/entity/Q937000,Felix C. Forrest,1913-07-11T00:00:00Z,Genevieve Linebarger
http://www.wikidata.org/entity/Q1284085,,1909-02-25T00:00:00Z,
http://www.wikidata.org/entity/Q590532,Albert Russell,1923-01-11T00:00:00Z,
http://www.wikidata.org/entity/Q590532,J. Russell,1923-01-11T00:00:00Z,
http://www.wikidata.org/entity/Q590532,D. B. Lewis,1923-01-11T00:00:00Z,
http://www.wikidata.org/entity/Q590532,Harry Neal,1923-01-11T00:00:00Z,
http://www.wikidata.org/entity/Q590532,M. St. Vivant,1923-01-11T00:00:00Z,
http://www.wikidata.org/entity/Q590532,Thornecliff Herrick,1923-01-11T00:00:00Z,
http://www.wikidata.org/entity/Q233033,,1948-03-16T00:00:00Z,Дон Перрин
http://www.wikidata.org/entity/Q265756,,1903-12-10T00:00:00Z,
http://www.wikidata.org/entity/Q947986,,1903-08-10T00:00:00Z,
http://www.wikidata.org/entity/Q684748,Philip James,1915-06-02T00:00:00Z,Judy-Lynn del Rey
http://www.wikidata.org/entity/Q684748,Cameron Hall,1915-06-02T00:00:00Z,Judy-Lynn del Rey
http://www.wikidata.org/entity/Q684748,Marion Henry,1915-06-02T00:00:00Z,Judy-Lynn del Rey
http://www.wikidata.org/entity/Q684748,Charles Satterfield,1915-06-02T00:00:00Z,Judy-Lynn del Rey
http://www.wikidata.org/entity/Q684748,Edson McCann,1915-06-02T00:00:00Z,Judy-Lynn del Rey
http://www.wikidata.org/entity/Q684748,Erik Van Lhin,1915-06-02T00:00:00Z,Judy-Lynn del Rey
http://www.wikidata.org/entity/Q684748,John Alvarez,1915-06-02T00:00:00Z,Judy-Lynn del Rey
http://www.wikidata.org/entity/Q684748,Kenneth Wright,1915-06-02T00:00:00Z,Judy-Lynn del Rey
http://www.wikidata.org/entity/Q684748,Philip St. John,1915-06-02T00:00:00Z,Judy-Lynn del Rey
http://www.wikidata.org/entity/Q684748,Ramon F. Alvarez-del Rey,1915-06-02T00:00:00Z,Judy-Lynn del Rey
http://www.wikidata.org/entity/Q684748,Wade Kaempfert,1915-06-02T00:00:00Z,Judy-Lynn del Rey
http://www.wikidata.org/entity/Q376859,Cecil Corwin,1923-07-02T00:00:00Z,Мэри Корнблат
http://www.wikidata.org/entity/Q1258959,Jay Scotland,1932-03-31T00:00:00Z,
http://www.wikidata.org/entity/Q2818964,,,
http://www.wikidata.org/entity/Q3959910,,,
http://www.wikidata.org/entity/Q3309992,Albert Higon,1934-01-23T00:00:00Z,
http://www.wikidata.org/entity/Q3309992,François Colin,1934-01-23T00:00:00Z,
http://www.wikidata.org/entity/Q210669,,1949-06-05T00:00:00Z,Barbara Follett
http://www.wikidata.org/entity/Q123738985,,,
http://www.wikidata.org/entity/Q440744,,1952-09-16T00:00:00Z,Colin Murray
http://www.wikidata.org/entity/Q2142823,,1955-01-15T00:00:00Z,
http://www.wikidata.org/entity/Q130779,,1952-03-23T00:00:00Z,
http://www.wikidata.org/entity/Q3187418,,1953-08-29T00:00:00Z,
http://www.wikidata.org/entity/Q440744,,1952-09-16T00:00:00Z,Кристофер Прист
http://www.wikidata.org/entity/Q2975527,,1952-06-19T00:00:00Z,
http://www.wikidata.org/entity/Q453835,,1948-03-20T00:00:00Z,
http://www.wikidata.org/entity/Q374540,,1947-12-30T00:00:00Z,
http://www.wikidata.org/entity/Q320664,,1947-06-25T00:00:00Z,
http://www.wikidata.org/entity/Q504805,,1947-08-09T00:00:00Z,
http://www.wikidata.org/entity/Q190220,,1946-10-19T00:00:00Z,
http://www.wikidata.org/entity/Q92849,,1946-03-22T00:00:00Z,
http://www.wikidata.org/entity/Q135303,,1945-06-26T00:00:00Z,
http://www.wikidata.org/entity/Q278510,Adam Lee,1951-09-20T00:00:00Z,
http://www.wikidata.org/entity/Q3110895,,1945-07-24T00:00:00Z,
http://www.wikidata.org/entity/Q1110463,,1943-04-08T00:00:00Z,
http://www.wikidata.org/entity/Q2903325,,1945-01-01T00:00:00Z,
http://www.wikidata.org/entity/Q1371639,,1943-04-20T00:00:00Z,
http://www.wikidata.org/entity/Q2965982,,1929-02-10T00:00:00Z,Claude-François Cheinisse
http://www.wikidata.org/entity/Q443306,,1931-07-10T00:00:00Z,T. E. Dikty
http://www.wikidata.org/entity/Q272076,Brian Coffey,1945-07-09T00:00:00Z,
http://www.wikidata.org/entity/Q272076,John Hill,1945-07-09T00:00:00Z,
http://www.wikidata.org/entity/Q272076,Aaron Wolfe,1945-07-09T00:00:00Z,
http://www.wikidata.org/entity/Q272076,Anthony North,1945-07-09T00:00:00Z,
http://www.wikidata.org/entity/Q272076,David Axton,1945-07-09T00:00:00Z,
http://www.wikidata.org/entity/Q272076,Deanne Dwyer,1945-07-09T00:00:00Z,
http://www.wikidata.org/entity/Q272076,K. R. Dwyer,1945-07-09T00:00:00Z,
http://www.wikidata.org/entity/Q272076,Leigh Nichols,1945-07-09T00:00:00Z,
http://www.wikidata.org/entity/Q272076,Owen West,1945-07-09T00:00:00Z,
http://www.wikidata.org/entity/Q272076,Richard Paige,1945-07-09T00:00:00Z,
http://www.wikidata.org/entity/Q265270,,1937-02-22T00:00:00Z,
http://www.wikidata.org/entity/Q553276,,1921-12-26T00:00:00Z,Джейн Медоуз
http://www.wikidata.org/entity/Q2369735,,1937-05-27T00:00:00Z,
http://www.wikidata.org/entity/Q363478,Pierre Carbonari,1945-11-13T00:00:00Z,
http://www.wikidata.org/entity/Q363478,Pierre Suragne,1945-11-13T00:00:00Z,
http://www.wikidata.org/entity/Q666795,Francis Carsac,1919-12-30T00:00:00Z,Denise de Sonneville-Bordes
http://www.wikidata.org/entity/Q357114,,1935-01-30T00:00:00Z,
http://www.wikidata.org/entity/Q263201,,1935-07-13T00:00:00Z,Sande Zeig
http://www.wikidata.org/entity/Q2000229,,1932-08-15T00:00:00Z,Martha Dodson Forward
http://www.wikidata.org/entity/Q739385,,1929-06-23T00:00:00Z,
http://www.wikidata.org/entity/Q7615245,,1935-11-16T00:00:00Z,
http://www.wikidata.org/entity/Q739385,,1928-06-23T00:00:00Z,
http://www.wikidata.org/entity/Q441603,Rebecca Brand,1939-10-22T00:00:00Z,
http://www.wikidata.org/entity/Q71804,Harry Snyder,1928-06-19T00:00:00Z,
http://www.wikidata.org/entity/Q71804,Alexej Turbojew,1928-06-19T00:00:00Z,
http://www.wikidata.org/entity/Q71804,Diego Santo,1928-06-19T00:00:00Z,
http://www.wikidata.org/entity/Q71804,Klaus Tannert,1928-06-19T00:00:00Z,
http://www.wikidata.org/entity/Q71804,Pierre Chalon,1928-06-19T00:00:00Z,
http://www.wikidata.org/entity/Q71804,Roger Kersten,1928-06-19T00:00:00Z,
http://www.wikidata.org/entity/Q71804,Rolf Torak,1928-06-19T00:00:00Z,
http://www.wikidata.org/entity/Q3036044,,1929-02-12T00:00:00Z,
http://www.wikidata.org/entity/Q78620,Peter Parsival,1927-05-14T00:00:00Z,
http://www.wikidata.org/entity/Q78620,Sergius Both,1927-05-14T00:00:00Z,
http://www.wikidata.org/entity/Q251038,,1924-03-26T00:00:00Z,
http://www.wikidata.org/entity/Q251038,,1924-03-24T00:00:00Z,
http://www.wikidata.org/entity/Q2958956,,1925-10-30T00:00:00Z,
http://www.wikidata.org/entity/Q949829,,1923-04-17T00:00:00Z,
http://www.wikidata.org/entity/Q2907788,,1925-01-01T00:00:00Z,
http://www.wikidata.org/entity/Q3490778,,1924-01-01T00:00:00Z,
http://www.wikidata.org/entity/Q1975019,,1922-03-27T00:00:00Z,
http://www.wikidata.org/entity/Q708581,Cassandra Knye,1940-02-02T00:00:00Z,
http://www.wikidata.org/entity/Q3990238,,1920-04-13T00:00:00Z,
http://www.wikidata.org/entity/Q1849325,,1917-11-11T00:00:00Z,
http://www.wikidata.org/entity/Q557512,,1915-11-17T00:00:00Z,
http://www.wikidata.org/entity/Q557512,,1915-11-15T00:00:00Z,
http://www.wikidata.org/entity/Q746118,Alphonse Brutsche,1937-09-19T00:00:00Z,
http://www.wikidata.org/entity/Q715256,,1915-06-08T00:00:00Z,
http://www.wikidata.org/entity/Q3523687,,1918-03-10T00:00:00Z,
http://www.wikidata.org/entity/Q349508,H. J. Murdoch,1925-02-14T00:00:00Z,
http://www.wikidata.org/entity/Q1360721,,1915-06-08T00:00:00Z,
http://www.wikidata.org/entity/Q1132004,,1913-02-17T00:00:00Z,
http://www.wikidata.org/entity/Q235899,,1912-02-17T00:00:00Z,
http://www.wikidata.org/entity/Q1406489,,1911-10-15T00:00:00Z,
http://www.wikidata.org/entity/Q1995154,,1911-08-26T00:00:00Z,
http://www.wikidata.org/entity/Q1174539,David Gerrold,1944-01-24T00:00:00Z,
http://www.wikidata.org/entity/Q653320,,1908-11-23T00:00:00Z,
http://www.wikidata.org/entity/Q717071,,1908-11-23T00:00:00Z,
http://www.wikidata.org/entity/Q639253,,1908-04-22T00:00:00Z,
http://www.wikidata.org/entity/Q3809593,,1908-06-05T00:00:00Z,
http://www.wikidata.org/entity/Q1760899,,1906-01-01T00:00:00Z,
http://www.wikidata.org/entity/Q246303,Anthony Boucher,1911-08-21T00:00:00Z,
http://www.wikidata.org/entity/Q246303,H. H. Holmes,1911-08-21T00:00:00Z,
http://www.wikidata.org/entity/Q246303,Herman W. Mudgett,1911-08-21T00:00:00Z,
http://www.wikidata.org/entity/Q380202,Behn Boruch,1914-11-11T00:00:00Z,
http://www.wikidata.org/entity/Q380202,E. V. Cunningham,1914-11-11T00:00:00Z,
http://www.wikidata.org/entity/Q380202,Walter Ericson,1914-11-11T00:00:00Z,
http://www.wikidata.org/entity/Q8022686,,1908-09-23T00:00:00Z,
http://www.wikidata.org/entity/Q2305628,,1940-08-14T00:00:00Z,Cory Panshin
http://www.wikidata.org/entity/Q2568461,,1901-11-05T00:00:00Z,
http://www.wikidata.org/entity/Q316788,Will Stewart,1908-04-29T00:00:00Z,
http://www.wikidata.org/entity/Q316788,Jack Williamson,1908-04-29T00:00:00Z,
http://www.wikidata.org/entity/Q316788,Nils O. Sonderlund,1908-04-29T00:00:00Z,
http://www.wikidata.org/entity/Q2568461,,1900-11-05T00:00:00Z,
http://www.wikidata.org/entity/Q712653,Ray Stevens,1918-10-16T00:00:00Z,
http://www.wikidata.org/entity/Q712653,C. Reynes,1918-10-16T00:00:00Z,
http://www.wikidata.org/entity/Q712653,Cal W. Bogar,1918-10-16T00:00:00Z,
http://www.wikidata.org/entity/Q712653,Duchess Holiday,1918-10-16T00:00:00Z,
http://www.wikidata.org/entity/Q712653,Gaston Bogard,1918-10-16T00:00:00Z,
http://www.wikidata.org/entity/Q712653,Jacques Colombo,1918-10-16T00:00:00Z,
http://www.wikidata.org/entity/Q712653,Jacques Seyr,1918-10-16T00:00:00Z,
http://www.wikidata.org/entity/Q712653,Lew Shannon,1918-10-16T00:00:00Z,
http://www.wikidata.org/entity/Q712653,Pat Richmond,1918-10-16T00:00:00Z,
http://www.wikidata.org/entity/Q712653,Robert Davids,1918-10-16T00:00:00Z,
http://www.wikidata.org/entity/Q637455,Bob Tucker,1914-11-23T00:00:00Z,
http://www.wikidata.org/entity/Q1379856,John Kingston,1935-09-20T00:00:00Z,
http://www.wikidata.org/entity/Q1379856,Alistair Bevan,1935-09-20T00:00:00Z,
http://www.wikidata.org/entity/Q1379856,David Stringer,1935-09-20T00:00:00Z,
http://www.wikidata.org/entity/Q2876626,,1895-12-16T00:00:00Z,
http://www.wikidata.org/entity/Q2976694,,1931-12-05T00:00:00Z,Christine Renard
http://www.wikidata.org/entity/Q908589,David Grinnell,1914-10-01T00:00:00Z,
http://www.wikidata.org/entity/Q2741191,,1936-11-18T00:00:00Z,George Norman Elgin
http://www.wikidata.org/entity/Q2741191,,1936-11-18T00:00:00Z,Peter Joseph Haden
http://www.wikidata.org/entity/Q144090,"E. E. ""Doc"" Smith",1890-05-02T00:00:00Z,
http://www.wikidata.org/entity/Q43378674,,1916-06-15T00:00:00Z,
http://www.wikidata.org/entity/Q1364100,Horace Beam Piper,1904-03-23T00:00:00Z,
http://www.wikidata.org/entity/Q347461,Robert Graham,1943-06-09T00:00:00Z,Gay Haldeman
http://www.wikidata.org/entity/Q2003235,Charles Grey,1919-10-15T00:00:00Z,
http://www.wikidata.org/entity/Q2003235,Edward Thomson,1919-10-15T00:00:00Z,
http://www.wikidata.org/entity/Q2003235,Arthur Maclean,1919-10-15T00:00:00Z,
http://www.wikidata.org/entity/Q2003235,George Holt,1919-10-15T00:00:00Z,
http://www.wikidata.org/entity/Q2003235,Norman Dale,1919-10-15T00:00:00Z,
http://www.wikidata.org/entity/Q2003235,Brett Landry,1919-10-15T00:00:00Z,
http://www.wikidata.org/entity/Q2003235,Carl Maddox,1919-10-15T00:00:00Z,
http://www.wikidata.org/entity/Q2003235,Chuck Adams,1919-10-15T00:00:00Z,
http://www.wikidata.org/entity/Q2003235,E. F. Jackson,1919-10-15T00:00:00Z,
http://www.wikidata.org/entity/Q2003235,Eric Storm,1919-10-15T00:00:00Z,
http://www.wikidata.org/entity/Q2003235,Frank Weight,1919-10-15T00:00:00Z,
http://www.wikidata.org/entity/Q2003235,Gregory Kern,1919-10-15T00:00:00Z,
http://www.wikidata.org/entity/Q2003235,J. F. Clarkson,1919-10-15T00:00:00Z,
http://www.wikidata.org/entity/Q2003235,James R. Fenner,1919-10-15T00:00:00Z,
http://www.wikidata.org/entity/Q2003235,James S. Farrow,1919-10-15T00:00:00Z,
http://www.wikidata.org/entity/Q2003235,John Steven,1919-10-15T00:00:00Z,
http://www.wikidata.org/entity/Q2003235,King Lang,1919-10-15T00:00:00Z,
http://www.wikidata.org/entity/Q2003235,M. L. Powers,1919-10-15T00:00:00Z,
http://www.wikidata.org/entity/Q2003235,Mike Lantry,1919-10-15T00:00:00Z,
http://www.wikidata.org/entity/Q2003235,Paul Schofield,1919-10-15T00:00:00Z,
http://www.wikidata.org/entity/Q2003235,Roy Sheldon,1919-10-15T00:00:00Z,
http://www.wikidata.org/entity/Q260560,,1928-06-08T00:00:00Z,Деймон Найт
http://www.wikidata.org/entity/Q822793,,1915-08-28T00:00:00Z,Долорес Майклс
http://www.wikidata.org/entity/Q64743885,,1912-01-01T00:00:00Z,
http://www.wikidata.org/entity/Q234403,Robin Hobb,1952-03-05T00:00:00Z,Fred Ogden
http://www.wikidata.org/entity/Q234403,Megan Lindholm,1952-03-05T00:00:00Z,Fred Ogden
http://www.wikidata.org/entity/Q77808,,1905-07-05T00:00:00Z,
http://www.wikidata.org/entity/Q1263957,,1906-09-02T00:00:00Z,
http://www.wikidata.org/entity/Q6779408,,1911-11-19T00:00:00Z,
http://www.wikidata.org/entity/Q3897539,,1908-05-05T00:00:00Z,
http://www.wikidata.org/entity/Q3897539,,1907-06-15T00:00:00Z,
http://www.wikidata.org/entity/Q3938376,,1907-01-01T00:00:00Z,
http://www.wikidata.org/entity/Q1292432,Norman Edwards,1937-02-19T00:00:00Z,Carol Carr
http://www.wikidata.org/entity/Q1292432,Норман Эдвардс,1937-02-19T00:00:00Z,Carol Carr
http://www.wikidata.org/entity/Q6769632,,1908-05-17T00:00:00Z,
http://www.wikidata.org/entity/Q4867272,Gene Ellerman,1912-06-11T00:00:00Z,
http://www.wikidata.org/entity/Q40992062,,1937-11-25T00:00:00Z,
http://www.wikidata.org/entity/Q435056,Arthur McCann,1910-06-08T00:00:00Z,
http://www.wikidata.org/entity/Q435056,Don A. Stuart,1910-06-08T00:00:00Z,
http://www.wikidata.org/entity/Q435056,Karl van Campen,1910-06-08T00:00:00Z,
http://www.wikidata.org/entity/Q2085846,,1898-07-03T00:00:00Z,
http://www.wikidata.org/entity/Q4799182,,1898-09-13T00:00:00Z,
http://www.wikidata.org/entity/Q3046383,,1896-08-24T00:00:00Z,
http://www.wikidata.org/entity/Q509002,Michael West,1909-02-24T00:00:00Z,
http://www.wikidata.org/entity/Q509002,Simon West,1909-02-24T00:00:00Z,
http://www.wikidata.org/entity/Q509002,Eldon Heath,1909-02-24T00:00:00Z,
http://www.wikidata.org/entity/Q509002,George Shelton,1909-02-24T00:00:00Z,
http://www.wikidata.org/entity/Q509002,Kenyon Holmes,1909-02-24T00:00:00Z,
http://www.wikidata.org/entity/Q509002,Professor Laban Shrewsbury,1909-02-24T00:00:00Z,
http://www.wikidata.org/entity/Q509002,Stephen Grendon,1909-02-24T00:00:00Z,
http://www.wikidata.org/entity/Q509002,Tally Mason,1909-02-24T00:00:00Z,
http://www.wikidata.org/entity/Q47113177,,1936-02-09T00:00:00Z,
http://www.wikidata.org/entity/Q3270225,,1892-09-01T00:00:00Z,
http://www.wikidata.org/entity/Q356639,Nevil Shute,1899-01-17T00:00:00Z,
http://www.wikidata.org/entity/Q360292,Кир Булычёв,1934-10-18T00:00:00Z,Кира Алексеевна Сошинская
http://www.wikidata.org/entity/Q2005408,James Conan,1944-05-12T00:00:00Z,
http://www.wikidata.org/entity/Q1050951,,1907-11-06T00:00:00Z,Лайон Спрэг де Камп
http://www.wikidata.org/entity/Q550614,,1947-01-10T00:00:00Z,Beverly K. Effinger
http://www.wikidata.org/entity/Q919277,,1877-11-15T00:00:00Z,
http://www.wikidata.org/entity/Q505274,,1929-02-18T00:00:00Z,Ysabele Deighton
http://www.wikidata.org/entity/Q548140,John Taine,1883-02-07T00:00:00Z,
http://www.wikidata.org/entity/Q1701926,John Rackham,1916-11-10T00:00:00Z,
http://www.wikidata.org/entity/Q5244603,De Lysle F. Cass,1887-01-01T00:00:00Z,
http://www.wikidata.org/entity/Q19948055,Inge Matquim,1926-03-26T00:00:00Z,
http://www.wikidata.org/entity/Q44839,,1922-04-09T00:00:00Z,
http://www.wikidata.org/entity/Q47117988,,1899-01-01T00:00:00Z,
http://www.wikidata.org/entity/Q276421,,1852-10-31T00:00:00Z,
http://www.wikidata.org/entity/Q174210,Julio Denis,1914-08-26T00:00:00Z,Aurora Bernárdez
http://www.wikidata.org/entity/Q298035,,1914-09-15T00:00:00Z,Сильвина Окампо
http://www.wikidata.org/entity/Q455780,H. N. Turteltaub,1949-06-14T00:00:00Z,Laura Frankos
http://www.wikidata.org/entity/Q2594458,,1952-03-01T00:00:00Z,Tananarive Due
http://www.wikidata.org/entity/Q937610,,1927-01-29T00:00:00Z,Rita Deanin Abbey
http://www.wikidata.org/entity/Q174210,Julio Denis,1914-08-26T00:00:00Z,Carol Dunlop
http://www.wikidata.org/entity/Q368519,,1824-12-10T00:00:00Z,
http://www.wikidata.org/entity/Q3499501,Huerto Lopez,1929-01-07T00:00:00Z,
http://www.wikidata.org/entity/Q539221,,1956-05-14T00:00:00Z,
http://www.wikidata.org/entity/Q943997,,1935-06-25T00:00:00Z,Linda Zall
http://www.wikidata.org/entity/Q443681,,1954-12-13T00:00:00Z,
http://www.wikidata.org/entity/Q1780503,,1955-11-23T00:00:00Z,
http://www.wikidata.org/entity/Q12020889,Hugh Walters,1910-06-15T00:00:00Z,
http://www.wikidata.org/entity/Q445930,,1952-05-18T00:00:00Z,
http://www.wikidata.org/entity/Q280001,,1951-07-26T00:00:00Z,
http://www.wikidata.org/entity/Q319169,,1949-10-05T00:00:00Z,
http://www.wikidata.org/entity/Q716359,,1949-09-25T00:00:00Z,
http://www.wikidata.org/entity/Q268755,,1948-02-29T00:00:00Z,
http://www.wikidata.org/entity/Q3066599,,1950-09-24T00:00:00Z,
http://www.wikidata.org/entity/Q272194,,1930-08-17T00:00:00Z,Сильвия Плат
http://www.wikidata.org/entity/Q2532765,,1949-08-18T00:00:00Z,
http://www.wikidata.org/entity/Q561116,,1947-08-12T00:00:00Z,
http://www.wikidata.org/entity/Q42511,H. G. Wells,1866-09-21T00:00:00Z,Isabel Mary Wells
http://www.wikidata.org/entity/Q42511,Reginald Bliss,1866-09-21T00:00:00Z,Isabel Mary Wells
http://www.wikidata.org/entity/Q42511,Septimus Browne,1866-09-21T00:00:00Z,Isabel Mary Wells
http://www.wikidata.org/entity/Q42511,Sosthenes Smith,1866-09-21T00:00:00Z,Isabel Mary Wells
http://www.wikidata.org/entity/Q234700,,1945-12-31T00:00:00Z,
http://www.wikidata.org/entity/Q703476,,1946-01-04T00:00:00Z,
http://www.wikidata.org/entity/Q1797785,,1946-05-12T00:00:00Z,
http://www.wikidata.org/entity/Q981086,Walter Ramal,1873-04-25T00:00:00Z,Elfie Ingpen
http://www.wikidata.org/entity/Q1398751,,1944-12-17T00:00:00Z,
http://www.wikidata.org/entity/Q3294620,,1924-02-03T00:00:00Z,http://www.wikidata.org/.well-known/genid/b6e30f59b8925f16be08952a98db20b7
http://www.wikidata.org/entity/Q3294620,,1924-02-03T00:00:00Z,http://www.wikidata.org/.well-known/genid/07308204f337e8bebdb98694fb8c68d6
http://www.wikidata.org/entity/Q3294620,,1924-02-03T00:00:00Z,http://www.wikidata.org/.well-known/genid/198417f99af272c35ec2b5c1a36fa271
http://www.wikidata.org/entity/Q3294620,,1924-02-03T00:00:00Z,http://www.wikidata.org/.well-known/genid/3ee2d5e93c518b49d876dbf45e53228e
http://www.wikidata.org/entity/Q3294620,,1924-02-03T00:00:00Z,http://www.wikidata.org/.well-known/genid/56c7c6ba7d812cfa1c202f31a577bea5
http://www.wikidata.org/entity/Q256959,,1943-08-21T00:00:00Z,
http://www.wikidata.org/entity/Q272194,,1930-08-17T00:00:00Z,Carol Hughes
http://www.wikidata.org/entity/Q6140101,,1948-06-14T00:00:00Z,
http://www.wikidata.org/entity/Q2080947,,1944-02-19T00:00:00Z,
http://www.wikidata.org/entity/Q3903014,,1945-07-21T00:00:00Z,
http://www.wikidata.org/entity/Q3361503,,1945-01-02T00:00:00Z,
http://www.wikidata.org/entity/Q913403,,1942-03-05T00:00:00Z,
http://www.wikidata.org/entity/Q552955,,1941-02-23T00:00:00Z,
http://www.wikidata.org/entity/Q1061225,,1941-06-27T00:00:00Z,
http://www.wikidata.org/entity/Q6153517,,1946-05-25T00:00:00Z,
http://www.wikidata.org/entity/Q7325990,,1947-05-18T00:00:00Z,
http://www.wikidata.org/entity/Q15117521,,1953-08-09T00:00:00Z,
http://www.wikidata.org/entity/Q2068767,,1939-06-14T00:00:00Z,
http://www.wikidata.org/entity/Q912602,,1937-12-02T00:00:00Z,
http://www.wikidata.org/entity/Q7416134,,1943-12-25T00:00:00Z,
http://www.wikidata.org/entity/Q5534685,,1942-01-01T00:00:00Z,
http://www.wikidata.org/entity/Q790762,,1937-04-09T00:00:00Z,
http://www.wikidata.org/entity/Q5238842,,1941-05-12T00:00:00Z,
http://www.wikidata.org/entity/Q1351464,Irvin Lester,1897-04-25T00:00:00Z,Inga Stephens Pratt Clark
http://www.wikidata.org/entity/Q1351464,George U. Fletcher,1897-04-25T00:00:00Z,Inga Stephens Pratt Clark
http://www.wikidata.org/entity/Q113554,Nathan Herbert,1939-07-24T00:00:00Z,
http://www.wikidata.org/entity/Q5534685,,1941-01-12T00:00:00Z,
http://www.wikidata.org/entity/Q3934775,,1937-10-21T00:00:00Z,
http://www.wikidata.org/entity/Q443008,,1933-11-24T00:00:00Z,
http://www.wikidata.org/entity/Q42511,H. G. Wells,1866-09-21T00:00:00Z,Catherine Wells
http://www.wikidata.org/entity/Q42511,Reginald Bliss,1866-09-21T00:00:00Z,Catherine Wells
http://www.wikidata.org/entity/Q42511,Septimus Browne,1866-09-21T00:00:00Z,Catherine Wells
http://www.wikidata.org/entity/Q42511,Sosthenes Smith,1866-09-21T00:00:00Z,Catherine Wells
http://www.wikidata.org/entity/Q4151284,,1912-08-30T00:00:00Z,Тамара Макаровна Носова
http://www.wikidata.org/entity/Q613453,,1933-09-21T00:00:00Z,
http://www.wikidata.org/entity/Q6145872,,1938-02-04T00:00:00Z,
http://www.wikidata.org/entity/Q7659993,,1939-07-27T00:00:00Z,
http://www.wikidata.org/entity/Q5620215,,1937-07-22T00:00:00Z,
http://www.wikidata.org/entity/Q649014,,1931-12-31T00:00:00Z,
http://www.wikidata.org/entity/Q368831,,1931-06-26T00:00:00Z,
http://www.wikidata.org/entity/Q943997,,1935-06-25T00:00:00Z,Нэнси Кресс
http://www.wikidata.org/entity/Q2324126,,1931-10-03T00:00:00Z,
http://www.wikidata.org/entity/Q5968748,,1932-07-07T00:00:00Z,
http://www.wikidata.org/entity/Q3365451,,1929-01-28T00:00:00Z,
http://www.wikidata.org/entity/Q552484,,1926-03-29T00:00:00Z,
http://www.wikidata.org/entity/Q2305122,,1901-05-03T00:00:00Z,Ширли Палмер
http://www.wikidata.org/entity/Q234928,James Tiptree Jr.,1915-08-24T00:00:00Z,Huntington D. Sheldon
http://www.wikidata.org/entity/Q234928,Raccoona Sheldon,1915-08-24T00:00:00Z,Huntington D. Sheldon
http://www.wikidata.org/entity/Q4083857,,1927-10-03T00:00:00Z,
http://www.wikidata.org/entity/Q3939208,,1927-05-31T00:00:00Z,
http://www.wikidata.org/entity/Q4412561,,1925-11-03T00:00:00Z,
http://www.wikidata.org/entity/Q2886798,,1924-02-05T00:00:00Z,
http://www.wikidata.org/entity/Q912791,,1921-08-25T00:00:00Z,
http://www.wikidata.org/entity/Q1443129,,1921-08-03T00:00:00Z,
http://www.wikidata.org/entity/Q5344693,,1925-01-01T00:00:00Z,
http://www.wikidata.org/entity/Q8071937,,1927-05-11T00:00:00Z,
http://www.wikidata.org/entity/Q809012,Frederick Longbeard,1942-05-12T00:00:00Z,
http://www.wikidata.org/entity/Q4955103,,1922-06-30T00:00:00Z,
http://www.wikidata.org/entity/Q5077413,,1921-01-21T00:00:00Z,
http://www.wikidata.org/entity/Q3044868,,1918-11-02T00:00:00Z,
http://www.wikidata.org/entity/Q351547,,1914-04-26T00:00:00Z,
http://www.wikidata.org/entity/Q5234293,,1919-01-01T00:00:00Z,
http://www.wikidata.org/entity/Q5258405,,1918-07-15T00:00:00Z,
http://www.wikidata.org/entity/Q8022042,,1920-12-16T00:00:00Z,
http://www.wikidata.org/entity/Q1687871,,1913-12-02T00:00:00Z,
http://www.wikidata.org/entity/Q2062387,,1958-01-06T00:00:00Z,Шона Маккарти
http://www.wikidata.org/entity/Q5423950,,1915-01-01T00:00:00Z,
http://www.wikidata.org/entity/Q976059,Bob Asprin,1946-06-28T00:00:00Z,Линн Абби
http://www.wikidata.org/entity/Q8003095,,1955-01-01T00:00:00Z,Emma Bull
http://www.wikidata.org/entity/Q4963506,,1947-12-22T00:00:00Z,Lucia St. Clair Robson
http://www.wikidata.org/entity/Q2503902,,1908-07-10T00:00:00Z,
http://www.wikidata.org/entity/Q5542993,,1911-04-09T00:00:00Z,
http://www.wikidata.org/entity/Q1960928,,1871-07-23T00:00:00Z,
http://www.wikidata.org/entity/Q7169148,,1875-06-07T00:00:00Z,
http://www.wikidata.org/entity/Q130780,,1946-03-19T00:00:00Z,Mary Gribbin
http://www.wikidata.org/entity/Q1356259,,1868-03-20T00:00:00Z,
http://www.wikidata.org/entity/Q1353673,,1925-02-04T00:00:00Z,Gundula Ahl
http://www.wikidata.org/entity/Q4859309,,1906-01-01T00:00:00Z,David Davis
http://www.wikidata.org/entity/Q529858,Cartouche,1881-01-09T00:00:00Z,
http://www.wikidata.org/entity/Q529858,Climaco,1881-01-09T00:00:00Z,
http://www.wikidata.org/entity/Q529858,Gentiluomo (Il) Malato,1881-01-09T00:00:00Z,
http://www.wikidata.org/entity/Q529858,Gianfalco,1881-01-09T00:00:00Z,
http://www.wikidata.org/entity/Q529858,Taigete,1881-01-09T00:00:00Z,
http://www.wikidata.org/entity/Q529858,Tempestini,1881-01-09T00:00:00Z,
http://www.wikidata.org/entity/Q529858,The Florence Pragmatist Club,1881-01-09T00:00:00Z,
http://www.wikidata.org/entity/Q529858,Versiere,1881-01-09T00:00:00Z,
http://www.wikidata.org/entity/Q11685333,,1947-07-26T00:00:00Z,Antonia Cortijos Sánchez
http://www.wikidata.org/entity/Q461571,,1897-11-01T00:00:00Z,"Dick Mitchison, Baron Mitchison"
http://www.wikidata.org/entity/Q2156711,Robert C. O'Brien,1918-01-11T00:00:00Z,
http://www.wikidata.org/entity/Q1353673,,1925-02-04T00:00:00Z,Lillian Hoban
http://www.wikidata.org/entity/Q8873,,1921-05-02T00:00:00Z,Биджойя Рай
http://www.wikidata.org/entity/Q768776,,1946-02-26T00:00:00Z,Alex Eisenstein
http://www.wikidata.org/entity/Q1419656,,1844-06-07T00:00:00Z,
http://www.wikidata.org/entity/Q3293478,Tía Encarnación,1940-01-23T00:00:00Z,
http://www.wikidata.org/entity/Q3293478,Alvar Tot,1940-01-23T00:00:00Z,
http://www.wikidata.org/entity/Q3293478,J. Vrlachki,1940-01-23T00:00:00Z,
http://www.wikidata.org/entity/Q3293478,Lavalleja Bartleby,1940-01-23T00:00:00Z,
http://www.wikidata.org/entity/Q536979,George R. Preedy,1886-01-01T00:00:00Z,Arthur Leonard Long
http://www.wikidata.org/entity/Q536979,Joseph Shearing,1886-01-01T00:00:00Z,Arthur Leonard Long
http://www.wikidata.org/entity/Q536979,Marjorie Bowen,1886-01-01T00:00:00Z,Arthur Leonard Long
http://www.wikidata.org/entity/Q536979,George R. Preedy,1886-01-01T00:00:00Z,Zeffirino Emilio Costanzo
http://www.wikidata.org/entity/Q536979,Joseph Shearing,1886-01-01T00:00:00Z,Zeffirino Emilio Costanzo
http://www.wikidata.org/entity/Q536979,Marjorie Bowen,1886-01-01T00:00:00Z,Zeffirino Emilio Costanzo
http://www.wikidata.org/entity/Q3080496,Andrew Frazer,1928-08-07T00:00:00Z,
http://www.wikidata.org/entity/Q3080496,C. H. Thames,1928-08-07T00:00:00Z,
http://www.wikidata.org/entity/Q3080496,Jason Ridgway,1928-08-07T00:00:00Z,
http://www.wikidata.org/entity/Q536979,George R. Preedy,1885-11-01T00:00:00Z,Arthur Leonard Long
http://www.wikidata.org/entity/Q536979,Joseph Shearing,1885-11-01T00:00:00Z,Arthur Leonard Long
http://www.wikidata.org/entity/Q536979,Marjorie Bowen,1885-11-01T00:00:00Z,Arthur Leonard Long
http://www.wikidata.org/entity/Q536979,George R. Preedy,1885-11-01T00:00:00Z,Zeffirino Emilio Costanzo
http://www.wikidata.org/entity/Q536979,Joseph Shearing,1885-11-01T00:00:00Z,Zeffirino Emilio Costanzo
http://www.wikidata.org/entity/Q536979,Marjorie Bowen,1885-11-01T00:00:00Z,Zeffirino Emilio Costanzo
http://www.wikidata.org/entity/Q5495273,,,
http://www.wikidata.org/entity/Q8010131,,,
http://www.wikidata.org/entity/Q1981210,Gans T. Field,1903-05-21T00:00:00Z,Frances Garfield
http://www.wikidata.org/entity/Q1981210,Hampton Wells,1903-05-21T00:00:00Z,Frances Garfield
http://www.wikidata.org/entity/Q1981210,Levi Crow,1903-05-21T00:00:00Z,Frances Garfield
http://www.wikidata.org/entity/Q6136319,,1946-08-02T00:00:00Z,Deborah Howe
http://www.wikidata.org/entity/Q6136319,,1946-08-01T00:00:00Z,Deborah Howe
http://www.wikidata.org/entity/Q73001301,,,
http://www.wikidata.org/entity/Q3142173,C. H. Liddell,,
http://www.wikidata.org/entity/Q3142173,Lawrence O'Donnell,,
http://www.wikidata.org/entity/Q102289,Bucky Fuller,1895-07-12T00:00:00Z,Anne Hewlett
http://www.wikidata.org/entity/Q1680150,,1941-03-01T00:00:00Z,Rosalind M. Greenberg
http://www.wikidata.org/entity/Q3430446,A. E. Van Hocked,1935-02-21T00:00:00Z,Pat Lupoff
http://www.wikidata.org/entity/Q548156,,1956-08-14T00:00:00Z,
http://www.wikidata.org/entity/Q1443070,B. D. Wyatt,1948-11-24T00:00:00Z,Джинн Робинсон
http://www.wikidata.org/entity/Q434029,,1951-09-01T00:00:00Z,
http://www.wikidata.org/entity/Q274941,,1949-12-13T00:00:00Z,
http://www.wikidata.org/entity/Q4394477,,1953-03-27T00:00:00Z,
http://www.wikidata.org/entity/Q239739,,1947-06-22T00:00:00Z,
http://www.wikidata.org/entity/Q2843592,,1949-10-16T00:00:00Z,
http://www.wikidata.org/entity/Q6767467,,1952-04-19T00:00:00Z,
http://www.wikidata.org/entity/Q7326020,,1952-01-01T00:00:00Z,
http://www.wikidata.org/entity/Q272748,,1945-01-13T00:00:00Z,
http://www.wikidata.org/entity/Q6166313,,1950-10-12T00:00:00Z,
http://www.wikidata.org/entity/Q3293094,,1942-11-27T00:00:00Z,Сэмюэль Дилэни
http://www.wikidata.org/entity/Q5074912,,1948-01-01T00:00:00Z,
http://www.wikidata.org/entity/Q1077057,,1943-12-22T00:00:00Z,
http://www.wikidata.org/entity/Q288198,Barbara Hamilton,1951-08-28T00:00:00Z,
http://www.wikidata.org/entity/Q5081875,,1946-07-12T00:00:00Z,
http://www.wikidata.org/entity/Q2602846,,1943-11-19T00:00:00Z,
http://www.wikidata.org/entity/Q3231912,,1943-10-27T00:00:00Z,
http://www.wikidata.org/entity/Q2382526,,1942-09-08T00:00:00Z,
http://www.wikidata.org/entity/Q948960,,1941-01-01T00:00:00Z,
http://www.wikidata.org/entity/Q4975117,,1948-03-30T00:00:00Z,Спайдер Робинсон
http://www.wikidata.org/entity/Q2425217,,1942-01-01T00:00:00Z,
http://www.wikidata.org/entity/Q7437194,,1945-10-26T00:00:00Z,
http://www.wikidata.org/entity/Q3098488,,1941-07-05T00:00:00Z,
http://www.wikidata.org/entity/Q263599,Lian Hearn,1942-08-29T00:00:00Z,
http://www.wikidata.org/entity/Q384481,,1934-10-17T00:00:00Z,
http://www.wikidata.org/entity/Q729121,,1934-12-28T00:00:00Z,
http://www.wikidata.org/entity/Q5258930,,1939-01-30T00:00:00Z,
http://www.wikidata.org/entity/Q191716,,1921-08-19T00:00:00Z,Меджел Барретт
http://www.wikidata.org/entity/Q254038,,1932-12-28T00:00:00Z,
http://www.wikidata.org/entity/Q3503350,,1935-05-03T00:00:00Z,
http://www.wikidata.org/entity/Q15491772,,1946-06-20T00:00:00Z,
http://www.wikidata.org/entity/Q1855263,,1932-11-15T00:00:00Z,
http://www.wikidata.org/entity/Q7693654,,1938-06-15T00:00:00Z,
http://www.wikidata.org/entity/Q369632,,1926-10-15T00:00:00Z,
http://www.wikidata.org/entity/Q7842289,,1932-01-01T00:00:00Z,
http://www.wikidata.org/entity/Q782991,,1923-04-23T00:00:00Z,
http://www.wikidata.org/entity/Q5363681,,1927-01-01T00:00:00Z,
http://www.wikidata.org/entity/Q6759938,,1927-12-07T00:00:00Z,
http://www.wikidata.org/entity/Q167821,Edgar Box,1925-10-03T00:00:00Z,
http://www.wikidata.org/entity/Q708029,,1921-01-14T00:00:00Z,
http://www.wikidata.org/entity/Q458658,Lord Dunsany,1878-07-24T00:00:00Z,Lady Beatrice Child-Villiers
http://www.wikidata.org/entity/Q1095977,Sue Denim,1950-12-30T00:00:00Z,
http://www.wikidata.org/entity/Q13427383,,1930-02-16T00:00:00Z,
http://www.wikidata.org/entity/Q268024,R. T. Fishall,1923-03-04T00:00:00Z,
http://www.wikidata.org/entity/Q191050,Dod Grile,1842-06-24T00:00:00Z,Mary Ellen Day
http://www.wikidata.org/entity/Q191050,William Herman,1842-06-24T00:00:00Z,Mary Ellen Day
http://www.wikidata.org/entity/Q325301,,1914-09-19T00:00:00Z,
http://www.wikidata.org/entity/Q2837874,,1916-12-25T00:00:00Z,
http://www.wikidata.org/entity/Q1336654,,1915-04-12T00:00:00Z,
http://www.wikidata.org/entity/Q543319,Egon Bondy,1930-01-20T00:00:00Z,
http://www.wikidata.org/entity/Q6286148,,1918-12-20T00:00:00Z,
http://www.wikidata.org/entity/Q15401631,,1926-03-19T00:00:00Z,
http://www.wikidata.org/entity/Q5610108,,1904-09-06T00:00:00Z,Lucy Conklin
http://www.wikidata.org/entity/Q1240467,,1908-04-20T00:00:00Z,
http://www.wikidata.org/entity/Q5354240,,1912-03-23T00:00:00Z,
http://www.wikidata.org/entity/Q518858,,1906-10-13T00:00:00Z,
http://www.wikidata.org/entity/Q442829,,1903-07-28T00:00:00Z,Адольфо Биой Касарес
http://www.wikidata.org/entity/Q5628132,,1909-08-26T00:00:00Z,
http://www.wikidata.org/entity/Q7599813,,1911-06-20T00:00:00Z,
http://www.wikidata.org/entity/Q4394767,Bradnor Buckner,1901-05-22T00:00:00Z,
http://www.wikidata.org/entity/Q5131996,,1908-06-21T00:00:00Z,
http://www.wikidata.org/entity/Q54805572,,1955-05-08T00:00:00Z,
http://www.wikidata.org/entity/Q5628132,,1906-08-26T00:00:00Z,
http://www.wikidata.org/entity/Q7707154,,1908-02-11T00:00:00Z,
http://www.wikidata.org/entity/Q298242,,1915-12-07T00:00:00Z,Эдмонд Гамильтон
http://www.wikidata.org/entity/Q4799303,Dave Barnes,1909-12-06T00:00:00Z,
http://www.wikidata.org/entity/Q4799303,Kelvin Kent,1909-12-06T00:00:00Z,
http://www.wikidata.org/entity/Q273105,Evangeline Walton,1907-11-24T00:00:00Z,
http://www.wikidata.org/entity/Q19519291,,1917-02-25T00:00:00Z,
http://www.wikidata.org/entity/Q15496902,,1911-01-01T00:00:00Z,
http://www.wikidata.org/entity/Q435920,,1924-12-25T00:00:00Z,Кэрол Серлинг
http://www.wikidata.org/entity/Q124527,,1894-12-08T00:00:00Z,
http://www.wikidata.org/entity/Q16010344,,1909-10-10T00:00:00Z,
http://www.wikidata.org/entity/Q3336307,,1895-01-16T00:00:00Z,
http://www.wikidata.org/entity/Q720562,,1947-07-23T00:00:00Z,Susan Casper
http://www.wikidata.org/entity/Q445429,Max Reiner,1900-09-07T00:00:00Z,
http://www.wikidata.org/entity/Q445429,J. Miriam Reback,1900-09-07T00:00:00Z,
http://www.wikidata.org/entity/Q445429,Marcus Holland,1900-09-07T00:00:00Z,
http://www.wikidata.org/entity/Q337373,,1886-05-10T00:00:00Z,
http://www.wikidata.org/entity/Q5628542,,1888-05-09T00:00:00Z,
http://www.wikidata.org/entity/Q5321848,,1893-11-30T00:00:00Z,Thelma D. Hamm
http://www.wikidata.org/entity/Q5976265,,1887-04-08T00:00:00Z,
http://www.wikidata.org/entity/Q555298,Klarkash-Ton,1893-01-13T00:00:00Z,
http://www.wikidata.org/entity/Q6136319,,1946-08-02T00:00:00Z,http://www.wikidata.org/.well-known/genid/ee85ef3365525e2b256a31df58787a4b
http://www.wikidata.org/entity/Q6136319,,1946-08-01T00:00:00Z,http://www.wikidata.org/.well-known/genid/ee85ef3365525e2b256a31df58787a4b
http://www.wikidata.org/entity/Q517435,J O Jeppson,1926-08-06T00:00:00Z,Айзек Азимов
http://www.wikidata.org/entity/Q47117930,,,
http://www.wikidata.org/entity/Q553730,Peter Wahloo,1926-08-05T00:00:00Z,Inger Wahlöö
http://www.wikidata.org/entity/Q3181114,John Boyd,1919-10-03T00:00:00Z,
http://www.wikidata.org/entity/Q328949,,1957-04-10T00:00:00Z,
http://www.wikidata.org/entity/Q368224,,1957-03-14T00:00:00Z,
http://www.wikidata.org/entity/Q95099,,1954-11-07T00:00:00Z,
http://www.wikidata.org/entity/Q298761,,1952-10-05T00:00:00Z,
http://www.wikidata.org/entity/Q938710,,1952-12-30T00:00:00Z,
http://www.wikidata.org/entity/Q312853,Stephen Bury,1959-10-31T00:00:00Z,
http://www.wikidata.org/entity/Q979465,,1950-09-20T00:00:00Z,
http://www.wikidata.org/entity/Q4992365,,1954-06-16T00:00:00Z,
http://www.wikidata.org/entity/Q3196860,,1951-11-27T00:00:00Z,
http://www.wikidata.org/entity/Q161819,Julie Edwards,1935-10-01T00:00:00Z,Тони Уолтон
http://www.wikidata.org/entity/Q5525647,,1952-08-15T00:00:00Z,
http://www.wikidata.org/entity/Q693029,,1947-02-28T00:00:00Z,
http://www.wikidata.org/entity/Q13426983,Don Fowler,1947-01-01T00:00:00Z,
http://www.wikidata.org/entity/Q1368134,,1947-08-31T00:00:00Z,
http://www.wikidata.org/entity/Q1400307,,1947-06-28T00:00:00Z,
http://www.wikidata.org/entity/Q443462,,1946-06-08T00:00:00Z,
http://www.wikidata.org/entity/Q2631376,,1948-07-25T00:00:00Z,
http://www.wikidata.org/entity/Q787382,,1946-09-15T00:00:00Z,
http://www.wikidata.org/entity/Q639360,,1945-12-12T00:00:00Z,
http://www.wikidata.org/entity/Q1029714,,1946-04-18T00:00:00Z,
http://www.wikidata.org/entity/Q3335610,,1948-07-05T00:00:00Z,
http://www.wikidata.org/entity/Q736343,,1945-09-24T00:00:00Z,
http://www.wikidata.org/entity/Q963799,,1945-07-26T00:00:00Z,
http://www.wikidata.org/entity/Q444065,,1943-04-24T00:00:00Z,
http://www.wikidata.org/entity/Q5363738,,1948-01-01T00:00:00Z,
http://www.wikidata.org/entity/Q93036,,1941-08-05T00:00:00Z,
http://www.wikidata.org/entity/Q236848,,1935-05-23T00:00:00Z,Хьюм Кронин
http://www.wikidata.org/entity/Q8010170,,1948-08-09T00:00:00Z,
http://www.wikidata.org/entity/Q4979994,,1945-08-15T00:00:00Z,
http://www.wikidata.org/entity/Q4731507,,1945-01-06T00:00:00Z,
http://www.wikidata.org/entity/Q1079574,,1941-01-24T00:00:00Z,
http://www.wikidata.org/entity/Q705905,,1940-08-30T00:00:00Z,
http://www.wikidata.org/entity/Q3038061,,1920-03-08T00:00:00Z,Люсиль Флетчер
http://www.wikidata.org/entity/Q161819,Julie Edwards,1935-10-01T00:00:00Z,Блэйк Эдвардс
http://www.wikidata.org/entity/Q6232142,,1944-02-13T00:00:00Z,
http://www.wikidata.org/entity/Q7340033,,1945-01-01T00:00:00Z,
http://www.wikidata.org/entity/Q152352,,1937-11-03T00:00:00Z,
http://www.wikidata.org/entity/Q5200061,,1942-10-12T00:00:00Z,
http://www.wikidata.org/entity/Q7188520,,1944-07-25T00:00:00Z,
http://www.wikidata.org/entity/Q709295,,1938-01-17T00:00:00Z,
http://www.wikidata.org/entity/Q13563192,,1950-01-06T00:00:00Z,
http://www.wikidata.org/entity/Q273385,,1936-03-31T00:00:00Z,
http://www.wikidata.org/entity/Q971447,,1935-10-20T00:00:00Z,
http://www.wikidata.org/entity/Q3431190,,1936-09-15T00:00:00Z,
http://www.wikidata.org/entity/Q3431190,,1936-07-27T00:00:00Z,
http://www.wikidata.org/entity/Q1969995,,1935-01-27T00:00:00Z,
http://www.wikidata.org/entity/Q5233490,,1937-12-22T00:00:00Z,
http://www.wikidata.org/entity/Q3297168,,1935-04-17T00:00:00Z,
http://www.wikidata.org/entity/Q1070662,,1932-08-11T00:00:00Z,
http://www.wikidata.org/entity/Q6778397,,1938-03-10T00:00:00Z,
http://www.wikidata.org/entity/Q720787,Dave Langford,1953-04-10T00:00:00Z,
http://www.wikidata.org/entity/Q720787,William Robert Loosley,1953-04-10T00:00:00Z,
http://www.wikidata.org/entity/Q353869,,1931-04-07T00:00:00Z,
http://www.wikidata.org/entity/Q3814301,,1934-06-16T00:00:00Z,
http://www.wikidata.org/entity/Q8017104,,1937-08-09T00:00:00Z,
http://www.wikidata.org/entity/Q5231419,Mark Grant,1951-12-15T00:00:00Z,
http://www.wikidata.org/entity/Q5231419,Michael F. X. Milhaus,1951-12-15T00:00:00Z,
http://www.wikidata.org/entity/Q2205443,,1929-09-11T00:00:00Z,
http://www.wikidata.org/entity/Q7385584,,1933-10-27T00:00:00Z,
http://www.wikidata.org/entity/Q4175503,,1930-06-03T00:00:00Z,
http://www.wikidata.org/entity/Q188176,Willy a William Lee,1914-02-05T00:00:00Z,Джоан Воллмер
http://www.wikidata.org/entity/Q2982625,,1928-04-03T00:00:00Z,
http://www.wikidata.org/entity/Q5298329,,1930-01-01T00:00:00Z,
http://www.wikidata.org/entity/Q33055,Jean d'Esme,1893-09-23T00:00:00Z,Marie Andrée Mareschal de Bièvre
http://www.wikidata.org/entity/Q841664,,1923-11-29T00:00:00Z,
http://www.wikidata.org/entity/Q438774,Alfred Bronowski,1912-01-21T00:00:00Z,Кристина Шклярская
http://www.wikidata.org/entity/Q722320,,1922-06-06T00:00:00Z,
http://www.wikidata.org/entity/Q3401615,,1924-11-17T00:00:00Z,
http://www.wikidata.org/entity/Q114860,,1921-06-19T00:00:00Z,
http://www.wikidata.org/entity/Q443528,Peter Goldsmith,1894-09-13T00:00:00Z,Jane Holland Priestley
http://www.wikidata.org/entity/Q606553,,1920-07-12T00:00:00Z,
http://www.wikidata.org/entity/Q1066587,Samuel M. Key,1951-12-22T00:00:00Z,
http://www.wikidata.org/entity/Q4800570,,1923-10-31T00:00:00Z,
http://www.wikidata.org/entity/Q4462435,,1923-03-16T00:00:00Z,
http://www.wikidata.org/entity/Q4342243,,1922-12-11T00:00:00Z,
http://www.wikidata.org/entity/Q158997,,1918-10-19T00:00:00Z,
http://www.wikidata.org/entity/Q4952797,,1923-02-20T00:00:00Z,
http://www.wikidata.org/entity/Q4933150,,1922-05-22T00:00:00Z,
http://www.wikidata.org/entity/Q542561,,1917-09-13T00:00:00Z,
http://www.wikidata.org/entity/Q139506,Helen Clare,1921-05-19T00:00:00Z,
http://www.wikidata.org/entity/Q139506,P. Hunter Blair,1921-05-19T00:00:00Z,
http://www.wikidata.org/entity/Q443528,Peter Goldsmith,1894-09-13T00:00:00Z,Жакетта Хоукс
http://www.wikidata.org/entity/Q558425,,1916-07-26T00:00:00Z,
http://www.wikidata.org/entity/Q558425,,1916-07-24T00:00:00Z,
http://www.wikidata.org/entity/Q5628089,,1887-04-29T00:00:00Z,Mary Bedford-Jones
http://www.wikidata.org/entity/Q7381376,,1921-01-25T00:00:00Z,
http://www.wikidata.org/entity/Q5259874,,1917-10-24T00:00:00Z,
http://www.wikidata.org/entity/Q5363161,,1917-05-01T00:00:00Z,
http://www.wikidata.org/entity/Q8006322,,1919-11-21T00:00:00Z,
http://www.wikidata.org/entity/Q4496029,,1915-12-29T00:00:00Z,
http://www.wikidata.org/entity/Q554900,,1911-04-28T00:00:00Z,
http://www.wikidata.org/entity/Q15435114,,1925-11-19T00:00:00Z,
http://www.wikidata.org/entity/Q710435,,1910-06-20T00:00:00Z,
http://www.wikidata.org/entity/Q555570,,1910-04-20T00:00:00Z,
http://www.wikidata.org/entity/Q3900938,,1912-02-21T00:00:00Z,
http://www.wikidata.org/entity/Q5294891,Paul King,1931-07-20T00:00:00Z,
http://www.wikidata.org/entity/Q5294891,Donald Moffitt,1931-07-20T00:00:00Z,
http://www.wikidata.org/entity/Q5294891,Paul Kenyon,1931-07-20T00:00:00Z,
http://www.wikidata.org/entity/Q5294891,Victor Sondheim,1931-07-20T00:00:00Z,
http://www.wikidata.org/entity/Q5416975,,1910-04-17T00:00:00Z,
http://www.wikidata.org/entity/Q715505,Edwin James,1923-07-12T00:00:00Z,
http://www.wikidata.org/entity/Q7788201,,1909-02-13T00:00:00Z,
http://www.wikidata.org/entity/Q469464,,1915-12-09T00:00:00Z,William Corbin
http://www.wikidata.org/entity/Q1117505,,1947-05-06T00:00:00Z,Wendy Froud
http://www.wikidata.org/entity/Q7782015,,1906-01-01T00:00:00Z,
http://www.wikidata.org/entity/Q533115,,1898-05-08T00:00:00Z,
http://www.wikidata.org/entity/Q47195215,,1943-10-08T00:00:00Z,
http://www.wikidata.org/entity/Q3565457,,1900-05-22T00:00:00Z,
http://www.wikidata.org/entity/Q11682621,,1908-04-15T00:00:00Z,
http://www.wikidata.org/entity/Q46606400,,1942-06-15T00:00:00Z,
http://www.wikidata.org/entity/Q46639650,,1938-09-01T00:00:00Z,
http://www.wikidata.org/entity/Q46639650,,1938-07-01T00:00:00Z,
http://www.wikidata.org/entity/Q5171130,Cornel Adam,1914-01-02T00:00:00Z,
http://www.wikidata.org/entity/Q4772018,,1897-01-02T00:00:00Z,
http://www.wikidata.org/entity/Q449234,,1891-07-27T00:00:00Z,
http://www.wikidata.org/entity/Q440569,,1950-04-05T00:00:00Z,Michael Capobianco
http://www.wikidata.org/entity/Q29621,,1953-04-16T00:00:00Z,
http://www.wikidata.org/entity/Q7108757,,1891-07-01T00:00:00Z,
http://www.wikidata.org/entity/Q15446586,,1899-07-20T00:00:00Z,
http://www.wikidata.org/entity/Q2526744,,1886-10-26T00:00:00Z,
http://www.wikidata.org/entity/Q4798397,,1887-12-29T00:00:00Z,
http://www.wikidata.org/entity/Q260982,,1882-11-24T00:00:00Z,
http://www.wikidata.org/entity/Q5890025,,1888-01-01T00:00:00Z,
http://www.wikidata.org/entity/Q4338667,,1885-01-01T00:00:00Z,
http://www.wikidata.org/entity/Q2365739,,1880-12-23T00:00:00Z,
http://www.wikidata.org/entity/Q5649104,Hannes Bok,1914-07-02T00:00:00Z,
http://www.wikidata.org/entity/Q506231,,1933-09-08T00:00:00Z,Клэр Томалин
http://www.wikidata.org/entity/Q6376903,,1943-08-05T00:00:00Z,Stephen Goldin
http://www.wikidata.org/entity/Q1701097,Richard Cowper,1926-05-09T00:00:00Z,
http://www.wikidata.org/entity/Q1701097,Colin Middleton Murry,1926-05-09T00:00:00Z,
http://www.wikidata.org/entity/Q1701097,Colin Murry,1926-05-09T00:00:00Z,
http://www.wikidata.org/entity/Q326467,kola,1814-08-28T00:00:00Z,Susan Bennett
http://www.wikidata.org/entity/Q1386445,Georges Langdon,1908-01-19T00:00:00Z,
http://www.wikidata.org/entity/Q2517956,,1865-07-21T00:00:00Z,
http://www.wikidata.org/entity/Q1121861,Francis Stevens,1884-09-18T00:00:00Z,
http://www.wikidata.org/entity/Q953962,,1851-03-24T00:00:00Z,
http://www.wikidata.org/entity/Q2708564,Saint-Gilles,1928-07-03T00:00:00Z,
http://www.wikidata.org/entity/Q2708564,Lilas Marny,1928-07-03T00:00:00Z,
http://www.wikidata.org/entity/Q2708564,Georges Murey,1928-07-03T00:00:00Z,
http://www.wikidata.org/entity/Q2708564,Osman Walter,1928-07-03T00:00:00Z,
http://www.wikidata.org/entity/Q3064461,,1952-11-16T00:00:00Z,Питер Дикинсон
http://www.wikidata.org/entity/Q241903,,1918-08-20T00:00:00Z,Irving Mansfield
http://www.wikidata.org/entity/Q3666432,Deborah Lewis,1942-09-12T00:00:00Z,Kathryn Ptacek
http://www.wikidata.org/entity/Q3666432,Simon Lake,1942-09-12T00:00:00Z,Kathryn Ptacek
http://www.wikidata.org/entity/Q3666432,Geoffrey Marsh,1942-09-12T00:00:00Z,Kathryn Ptacek
http://www.wikidata.org/entity/Q3666432,Lionel Fenn,1942-09-12T00:00:00Z,Kathryn Ptacek
http://www.wikidata.org/entity/Q3666432,Steven Charles,1942-09-12T00:00:00Z,Kathryn Ptacek
http://www.wikidata.org/entity/Q3037077,,,
http://www.wikidata.org/entity/Q8009900,,,
http://www.wikidata.org/entity/Q18647799,,,
http://www.wikidata.org/entity/Q55229899,,,
http://www.wikidata.org/entity/Q73002686,,,
http://www.wikidata.org/entity/Q73005413,,,
http://www.wikidata.org/entity/Q73006173,,,
http://www.wikidata.org/entity/Q4085972,The Original Cyberpunk,1955-01-01T00:00:00Z,
http://www.wikidata.org/entity/Q107828654,,,
http://www.wikidata.org/entity/Q2824722,,1963-01-01T00:00:00Z,
http://www.wikidata.org/entity/Q3052749,,1960-04-23T00:00:00Z,
http://www.wikidata.org/entity/Q539397,,1957-07-17T00:00:00Z,
http://www.wikidata.org/entity/Q2926858,,1957-01-01T00:00:00Z,
http://www.wikidata.org/entity/Q6147565,,1958-11-14T00:00:00Z,
http://www.wikidata.org/entity/Q547203,,1953-01-01T00:00:00Z,
http://www.wikidata.org/entity/Q2639435,,1953-09-29T00:00:00Z,
http://www.wikidata.org/entity/Q1346883,,1937-09-01T00:00:00Z,Lotte Tarp
http://www.wikidata.org/entity/Q7349498,Philip Latham,1902-04-22T00:00:00Z,
http://www.wikidata.org/entity/Q6769766,,1956-06-19T00:00:00Z,
http://www.wikidata.org/entity/Q1191315,,1950-09-14T00:00:00Z,
http://www.wikidata.org/entity/Q5047212,,1953-09-22T00:00:00Z,
http://www.wikidata.org/entity/Q4521762,,1952-08-27T00:00:00Z,
http://www.wikidata.org/entity/Q3170843,,1950-03-12T00:00:00Z,
http://www.wikidata.org/entity/Q7072163,,1952-12-02T00:00:00Z,
http://www.wikidata.org/entity/Q4131339,危龍,1935-05-30T00:00:00Z,
http://www.wikidata.org/entity/Q4131339,岳川,1935-05-30T00:00:00Z,
http://www.wikidata.org/entity/Q4131339,沙翁,1935-05-30T00:00:00Z,
http://www.wikidata.org/entity/Q4131339,洪新,1935-05-30T00:00:00Z,
http://www.wikidata.org/entity/Q4131339,衛斯理,1935-05-30T00:00:00Z,
http://www.wikidata.org/entity/Q4131339,衣其,1935-05-30T00:00:00Z,
http://www.wikidata.org/entity/Q4131339,魏力,1935-05-30T00:00:00Z,
http://www.wikidata.org/entity/Q9354589,,1954-03-14T00:00:00Z,
http://www.wikidata.org/entity/Q106870,,1944-08-29T00:00:00Z,
http://www.wikidata.org/entity/Q17709650,,1960-12-01T00:00:00Z,
http://www.wikidata.org/entity/Q5235978,,1948-01-01T00:00:00Z,
http://www.wikidata.org/entity/Q275172,,1942-09-15T00:00:00Z,
http://www.wikidata.org/entity/Q2722821,,1944-12-26T00:00:00Z,
http://www.wikidata.org/entity/Q1108416,,1943-03-10T00:00:00Z,
http://www.wikidata.org/entity/Q90280,,1941-01-09T00:00:00Z,
http://www.wikidata.org/entity/Q4519524,,1945-03-25T00:00:00Z,
http://www.wikidata.org/entity/Q5342047,,1945-08-27T00:00:00Z,
http://www.wikidata.org/entity/Q93066,,1939-12-29T00:00:00Z,
http://www.wikidata.org/entity/Q3852758,,1942-04-10T00:00:00Z,
http://www.wikidata.org/entity/Q308711,,1938-10-14T00:00:00Z,
http://www.wikidata.org/entity/Q936783,,1944-04-30T00:00:00Z,Toril Brekke
http://www.wikidata.org/entity/Q121093,,1938-01-28T00:00:00Z,
http://www.wikidata.org/entity/Q550806,,1938-01-07T00:00:00Z,
http://www.wikidata.org/entity/Q18782341,,1955-02-21T00:00:00Z,
http://www.wikidata.org/entity/Q5112078,,1941-08-19T00:00:00Z,
http://www.wikidata.org/entity/Q60851,,1914-02-04T00:00:00Z,Gisela Andersch
http://www.wikidata.org/entity/Q1928341,,1938-03-01T00:00:00Z,
http://www.wikidata.org/entity/Q7358154,,1943-01-13T00:00:00Z,
http://www.wikidata.org/entity/Q7382894,,1942-11-15T00:00:00Z,
http://www.wikidata.org/entity/Q12262826,,1947-04-12T00:00:00Z,
http://www.wikidata.org/entity/Q328550,,1935-01-23T00:00:00Z,
http://www.wikidata.org/entity/Q262274,,1933-03-17T00:00:00Z,
http://www.wikidata.org/entity/Q436664,,1932-11-08T00:00:00Z,
http://www.wikidata.org/entity/Q506242,,1932-09-28T00:00:00Z,
http://www.wikidata.org/entity/Q112967,,1932-05-09T00:00:00Z,
http://www.wikidata.org/entity/Q2590113,,1934-06-10T00:00:00Z,
http://www.wikidata.org/entity/Q28020353,,1940-03-01T00:00:00Z,Джеймс Блиш
http://www.wikidata.org/entity/Q2829756,,1933-08-15T00:00:00Z,
http://www.wikidata.org/entity/Q2166142,,1932-11-07T00:00:00Z,
http://www.wikidata.org/entity/Q1181085,,1931-06-17T00:00:00Z,
http://www.wikidata.org/entity/Q62435,Kuno Küfer,1863-01-08T00:00:00Z,
http://www.wikidata.org/entity/Q19260594,,1949-01-01T00:00:00Z,
http://www.wikidata.org/entity/Q3013949,,1932-10-31T00:00:00Z,
http://www.wikidata.org/entity/Q1174491,,1930-08-19T00:00:00Z,
http://www.wikidata.org/entity/Q12729229,,1941-04-09T00:00:00Z,
http://www.wikidata.org/entity/Q907201,,1927-12-25T00:00:00Z,
http://www.wikidata.org/entity/Q907201,,1927-12-22T00:00:00Z,
http://www.wikidata.org/entity/Q351193,Adam Snerg,1937-01-01T00:00:00Z,
http://www.wikidata.org/entity/Q1511381,,1927-05-25T00:00:00Z,
http://www.wikidata.org/entity/Q2345563,,1927-12-18T00:00:00Z,
http://www.wikidata.org/entity/Q3396459,,1928-01-01T00:00:00Z,
http://www.wikidata.org/entity/Q106860,Gert Amsterdam,1925-06-03T00:00:00Z,Ingrid Zwerenz
http://www.wikidata.org/entity/Q3320823,,1927-09-06T00:00:00Z,
http://www.wikidata.org/entity/Q4084087,,1926-11-27T00:00:00Z,
http://www.wikidata.org/entity/Q3301275,,1925-09-14T00:00:00Z,
http://www.wikidata.org/entity/Q3785610,,1926-02-12T00:00:00Z,
http://www.wikidata.org/entity/Q7177457,,1929-01-01T00:00:00Z,
http://www.wikidata.org/entity/Q1006918,,1922-10-11T00:00:00Z,
http://www.wikidata.org/entity/Q193018,,1920-10-23T00:00:00Z,
http://www.wikidata.org/entity/Q71309,,1920-06-13T00:00:00Z,
http://www.wikidata.org/entity/Q1091930,,1921-01-01T00:00:00Z,
http://www.wikidata.org/entity/Q9327,Maufrigneuse,1850-08-05T00:00:00Z,
http://www.wikidata.org/entity/Q9327,Guy de Valmont,1850-08-05T00:00:00Z,
http://www.wikidata.org/entity/Q9327,Joseph Prunier,1850-08-05T00:00:00Z,
http://www.wikidata.org/entity/Q379958,,1919-07-10T00:00:00Z,
http://www.wikidata.org/entity/Q7368222,,1926-03-15T00:00:00Z,
http://www.wikidata.org/entity/Q5408140,,1924-01-01T00:00:00Z,
http://www.wikidata.org/entity/Q982898,,1939-11-16T00:00:00Z,Else Færden
http://www.wikidata.org/entity/Q733850,,1918-09-02T00:00:00Z,
http://www.wikidata.org/entity/Q11765470,,1929-04-15T00:00:00Z,
http://www.wikidata.org/entity/Q9005277,,1926-05-24T00:00:00Z,
http://www.wikidata.org/entity/Q6167587,,1923-07-09T00:00:00Z,
http://www.wikidata.org/entity/Q1876253,,1918-11-11T00:00:00Z,
http://www.wikidata.org/entity/Q18921140,,1935-06-11T00:00:00Z,
http://www.wikidata.org/entity/Q61453,,1848-04-20T00:00:00Z,
http://www.wikidata.org/entity/Q2580033,,1918-01-25T00:00:00Z,
http://www.wikidata.org/entity/Q281258,Jacques Bert,1923-04-17T00:00:00Z,
http://www.wikidata.org/entity/Q281258,Charles Sabatier,1923-04-17T00:00:00Z,
http://www.wikidata.org/entity/Q94054,,1914-10-20T00:00:00Z,
http://www.wikidata.org/entity/Q18541761,,1932-08-11T00:00:00Z,
http://www.wikidata.org/entity/Q371639,,1912-08-08T00:00:00Z,
http://www.wikidata.org/entity/Q15026297,,1926-07-22T00:00:00Z,
http://www.wikidata.org/entity/Q940144,,1912-08-15T00:00:00Z,
http://www.wikidata.org/entity/Q9345420,,1920-11-07T00:00:00Z,
http://www.wikidata.org/entity/Q456245,,1912-01-19T00:00:00Z,
http://www.wikidata.org/entity/Q6241173,,1917-08-25T00:00:00Z,
http://www.wikidata.org/entity/Q11692215,,1922-05-08T00:00:00Z,
http://www.wikidata.org/entity/Q27686721,,1935-08-04T00:00:00Z,
http://www.wikidata.org/entity/Q5982082,,1913-05-09T00:00:00Z,
http://www.wikidata.org/entity/Q10393398,,1916-10-28T00:00:00Z,
http://www.wikidata.org/entity/Q242095,,1906-10-16T00:00:00Z,
http://www.wikidata.org/entity/Q3187871,,1933-02-12T00:00:00Z,Роберт Коулсон
http://www.wikidata.org/entity/Q28020353,,1934-12-14T00:00:00Z,Джеймс Блиш
http://www.wikidata.org/entity/Q278573,George Whitely,1912-03-28T00:00:00Z,
http://www.wikidata.org/entity/Q5321841,,1908-10-08T00:00:00Z,
http://www.wikidata.org/entity/Q17280045,,1920-07-03T00:00:00Z,
http://www.wikidata.org/entity/Q23536553,,1924-08-13T00:00:00Z,
http://www.wikidata.org/entity/Q15971533,,1915-12-23T00:00:00Z,
http://www.wikidata.org/entity/Q2714592,,1900-09-01T00:00:00Z,
http://www.wikidata.org/entity/Q373541,,1897-07-23T00:00:00Z,
http://www.wikidata.org/entity/Q5099598,Norman Menasco,1915-03-01T00:00:00Z,
http://www.wikidata.org/entity/Q371925,,1895-04-15T00:00:00Z,
http://www.wikidata.org/entity/Q4939137,,1897-06-04T00:00:00Z,
http://www.wikidata.org/entity/Q55164133,,1941-06-06T00:00:00Z,
http://www.wikidata.org/entity/Q325428,,1893-07-07T00:00:00Z,Bela Krleža
http://www.wikidata.org/entity/Q946092,John Amila,1910-11-24T00:00:00Z,
http://www.wikidata.org/entity/Q946092,Jean Amila,1910-11-24T00:00:00Z,
http://www.wikidata.org/entity/Q6246991,,1886-05-16T00:00:00Z,
http://www.wikidata.org/entity/Q784797,H. Warner Munn,1903-11-05T00:00:00Z,
http://www.wikidata.org/entity/Q64825291,,1943-07-08T00:00:00Z,
http://www.wikidata.org/entity/Q6175507,,1913-01-01T00:00:00Z,Jean Sutton
http://www.wikidata.org/entity/Q3395844,,1926-10-02T00:00:00Z,Elizabeth Morris
http://www.wikidata.org/entity/Q1346883,,1937-09-01T00:00:00Z,Susanne Krage
http://www.wikidata.org/entity/Q224029,,1885-07-26T00:00:00Z,Симона де Кайяве
http://www.wikidata.org/entity/Q35064,Mary Westmacott,1890-09-15T00:00:00Z,Арчи Кристи
http://www.wikidata.org/entity/Q84357677,,1946-01-01T00:00:00Z,
http://www.wikidata.org/entity/Q57901667,,1919-10-02T00:00:00Z,
http://www.wikidata.org/entity/Q1379,,1938-07-27T00:00:00Z,Gail Carpenter
http://www.wikidata.org/entity/Q1379,,1938-07-27T00:00:00Z,Mary Jo Powell
http://www.wikidata.org/entity/Q94908354,,1951-01-01T00:00:00Z,
http://www.wikidata.org/entity/Q238438,Anna Kendall,1948-01-20T00:00:00Z,Jack Skillingstead
http://www.wikidata.org/entity/Q59265161,,1914-02-24T00:00:00Z,
http://www.wikidata.org/entity/Q35064,Mary Westmacott,1890-09-15T00:00:00Z,Макс Маллован
http://www.wikidata.org/entity/Q3363805,,1940-04-13T00:00:00Z,Sandra Margaretha Holm
http://www.wikidata.org/entity/Q918443,,1955-05-28T00:00:00Z,Mary Turzillo
http://www.wikidata.org/entity/Q1278904,Nigel Neale,1922-04-18T00:00:00Z,Джудит Керр
http://www.wikidata.org/entity/Q3166026,,,
http://www.wikidata.org/entity/Q67875053,,,
http://www.wikidata.org/entity/Q96382113,,,
http://www.wikidata.org/entity/Q96461704,,,
http://www.wikidata.org/entity/Q112054256,,,
http://www.wikidata.org/entity/Q120728154,,,
http://www.wikidata.org/entity/Q120728204,,,
http://www.wikidata.org/entity/Q705074,,1927-12-16T00:00:00Z,Mary Rose Barnard
http://www.wikidata.org/entity/Q387693,,1956-03-29T00:00:00Z,
http://www.wikidata.org/entity/Q539418,,1955-01-30T00:00:00Z,
http://www.wikidata.org/entity/Q266947,,1953-09-10T00:00:00Z,
http://www.wikidata.org/entity/Q104839624,,1920-02-18T00:00:00Z,
http://www.wikidata.org/entity/Q3158187,,1954-07-14T00:00:00Z,
http://www.wikidata.org/entity/Q29979434,N. C. Henneberg,1899-11-02T00:00:00Z,Натали Хеннеберг
http://www.wikidata.org/entity/Q3022621,,1954-01-01T00:00:00Z,
http://www.wikidata.org/entity/Q2456963,,1953-04-03T00:00:00Z,
http://www.wikidata.org/entity/Q940958,,1951-05-09T00:00:00Z,
http://www.wikidata.org/entity/Q3430614,,1953-08-16T00:00:00Z,
http://www.wikidata.org/entity/Q229369,,1949-11-02T00:00:00Z,
http://www.wikidata.org/entity/Q3195779,,1950-11-29T00:00:00Z,
http://www.wikidata.org/entity/Q3187526,,1949-09-29T00:00:00Z,
http://www.wikidata.org/entity/Q4383379,,1950-02-07T00:00:00Z,
http://www.wikidata.org/entity/Q922071,,1944-07-09T00:00:00Z,
http://www.wikidata.org/entity/Q12740681,Crișan Făgerașu,1923-01-01T00:00:00Z,
http://www.wikidata.org/entity/Q7149951,,1950-01-01T00:00:00Z,
http://www.wikidata.org/entity/Q131412908,,1935-07-14T00:00:00Z,
http://www.wikidata.org/entity/Q560434,,1942-06-25T00:00:00Z,
http://www.wikidata.org/entity/Q708198,,1942-03-07T00:00:00Z,
http://www.wikidata.org/entity/Q7497588,,1947-12-24T00:00:00Z,
http://www.wikidata.org/entity/Q29979758,N. C. Henneberg,,
http://www.wikidata.org/entity/Q3165897,,1943-04-20T00:00:00Z,
http://www.wikidata.org/entity/Q7668220,,1947-07-15T00:00:00Z,
http://www.wikidata.org/entity/Q6834335,,1946-07-03T00:00:00Z,
http://www.wikidata.org/entity/Q3083899,,1941-12-04T00:00:00Z,
http://www.wikidata.org/entity/Q3158238,,1941-11-28T00:00:00Z,
http://www.wikidata.org/entity/Q639538,,1938-11-22T00:00:00Z,
http://www.wikidata.org/entity/Q16185512,,1953-06-23T00:00:00Z,
http://www.wikidata.org/entity/Q2394387,,1939-02-11T00:00:00Z,
http://www.wikidata.org/entity/Q545905,,1935-01-01T00:00:00Z,
http://www.wikidata.org/entity/Q3384020,,1937-06-15T00:00:00Z,
http://www.wikidata.org/entity/Q7031405,,1941-01-08T00:00:00Z,
http://www.wikidata.org/entity/Q4404279,,1938-03-22T00:00:00Z,
http://www.wikidata.org/entity/Q5905159,,1939-07-19T00:00:00Z,
http://www.wikidata.org/entity/Q111215593,,1906-01-01T00:00:00Z,
http://www.wikidata.org/entity/Q6317823,,1938-07-10T00:00:00Z,
http://www.wikidata.org/entity/Q2742746,Vladimir Colin,1921-05-01T00:00:00Z,Marcela Cordescu
http://www.wikidata.org/entity/Q2742746,Ștefan Colin,1921-05-01T00:00:00Z,Marcela Cordescu
http://www.wikidata.org/entity/Q3132477,,1933-01-06T00:00:00Z,
http://www.wikidata.org/entity/Q301372,,1928-09-20T00:00:00Z,
http://www.wikidata.org/entity/Q274623,,1928-07-28T00:00:00Z,
http://www.wikidata.org/entity/Q3436347,,1930-01-06T00:00:00Z,
http://www.wikidata.org/entity/Q106391,,1920-11-17T00:00:00Z,Kurt Preis
http://www.wikidata.org/entity/Q120728220,,1907-05-09T00:00:00Z,
http://www.wikidata.org/entity/Q94280,Jay Street,1927-06-12T00:00:00Z,
http://www.wikidata.org/entity/Q2742746,Vladimir Colin,1921-05-01T00:00:00Z,Nina Cassian
http://www.wikidata.org/entity/Q2742746,Ștefan Colin,1921-05-01T00:00:00Z,Nina Cassian
http://www.wikidata.org/entity/Q15485269,,1939-01-01T00:00:00Z,
http://www.wikidata.org/entity/Q5297974,,1928-10-11T00:00:00Z,
http://www.wikidata.org/entity/Q5668857,,1928-09-10T00:00:00Z,
http://www.wikidata.org/entity/Q78174,,1922-08-07T00:00:00Z,
http://www.wikidata.org/entity/Q1414834,,1923-10-14T00:00:00Z,
http://www.wikidata.org/entity/Q11618645,,1933-04-12T00:00:00Z,
http://www.wikidata.org/entity/Q6112002,,1945-02-15T00:00:00Z,Janeen Webb
http://www.wikidata.org/entity/Q3763132,,1923-07-02T00:00:00Z,
http://www.wikidata.org/entity/Q2848588,,1922-08-07T00:00:00Z,
http://www.wikidata.org/entity/Q427403,,1918-04-01T00:00:00Z,
http://www.wikidata.org/entity/Q1088596,,1918-09-21T00:00:00Z,
http://www.wikidata.org/entity/Q3107831,,1920-02-26T00:00:00Z,
http://www.wikidata.org/entity/Q3123759,,1920-02-25T00:00:00Z,
http://www.wikidata.org/entity/Q2275423,,1918-12-15T00:00:00Z,
http://www.wikidata.org/entity/Q5294012,,1921-08-08T00:00:00Z,
http://www.wikidata.org/entity/Q215856,,1915-01-07T00:00:00Z,
http://www.wikidata.org/entity/Q321790,,1915-01-29T00:00:00Z,
http://www.wikidata.org/entity/Q1130219,,1914-12-27T00:00:00Z,
http://www.wikidata.org/entity/Q28691768,,1942-01-01T00:00:00Z,
http://www.wikidata.org/entity/Q906193,,1914-06-27T00:00:00Z,
http://www.wikidata.org/entity/Q6490249,,1919-12-21T00:00:00Z,
http://www.wikidata.org/entity/Q201580,,1909-12-21T00:00:00Z,
http://www.wikidata.org/entity/Q602702,Jimmy Guieu,1926-03-19T00:00:00Z,
http://www.wikidata.org/entity/Q16490257,,1922-05-09T00:00:00Z,
http://www.wikidata.org/entity/Q3820169,,1905-05-14T00:00:00Z,
http://www.wikidata.org/entity/Q43654540,,1944-06-07T00:00:00Z,
http://www.wikidata.org/entity/Q3892030,,1933-07-17T00:00:00Z,Генрих Саулович Альтшуллер
http://www.wikidata.org/entity/Q1189595,,1897-01-08T00:00:00Z,
http://www.wikidata.org/entity/Q27225791,,1922-02-01T00:00:00Z,
http://www.wikidata.org/entity/Q104767550,S. N. Dyer,1952-01-01T00:00:00Z,
http://www.wikidata.org/entity/Q1727806,Peter Tremayne,1943-03-10T00:00:00Z,
http://www.wikidata.org/entity/Q1727806,Peter MacAlan,1943-03-10T00:00:00Z,
http://www.wikidata.org/entity/Q1176217,Darryl R. Groupe,1925-08-07T00:00:00Z,
http://www.wikidata.org/entity/Q18603867,Vladimír Černý,1910-09-02T00:00:00Z,
http://www.wikidata.org/entity/Q18603867,Vladimír Dvorecký,1910-09-02T00:00:00Z,
http://www.wikidata.org/entity/Q5949687,Mark Savage,1929-10-28T00:00:00Z,
http://www.wikidata.org/entity/Q5949687,Curtis Garland,1929-10-28T00:00:00Z,
http://www.wikidata.org/entity/Q5949687,Donald Curtis,1929-10-28T00:00:00Z,
http://www.wikidata.org/entity/Q5949687,John Garland,1929-10-28T00:00:00Z,
http://www.wikidata.org/entity/Q5949687,Javier de Juan,1929-10-28T00:00:00Z,
http://www.wikidata.org/entity/Q5949687,Addison Starr,1929-10-28T00:00:00Z,
http://www.wikidata.org/entity/Q5949687,Adisson Star,1929-10-28T00:00:00Z,
http://www.wikidata.org/entity/Q5949687,Dan Kirby,1929-10-28T00:00:00Z,
http://www.wikidata.org/entity/Q5949687,Elliot Turner,1929-10-28T00:00:00Z,
http://www.wikidata.org/entity/Q5949687,Frank Logan,1929-10-28T00:00:00Z,
http://www.wikidata.org/entity/Q5949687,Glenn Forrester,1929-10-28T00:00:00Z,
http://www.wikidata.org/entity/Q5949687,Jason Monroe,1929-10-28T00:00:00Z,
http://www.wikidata.org/entity/Q5949687,Johnny Garland,1929-10-28T00:00:00Z,
http://www.wikidata.org/entity/Q5949687,Juan Viñas,1929-10-28T00:00:00Z,
http://www.wikidata.org/entity/Q5949687,Kent Davis,1929-10-28T00:00:00Z,
http://www.wikidata.org/entity/Q5949687,Lester Madox,1929-10-28T00:00:00Z,
http://www.wikidata.org/entity/Q5949687,Martha Cendy,1929-10-28T00:00:00Z,
http://www.wikidata.org/entity/Q5949687,Walt Sheridan,1929-10-28T00:00:00Z,
http://www.wikidata.org/entity/Q5833854,Alex Simmons,1918-08-08T00:00:00Z,
http://www.wikidata.org/entity/Q5833854,Alan Comet,1918-08-08T00:00:00Z,
http://www.wikidata.org/entity/Q5833854,Bill Laramie,1918-08-08T00:00:00Z,
http://www.wikidata.org/entity/Q5833854,Charlotte Duval,1918-08-08T00:00:00Z,
http://www.wikidata.org/entity/Q5833854,Dan Nichols,1918-08-08T00:00:00Z,
http://www.wikidata.org/entity/Q5833854,E. L. Retamosa,1918-08-08T00:00:00Z,
http://www.wikidata.org/entity/Q5833854,Erik Von Waldeyen,1918-08-08T00:00:00Z,
http://www.wikidata.org/entity/Q5833854,Frank Krieg,1918-08-08T00:00:00Z,
http://www.wikidata.org/entity/Q5833854,H. S. Thels,1918-08-08T00:00:00Z,
http://www.wikidata.org/entity/Q5833854,Hans Klüberg,1918-08-08T00:00:00Z,
http://www.wikidata.org/entity/Q5833854,Harry Cowerland,1918-08-08T00:00:00Z,
http://www.wikidata.org/entity/Q5833854,Isaias Bronstein,1918-08-08T00:00:00Z,
http://www.wikidata.org/entity/Q5833854,Karl Von Vereiter,1918-08-08T00:00:00Z,
http://www.wikidata.org/entity/Q5833854,Klaus Von Mekemblerg,1918-08-08T00:00:00Z,
http://www.wikidata.org/entity/Q5833854,Law Space,1918-08-08T00:00:00Z,
http://www.wikidata.org/entity/Q5833854,Lewis Altable,1918-08-08T00:00:00Z,
http://www.wikidata.org/entity/Q5833854,Lionel Sheridan,1918-08-08T00:00:00Z,
http://www.wikidata.org/entity/Q5833854,Ludwing Kranz,1918-08-08T00:00:00Z,
http://www.wikidata.org/entity/Q5833854,Ludwyn Wassermann,1918-08-08T00:00:00Z,
http://www.wikidata.org/entity/Q5833854,Max Altable,1918-08-08T00:00:00Z,
http://www.wikidata.org/entity/Q5833854,Oskar Soren,1918-08-08T00:00:00Z,
http://www.wikidata.org/entity/Q5833854,Pat MacGregor,1918-08-08T00:00:00Z,
http://www.wikidata.org/entity/Q5833854,Paul Lanvier,1918-08-08T00:00:00Z,
http://www.wikidata.org/entity/Q5833854,Richard S. Moore,1918-08-08T00:00:00Z,
http://www.wikidata.org/entity/Q5833854,W. Sampas,1918-08-08T00:00:00Z,
http://www.wikidata.org/entity/Q62819672,,1938-01-01T00:00:00Z,
http://www.wikidata.org/entity/Q54945,Olof Johannesson,1908-05-30T00:00:00Z,Kerstin Alfvén
http://www.wikidata.org/entity/Q1815038,,1951-06-04T00:00:00Z,Кристофер Прист
http://www.wikidata.org/entity/Q103707994,Will Worthington,,
http://www.wikidata.org/entity/Q66370354,,1927-04-05T00:00:00Z,Adrian Rogoz
http://www.wikidata.org/entity/Q79402912,,1940-03-13T00:00:00Z,
http://www.wikidata.org/entity/Q844501,,1915-01-12T00:00:00Z,"Григорьева, Екатерина Павловна"
http://www.wikidata.org/entity/Q844501,,1914-12-30T00:00:00Z,"Григорьева, Екатерина Павловна"
http://www.wikidata.org/entity/Q295009,Marielle Lefevre,1920-03-12T00:00:00Z,Jacques Aubenque
http://www.wikidata.org/entity/Q64629259,,1905-10-19T00:00:00Z,
http://www.wikidata.org/entity/Q713747,,1957-12-09T00:00:00Z,Hélène Devynck
http://www.wikidata.org/entity/Q705074,,1927-12-16T00:00:00Z,Robin McKinley
http://www.wikidata.org/entity/Q2366790,N. C. Henneberg,1910-10-23T00:00:00Z,Charles Henneberg
http://www.wikidata.org/entity/Q114903161,,1948-10-15T00:00:00Z,
http://www.wikidata.org/entity/Q725475,J.-H. Rosny aîné,1856-02-17T00:00:00Z,
http://www.wikidata.org/entity/Q725475,aîné Rosny,1856-02-17T00:00:00Z,
http://www.wikidata.org/entity/Q6769252,,,
http://www.wikidata.org/entity/Q55749698,,,
http://www.wikidata.org/entity/Q62625134,,,
http://www.wikidata.org/entity/Q66132339,,,
http://www.wikidata.org/entity/Q131413336,,,
http://www.wikidata.org/entity/Q131438545,,,
http://www.wikidata.org/entity/Q131438572,,,
http://www.wikidata.org/entity/Q131460604,,,
http://www.wikidata.org/entity/Q131460605,,,
http://www.wikidata.org/entity/Q131460616,,,
http://www.wikidata.org/entity/Q1434925,,1955-02-07T00:00:00Z,Laura J. Mixon
http://www.wikidata.org/entity/Q1919410,,1960-01-01T00:00:00Z,
http://www.wikidata.org/entity/Q131438552,,1949-09-19T00:00:00Z,
http://www.wikidata.org/entity/Q1346691,,1957-09-26T00:00:00Z,
http://www.wikidata.org/entity/Q2904845,,1946-04-14T00:00:00Z,Elizabeth E. Monteleone
http://www.wikidata.org/entity/Q7416713,,1941-11-25T00:00:00Z,John Miesel
http://www.wikidata.org/entity/Q2959842,,1958-01-03T00:00:00Z,
http://www.wikidata.org/entity/Q352346,,1954-08-29T00:00:00Z,
http://www.wikidata.org/entity/Q131438589,,1946-07-07T00:00:00Z,
http://www.wikidata.org/entity/Q3014671,,1955-11-07T00:00:00Z,
http://www.wikidata.org/entity/Q130387021,,1943-01-01T00:00:00Z,
http://www.wikidata.org/entity/Q134714277,,1946-08-19T00:00:00Z,
http://www.wikidata.org/entity/Q1894619,,1952-03-23T00:00:00Z,
http://www.wikidata.org/entity/Q5229857,,1955-02-23T00:00:00Z,
http://www.wikidata.org/entity/Q2891712,,1952-06-21T00:00:00Z,
http://www.wikidata.org/entity/Q2043557,,1951-03-16T00:00:00Z,
http://www.wikidata.org/entity/Q130387021,,1941-01-01T00:00:00Z,
http://www.wikidata.org/entity/Q7610651,Stephen Tall,1908-06-14T00:00:00Z,
http://www.wikidata.org/entity/Q1743487,,1950-03-22T00:00:00Z,
http://www.wikidata.org/entity/Q6755896,,1954-08-01T00:00:00Z,
http://www.wikidata.org/entity/Q271973,Mary Maxwell,1955-03-09T00:00:00Z,
http://www.wikidata.org/entity/Q271973,Max Merriwell,1955-03-09T00:00:00Z,
http://www.wikidata.org/entity/Q271973,Weldon Merrimax,1955-03-09T00:00:00Z,
http://www.wikidata.org/entity/Q131438556,,1939-09-22T00:00:00Z,
http://www.wikidata.org/entity/Q2965443,,1948-12-11T00:00:00Z,
http://www.wikidata.org/entity/Q5529502,,1951-01-01T00:00:00Z,
http://www.wikidata.org/entity/Q3058987,,1948-06-27T00:00:00Z,
http://www.wikidata.org/entity/Q3168938,,1948-07-16T00:00:00Z,
http://www.wikidata.org/entity/Q462138,,1953-12-10T00:00:00Z,Дон Мейц
http://www.wikidata.org/entity/Q1699781,,1946-08-03T00:00:00Z,
http://www.wikidata.org/entity/Q3087471,,1947-08-05T00:00:00Z,
http://www.wikidata.org/entity/Q9152653,,1953-01-06T00:00:00Z,
http://www.wikidata.org/entity/Q3292716,,1947-02-18T00:00:00Z,
http://www.wikidata.org/entity/Q9154053,,1952-10-14T00:00:00Z,
http://www.wikidata.org/entity/Q7609779,,1951-02-27T00:00:00Z,
http://www.wikidata.org/entity/Q720779,,1944-03-07T00:00:00Z,
http://www.wikidata.org/entity/Q1055110,,1944-06-21T00:00:00Z,
http://www.wikidata.org/entity/Q8008898,,1951-03-13T00:00:00Z,
http://www.wikidata.org/entity/Q288721,Ann Halam,1952-02-14T00:00:00Z,
http://www.wikidata.org/entity/Q687931,,1944-01-01T00:00:00Z,
http://www.wikidata.org/entity/Q1158494,,1944-04-22T00:00:00Z,
http://www.wikidata.org/entity/Q442474,,1943-02-20T00:00:00Z,
http://www.wikidata.org/entity/Q5539977,,1948-01-01T00:00:00Z,
http://www.wikidata.org/entity/Q7684758,,1950-01-01T00:00:00Z,
http://www.wikidata.org/entity/Q6221049,,1948-04-29T00:00:00Z,
http://www.wikidata.org/entity/Q6193337,,1948-01-01T00:00:00Z,
http://www.wikidata.org/entity/Q3035106,,1944-03-16T00:00:00Z,
http://www.wikidata.org/entity/Q6389932,,1947-06-23T00:00:00Z,
http://www.wikidata.org/entity/Q9374213,,1950-03-19T00:00:00Z,
http://www.wikidata.org/entity/Q6723974,,1946-12-27T00:00:00Z,
http://www.wikidata.org/entity/Q6812591,,1946-05-01T00:00:00Z,
http://www.wikidata.org/entity/Q537473,,1940-01-01T00:00:00Z,
http://www.wikidata.org/entity/Q3157753,,1942-03-25T00:00:00Z,
http://www.wikidata.org/entity/Q5055869,,1943-12-31T00:00:00Z,
http://www.wikidata.org/entity/Q10278389,,1948-11-15T00:00:00Z,
http://www.wikidata.org/entity/Q737626,Генрих Альтов,1926-10-15T00:00:00Z,Валентина Николаевна Журавлёва
http://www.wikidata.org/entity/Q5595763,,1943-07-17T00:00:00Z,
http://www.wikidata.org/entity/Q1669902,,1939-07-02T00:00:00Z,
http://www.wikidata.org/entity/Q6377079,,1943-12-01T00:00:00Z,
http://www.wikidata.org/entity/Q537473,,1938-01-01T00:00:00Z,
http://www.wikidata.org/entity/Q7970412,,1945-01-01T00:00:00Z,
http://www.wikidata.org/entity/Q7117321,,1944-01-13T00:00:00Z,
http://www.wikidata.org/entity/Q6514315,,1942-01-01T00:00:00Z,
http://www.wikidata.org/entity/Q464818,,1935-03-16T00:00:00Z,
http://www.wikidata.org/entity/Q7610390,,1941-07-13T00:00:00Z,
http://www.wikidata.org/entity/Q2277294,,1936-02-29T00:00:00Z,
http://www.wikidata.org/entity/Q134456,Yukio Mishima,1925-01-14T00:00:00Z,Ёко Хираока
http://www.wikidata.org/entity/Q134456,三島由紀夫,1925-01-14T00:00:00Z,Ёко Хираока
http://www.wikidata.org/entity/Q134456,榊山保,1925-01-14T00:00:00Z,Ёко Хираока
http://www.wikidata.org/entity/Q2061542,,1935-01-17T00:00:00Z,
http://www.wikidata.org/entity/Q690338,Isabel Glass,1953-11-21T00:00:00Z,
http://www.wikidata.org/entity/Q13563169,,1946-01-01T00:00:00Z,
http://www.wikidata.org/entity/Q314215,,1932-01-18T00:00:00Z,
http://www.wikidata.org/entity/Q450737,,1929-07-16T00:00:00Z,
http://www.wikidata.org/entity/Q7493045,,1935-10-29T00:00:00Z,
http://www.wikidata.org/entity/Q346490,,1928-10-12T00:00:00Z,
http://www.wikidata.org/entity/Q682325,Martha Conley,1948-04-26T00:00:00Z,
http://www.wikidata.org/entity/Q4721398,,1931-08-10T00:00:00Z,
http://www.wikidata.org/entity/Q11634096,,1938-05-25T00:00:00Z,
http://www.wikidata.org/entity/Q5246352,,1931-07-22T00:00:00Z,
http://www.wikidata.org/entity/Q4143658,,1930-01-14T00:00:00Z,
http://www.wikidata.org/entity/Q6283663,,1932-02-05T00:00:00Z,
http://www.wikidata.org/entity/Q4397875,,1929-08-30T00:00:00Z,
http://www.wikidata.org/entity/Q325664,John Cleve,1934-08-16T00:00:00Z,
http://www.wikidata.org/entity/Q325664,Turk Winter,1934-08-16T00:00:00Z,
http://www.wikidata.org/entity/Q2404462,,1926-07-03T00:00:00Z,
http://www.wikidata.org/entity/Q5442151,,1929-01-01T00:00:00Z,
http://www.wikidata.org/entity/Q15488995,,1936-06-26T00:00:00Z,
http://www.wikidata.org/entity/Q7154976,,1928-01-01T00:00:00Z,
http://www.wikidata.org/entity/Q2823959,,1922-10-04T00:00:00Z,
http://www.wikidata.org/entity/Q18378095,,1936-07-31T00:00:00Z,
http://www.wikidata.org/entity/Q189642,,1917-11-01T00:00:00Z,
http://www.wikidata.org/entity/Q2151601,,1919-02-20T00:00:00Z,
http://www.wikidata.org/entity/Q5423959,,1921-03-11T00:00:00Z,
http://www.wikidata.org/entity/Q613259,,1948-09-08T00:00:00Z,Роберт Линн Асприн
http://www.wikidata.org/entity/Q18436266,,1926-11-25T00:00:00Z,
http://www.wikidata.org/entity/Q15985087,,1923-10-26T00:00:00Z,
http://www.wikidata.org/entity/Q461336,,1907-01-28T00:00:00Z,
http://www.wikidata.org/entity/Q461336,,1907-01-15T00:00:00Z,
http://www.wikidata.org/entity/Q1356435,Michael McCollum,1946-01-01T00:00:00Z,
http://www.wikidata.org/entity/Q460329,,1889-07-10T00:00:00Z,"Синякова, Ксения Михайловна"
http://www.wikidata.org/entity/Q11763375,,1914-04-15T00:00:00Z,
http://www.wikidata.org/entity/Q905537,,1909-03-18T00:00:00Z,Варшавская Луэлла Александровна
http://www.wikidata.org/entity/Q11667241,,1904-07-01T00:00:00Z,
http://www.wikidata.org/entity/Q63116615,,1953-06-27T00:00:00Z,
http://www.wikidata.org/entity/Q55418878,,1945-04-07T00:00:00Z,
http://www.wikidata.org/entity/Q55587732,,1945-01-01T00:00:00Z,
http://www.wikidata.org/entity/Q55782530,,1944-07-01T00:00:00Z,
http://www.wikidata.org/entity/Q55702721,,1943-10-05T00:00:00Z,
http://www.wikidata.org/entity/Q56087835,,1944-01-01T00:00:00Z,
http://www.wikidata.org/entity/Q468267,Abram Terc,1925-10-08T00:00:00Z,"Розанова, Мария Васильевна"
http://www.wikidata.org/entity/Q468267,Abram Tertz,1925-10-08T00:00:00Z,"Розанова, Мария Васильевна"
http://www.wikidata.org/entity/Q66109169,,1952-06-29T00:00:00Z,
http://www.wikidata.org/entity/Q55722883,,1940-06-24T00:00:00Z,
http://www.wikidata.org/entity/Q66474019,,1951-01-01T00:00:00Z,
http://www.wikidata.org/entity/Q55594586,,1939-06-20T00:00:00Z,
http://www.wikidata.org/entity/Q204868,,1884-02-01T00:00:00Z,
http://www.wikidata.org/entity/Q967627,,1933-02-14T00:00:00Z,Patricia Monaghan
http://www.wikidata.org/entity/Q1363261,,1882-10-08T00:00:00Z,
http://www.wikidata.org/entity/Q66443239,,1946-09-01T00:00:00Z,
http://www.wikidata.org/entity/Q4357621,,1941-12-18T00:00:00Z,Barbara Delaplace
http://www.wikidata.org/entity/Q45742135,,1926-01-30T00:00:00Z,
http://www.wikidata.org/entity/Q79622321,,1955-10-05T00:00:00Z,
http://www.wikidata.org/entity/Q7129138,Pamela Dean,1953-01-01T00:00:00Z,David Dyer-Bennet
http://www.wikidata.org/entity/Q6513805,Harold G. Nye,1937-02-19T00:00:00Z,
http://www.wikidata.org/entity/Q79796424,,1951-11-15T00:00:00Z,
http://www.wikidata.org/entity/Q497925,А. Ром,1884-03-16T00:00:00Z,
http://www.wikidata.org/entity/Q497925,Арбел,1884-03-16T00:00:00Z,
http://www.wikidata.org/entity/Q56849881,,1917-09-17T00:00:00Z,
http://www.wikidata.org/entity/Q66371340,,1925-12-19T00:00:00Z,
http://www.wikidata.org/entity/Q266127,Daniil Charms,1905-12-30T00:00:00Z,"Малич, Марина Владимировна"
http://www.wikidata.org/entity/Q266127,Хармс,1905-12-30T00:00:00Z,"Малич, Марина Владимировна"
http://www.wikidata.org/entity/Q8865632,,1865-11-10T00:00:00Z,
http://www.wikidata.org/entity/Q7357638,,1909-01-01T00:00:00Z,Mari Wolf
http://www.wikidata.org/entity/Q106776275,,1942-09-01T00:00:00Z,
http://www.wikidata.org/entity/Q11873271,,1938-05-09T00:00:00Z,Irma Kukkasjärvi
http://www.wikidata.org/entity/Q3106537,Julia Verlanger,1929-12-07T00:00:00Z,
http://www.wikidata.org/entity/Q3106537,Gilles Thomas,1929-12-07T00:00:00Z,
http://www.wikidata.org/entity/Q2966644,,,
http://www.wikidata.org/entity/Q3309823,,,
http://www.wikidata.org/entity/Q5091952,,,
http://www.wikidata.org/entity/Q19955647,,,
http://www.wikidata.org/entity/Q55726207,,,
http://www.wikidata.org/entity/Q61655476,,,
http://www.wikidata.org/entity/Q106777978,,,
http://www.wikidata.org/entity/Q108919236,,,
http://www.wikidata.org/entity/Q112236111,,,
http://www.wikidata.org/entity/Q121769621,,,
http://www.wikidata.org/entity/Q131468048,,,
http://www.wikidata.org/entity/Q131468054,,,
http://www.wikidata.org/entity/Q131468062,,,
http://www.wikidata.org/entity/Q131468066,,,
http://www.wikidata.org/entity/Q131468076,,,
http://www.wikidata.org/entity/Q131468077,,,
http://www.wikidata.org/entity/Q134705901,,,
http://www.wikidata.org/entity/Q134714098,,,
http://www.wikidata.org/entity/Q134714104,,,
http://www.wikidata.org/entity/Q136816486,,,
http://www.wikidata.org/entity/Q139681764,,,
http://www.wikidata.org/entity/Q112585291,,1938-06-04T00:00:00Z,
http://www.wikidata.org/entity/Q97670663,,1919-07-11T00:00:00Z,
http://www.wikidata.org/entity/Q2521946,,1960-08-03T00:00:00Z,
http://www.wikidata.org/entity/Q3310501,,1961-01-01T00:00:00Z,
http://www.wikidata.org/entity/Q720797,,1956-01-01T00:00:00Z,
http://www.wikidata.org/entity/Q3309917,,1958-06-01T00:00:00Z,
http://www.wikidata.org/entity/Q130804287,,1947-01-01T00:00:00Z,
http://www.wikidata.org/entity/Q240786,,1953-12-15T00:00:00Z,
http://www.wikidata.org/entity/Q3167419,,1956-05-13T00:00:00Z,
http://www.wikidata.org/entity/Q1396763,,1953-10-26T00:00:00Z,
http://www.wikidata.org/entity/Q131502452,,1945-01-01T00:00:00Z,
http://www.wikidata.org/entity/Q1177322,,1952-11-28T00:00:00Z,
http://www.wikidata.org/entity/Q131502449,,1944-07-06T00:00:00Z,
http://www.wikidata.org/entity/Q3136498,,1954-05-30T00:00:00Z,
http://www.wikidata.org/entity/Q373836,,1951-04-11T00:00:00Z,
http://www.wikidata.org/entity/Q2598859,,1952-07-17T00:00:00Z,
http://www.wikidata.org/entity/Q473289,,1950-05-06T00:00:00Z,
http://www.wikidata.org/entity/Q132886874,,1943-10-17T00:00:00Z,
http://www.wikidata.org/entity/Q3173067,,1952-05-04T00:00:00Z,
http://www.wikidata.org/entity/Q3116368,,1951-05-13T00:00:00Z,
http://www.wikidata.org/entity/Q7436024,,1955-04-27T00:00:00Z,
http://www.wikidata.org/entity/Q4954089,,1952-09-01T00:00:00Z,
http://www.wikidata.org/entity/Q2846765,,1949-06-17T00:00:00Z,
http://www.wikidata.org/entity/Q4684937,,1949-07-22T00:00:00Z,
http://www.wikidata.org/entity/Q3476175,,1947-09-29T00:00:00Z,
http://www.wikidata.org/entity/Q6829419,,1951-01-01T00:00:00Z,
http://www.wikidata.org/entity/Q3525611,,1947-05-10T00:00:00Z,
http://www.wikidata.org/entity/Q134714108,,1939-10-31T00:00:00Z,
http://www.wikidata.org/entity/Q3081310,,1946-07-27T00:00:00Z,
http://www.wikidata.org/entity/Q6742297,,1949-12-03T00:00:00Z,
http://www.wikidata.org/entity/Q3368929,,1946-01-11T00:00:00Z,
http://www.wikidata.org/entity/Q1253960,,1943-09-04T00:00:00Z,
http://www.wikidata.org/entity/Q7701946,,1947-02-02T00:00:00Z,
http://www.wikidata.org/entity/Q1163069,,1940-03-10T00:00:00Z,
http://www.wikidata.org/entity/Q3379947,,1941-11-01T00:00:00Z,
http://www.wikidata.org/entity/Q3169410,,1941-05-25T00:00:00Z,
http://www.wikidata.org/entity/Q7976774,,1946-01-01T00:00:00Z,
http://www.wikidata.org/entity/Q5258392,,1943-03-30T00:00:00Z,
http://www.wikidata.org/entity/Q3159589,,1941-02-01T00:00:00Z,
http://www.wikidata.org/entity/Q134714115,,1934-01-01T00:00:00Z,
http://www.wikidata.org/entity/Q2998315,,1940-06-04T00:00:00Z,
http://www.wikidata.org/entity/Q17580209,,1954-03-01T00:00:00Z,
http://www.wikidata.org/entity/Q3169293,,1939-10-18T00:00:00Z,
http://www.wikidata.org/entity/Q604524,,1937-01-03T00:00:00Z,
http://www.wikidata.org/entity/Q3309446,,1939-07-17T00:00:00Z,
http://www.wikidata.org/entity/Q11473619,,1947-01-16T00:00:00Z,
http://www.wikidata.org/entity/Q2158989,,1936-10-28T00:00:00Z,
http://www.wikidata.org/entity/Q715241,,1935-04-14T00:00:00Z,
http://www.wikidata.org/entity/Q5549653,,1939-08-12T00:00:00Z,
http://www.wikidata.org/entity/Q12148093,,1946-01-31T00:00:00Z,
http://www.wikidata.org/entity/Q5493206,,1939-06-20T00:00:00Z,
http://www.wikidata.org/entity/Q16122829,,1948-06-09T00:00:00Z,
http://www.wikidata.org/entity/Q714485,Jon Williams,1953-01-01T00:00:00Z,
http://www.wikidata.org/entity/Q16864015,,1943-05-17T00:00:00Z,
http://www.wikidata.org/entity/Q843541,,1926-08-09T00:00:00Z,
http://www.wikidata.org/entity/Q11730608,,1936-10-17T00:00:00Z,
http://www.wikidata.org/entity/Q2426243,,1926-08-29T00:00:00Z,
http://www.wikidata.org/entity/Q5236295,,1929-03-26T00:00:00Z,
http://www.wikidata.org/entity/Q3309176,,1927-03-28T00:00:00Z,
http://www.wikidata.org/entity/Q17350953,,1941-01-07T00:00:00Z,
http://www.wikidata.org/entity/Q2978235,,1925-09-29T00:00:00Z,
http://www.wikidata.org/entity/Q537306,,1926-05-26T00:00:00Z,Calvin Gotlieb
http://www.wikidata.org/entity/Q537306,,1926-05-25T00:00:00Z,Calvin Gotlieb
http://www.wikidata.org/entity/Q19945147,,1941-09-05T00:00:00Z,
http://www.wikidata.org/entity/Q21294700,,1943-01-01T00:00:00Z,
http://www.wikidata.org/entity/Q3259683,Lortac,1884-11-19T00:00:00Z,
http://www.wikidata.org/entity/Q3259683,Coralld,1884-11-19T00:00:00Z,
http://www.wikidata.org/entity/Q3259683,Corrald,1884-11-19T00:00:00Z,
http://www.wikidata.org/entity/Q3259683,R. Lortac,1884-11-19T00:00:00Z,
http://www.wikidata.org/entity/Q937287,,1922-05-20T00:00:00Z,
http://www.wikidata.org/entity/Q25089,,1935-11-30T00:00:00Z,Сун-И Превин
http://www.wikidata.org/entity/Q3106046,,1924-01-16T00:00:00Z,
http://www.wikidata.org/entity/Q3263175,,1923-10-25T00:00:00Z,
http://www.wikidata.org/entity/Q3172558,,1923-07-01T00:00:00Z,
http://www.wikidata.org/entity/Q345965,,1920-05-25T00:00:00Z,
http://www.wikidata.org/entity/Q3124693,,1921-10-07T00:00:00Z,
http://www.wikidata.org/entity/Q7613696,,1950-01-01T00:00:00Z,Melanie Tem
http://www.wikidata.org/entity/Q131921536,,1908-02-21T00:00:00Z,
http://www.wikidata.org/entity/Q1627887,,1914-04-26T00:00:00Z,
http://www.wikidata.org/entity/Q3103495,,1914-09-24T00:00:00Z,
http://www.wikidata.org/entity/Q3301070,,1914-09-23T00:00:00Z,
http://www.wikidata.org/entity/Q4523196,,1915-08-27T00:00:00Z,
http://www.wikidata.org/entity/Q386035,,1911-07-30T00:00:00Z,
http://www.wikidata.org/entity/Q327638,,1908-02-21T00:00:00Z,
http://www.wikidata.org/entity/Q20807894,,1924-10-05T00:00:00Z,
http://www.wikidata.org/entity/Q57282033,,1958-09-02T00:00:00Z,
http://www.wikidata.org/entity/Q18611120,,1920-01-01T00:00:00Z,
http://www.wikidata.org/entity/Q3081398,,1902-12-21T00:00:00Z,
http://www.wikidata.org/entity/Q27941073,Red Ilan,1933-03-28T00:00:00Z,
http://www.wikidata.org/entity/Q5006331,C. C. MacApp,1913-11-27T00:00:00Z,
http://www.wikidata.org/entity/Q62604573,,1958-02-06T00:00:00Z,
http://www.wikidata.org/entity/Q4346825,,1897-12-26T00:00:00Z,
http://www.wikidata.org/entity/Q3170830,,1894-09-12T00:00:00Z,
http://www.wikidata.org/entity/Q66439527,,1956-01-01T00:00:00Z,
http://www.wikidata.org/entity/Q7052456,,1895-09-21T00:00:00Z,
http://www.wikidata.org/entity/Q6167797,Jayge Carr,1940-07-07T00:00:00Z,
http://www.wikidata.org/entity/Q111153534,,1923-05-29T00:00:00Z,Пол Смит
http://www.wikidata.org/entity/Q62894141,,1949-01-01T00:00:00Z,
http://www.wikidata.org/entity/Q56064820,,1937-01-01T00:00:00Z,
http://www.wikidata.org/entity/Q66371052,,1935-10-04T00:00:00Z,
http://www.wikidata.org/entity/Q6712675,Jane Beauclerk,1933-01-26T00:00:00Z,
http://www.wikidata.org/entity/Q31231,,1931-01-14T00:00:00Z,
http://www.wikidata.org/entity/Q55996284,,1917-06-20T00:00:00Z,
http://www.wikidata.org/entity/Q6243180,John Kippax,1915-06-10T00:00:00Z,
http://www.wikidata.org/entity/Q66110755,,1923-07-15T00:00:00Z,
http://www.wikidata.org/entity/Q55214071,,1912-01-01T00:00:00Z,
http://www.wikidata.org/entity/Q55417908,,1907-08-13T00:00:00Z,
http://www.wikidata.org/entity/Q3225509,Joe Stevens,1948-11-10T00:00:00Z,
http://www.wikidata.org/entity/Q3225509,Septimus Dale,1948-11-10T00:00:00Z,
http://www.wikidata.org/entity/Q3225509,Bruce Holt,1948-11-10T00:00:00Z,
http://www.wikidata.org/entity/Q3225509,Stiven Atli,1948-11-10T00:00:00Z,
http://www.wikidata.org/entity/Q3158092,Vincent Gallaix,1937-03-14T00:00:00Z,
http://www.wikidata.org/entity/Q2958922,Charles Marse,1929-04-08T00:00:00Z,
http://www.wikidata.org/entity/Q84263852,,1921-09-09T00:00:00Z,
http://www.wikidata.org/entity/Q2958511,Chuck Beaumont,1929-01-02T00:00:00Z,
http://www.wikidata.org/entity/Q2885805,Nicholas Fisk,1923-10-14T00:00:00Z,
